0,0,0,0,0,0,0,0,0,0,0,0,0,0,1,380,11434,364,1863,1161,220,56,0,0,0,0,0,0,0,0,706,0,7751,5562,8161,1370,12275,30575,753382,0,0,0,0,0,0
0,0,0,0,0,0,0,0,0,0,0,0,0,0,1,638,13048,328,3312,1352,464,104,0,0,0,0,0,0,0,0,512,0,7632,6196,9293,2904,9530,37152,742795,0,0,0,0,0,0
0,0,0,0,0,0,0,0,0,0,0,0,0,0,1,182,8163,45,4862,591,485,272,0,0,0,0,0,0,0,0,108,0,5416,7391,3141,4136,4640,31209,764619,0,0,0,0,0,0
0,0,0,0,0,0,0,0,0,0,0,0,1,0,3,470,9443,32,3559,270,819,7,0,0,0,0,0,1,0,0,94,0,5292,6948,2927,5425,4680,35084,760206,0,0,0,0,0,0
0,0,0,0,0,0,0,0,0,0,0,0,1,0,7,831,11431,12,2879,1159,510,44,0,0,0,0,0,0,0,1,18,0,4897,11420,7632,3120,3392,38953,748954,0,0,0,0,0,0
0,0,0,0,0,0,0,0,0,0,0,0,1,0,7,1038,9200,48,4074,798,941,188,0,0,0,0,0,0,0,0,114,1,6426,9863,5814,4098,5392,40172,747086,0,0,0,0,0,0
0,0,0,0,0,0,0,0,0,0,0,0,2,0,10,1652,6483,155,5768,525,736,351,0,0,0,0,0,0,0,0,404,0,5862,8992,4468,5726,6976,39568,591488,156095,0,0,0,0,0
0,0,0,0,0,0,0,0,0,0,0,0,2,0,16,2525,6438,295,4950,522,682,169,0,0,0,0,0,0,0,0,672,0,6599,7427,5654,5055,10235,39852,422581,321587,0,0,0,0,0
0,0,0,0,0,0,0,0,0,0,0,0,3,0,32,5112,6958,494,3230,948,604,108,0,0,0,0,0,1,0,4,983,2,8091,6900,7019,5051,14338,39259,317684,418440,0,0,0,0,0
0,0,0,0,0,0,0,0,0,0,0,0,6,0,60,4656,5576,432,4225,881,706,210,0,0,0,0,0,0,0,4,739,1,7465,7002,5746,6407,12239,39354,147050,592502,0,0,0,0,0
0,0,0,0,0,0,0,0,0,0,0,0,6,0,66,4726,5328,502,4090,963,819,275,0,0,2,0,0,1,0,7,639,0,7573,6969,5660,6511,11438,39633,137865,602188,0,0,0,0,0
0,0,0,0,0,0,0,0,0,0,0,0,6,1,114,5018,5381,620,4291,1189,1057,308,0,0,2,0,0,1,0,3,717,1,7601,7531,6247,6615,10439,41721,134232,602166,0,0,0,0,0
0,0,0,0,0,0,0,0,0,0,0,0,5,0,138,4636,5399,785,4181,1253,1243,312,0,0,0,0,0,3,0,5,725,3,7529,7544,6100,6611,11103,40964,133721,603001,0,0,0,0,0
0,0,0,0,0,0,0,0,0,0,0,0,7,1,168,5021,4743,1046,4461,1275,1322,399,0,0,0,0,3,4,0,6,834,0,7792,7684,6263,6949,11478,41049,136625,598131,0,0,0,0,0
0,0,0,0,0,0,0,0,0,0,0,0,7,2,202,5063,5064,1326,4359,1262,1442,502,0,0,1,0,2,3,0,2,922,8,8180,7695,6027,7560,12730,42032,146623,584247,0,0,0,0,0
0,0,0,0,0,0,0,0,0,0,0,0,8,0,254,4961,5162,1562,4016,1047,1340,347,0,0,1,0,1,3,1,10,997,11,7962,7554,5924,7432,12561,41771,149396,582940,0,0,0,0,0
0,0,0,0,0,0,0,0,0,0,0,0,10,1,333,4802,4995,1711,3692,977,1300,360,0,0,1,0,1,1,0,12,809,8,7901,7670,6213,6995,12065,41461,144104,589839,0,0,0,0,0
0,0,0,0,0,0,0,0,0,0,0,0,9,2,361,4715,4852,1862,3470,756,1346,254,0,0,3,1,0,3,1,17,773,3,7943,7332,5809,6682,12538,41071,142287,593171,0,0,0,0,0
0,0,0,0,0,0,0,0,0,0,0,0,15,3,414,4289,4727,2104,3083,594,1184,213,0,0,0,0,3,8,0,14,663,9,7351,7034,5581,6359,12421,40126,139126,599940,0,0,0,0,0
0,0,0,0,0,0,0,0,0,0,0,0,18,2,554,4088,4609,2235,2572,511,1119,187,0,0,4,0,3,3,1,20,651,7,7194,6765,5484,6536,11106,39916,132394,609282,0,0,0,0,0
0,0,0,0,0,0,0,0,0,0,0,0,21,2,682,4037,5110,2632,2653,455,1328,167,0,0,4,0,9,8,1,31,696,13,7175,7462,5783,6520,10717,41095,131213,607447,0,0,0,0,0
0,0,0,0,0,0,0,0,0,0,0,0,25,6,858,3760,5141,2887,2337,347,1398,154,0,0,6,2,8,6,1,26,736,20,7121,7056,5770,6564,10811,40166,132890,607165,0,0,0,0,0
0,0,0,0,0,0,0,0,0,0,0,0,26,8,851,3551,5271,3261,2034,237,1476,108,0,0,3,4,2,11,1,33,635,21,7212,7114,5555,6579,10575,40662,128830,611201,0,0,0,0,0
0,0,0,0,0,0,0,0,0,0,0,0,21,6,964,3603,5317,3512,1716,194,1450,116,0,0,3,1,4,12,3,36,606,28,7145,7447,5770,6626,10584,41095,138261,600741,0,0,0,0,0
0,0,0,0,0,0,0,0,0,0,0,0,25,5,1096,3438,5154,3921,1385,130,1539,61,0,0,4,2,2,7,2,43,661,31,7092,7281,5619,6509,10525,40300,129263,611166,0,0,0,0,0
0,0,0,0,0,0,0,0,0,0,0,0,29,7,1229,3727,5791,4515,1529,84,1902,61,0,0,5,2,5,11,1,37,763,46,7397,7780,6151,6918,10986,41901,131974,602410,0,0,0,0,0
0,0,0,0,0,0,0,0,0,0,0,0,29,7,1579,3713,5812,4705,1368,28,2113,37,0,0,5,3,6,8,0,59,780,37,8068,8037,6224,7244,11658,43398,133284,597059,0,0,0,0,0
0,0,0,0,0,0,0,0,0,0,0,0,26,6,1670,3378,5549,4979,1211,17,2052,24,0,0,7,2,7,8,4,57,698,40,7844,7866,6047,7124,11559,42762,137013,595311,0,0,0,0,0
0,0,0,0,0,0,0,0,0,0,0,0,23,13,2082,2983,5431,4876,1121,11,1995,18,0,0,7,0,5,10,0,69,898,58,8046,7525,5244,7064,13971,42350,146748,584713,0,0,0,0,0
0,0,0,0,0,0,0,0,0,0,0,0,31,9,2201,2535,5119,4424,890,2,1601,8,0,0,9,6,7,6,1,94,734,58,7494,7071,4225,6499,13465,40822,137555,600395,0,0,0,0,0
0,0,0,0,0,0,0,0,0,0,0,0,39,5,2141,2290,5053,4277,811,1,1472,3,0,0,9,1,5,8,2,107,690,69,6775,6730,3559,5960,13259,39837,138653,603505,0,0,0,0,0
0,0,0,0,0,0,0,0,0,0,0,0,46,8,2182,2321,5116,4260,836,0,1474,1,0,0,11,0,5,12,1,99,774,74,6629,6963,3003,5725,13723,39242,133970,608786,0,0,0,0,0
0,0,0,0,0,0,0,0,0,0,0,0,40,6,2311,2406,5041,4113,990,0,1487,0,0,0,16,5,7,18,1,109,714,96,6662,6788,2957,5700,13749,39194,137309,605542,0,0,0,0,0
0,0,0,0,0,0,0,0,0,0,0,0,47,8,2431,2280,5434,4366,999,0,1707,0,0,0,13,4,11,16,0,105,703,102,6771,7427,3040,5862,14367,40033,132041,607494,0,0,0,0,0
0,0,0,0,0,0,0,0,0,0,0,0,50,13,2579,2247,5850,4479,1043,0,1790,0,0,0,14,6,16,20,1,104,811,117,7227,7390,3228,6180,14808,41126,130820,605342,0,0,0,0,0
0,0,0,0,0,0,0,0,0,0,0,0,49,19,2655,2074,5670,4474,1072,0,1814,0,0,0,9,6,11,22,2,108,763,146,7389,7344,3032,6314,14897,40990,129807,606594,0,0,0,0,0
0,0,0,0,0,0,0,0,0,0,0,0,47,25,2781,2156,5482,4443,1091,0,1739,0,0,0,10,8,10,36,2,126,772,150,7543,7422,3042,6190,14348,41559,132763,603516,0,0,0,0,0
0,0,0,0,0,0,0,0,0,0,0,0,47,15,2873,2141,5532,4394,1088,0,1735,0,0,0,16,6,7,36,4,141,824,163,7275,7409,2972,6225,14689,40668,131386,605615,0,0,0,0,0
0,0,0,0,0,0,0,0,0,0,0,0,54,15,2937,2152,5871,4225,1233,0,1814,0,0,0,15,5,11,40,2,168,791,165,7447,7685,3042,6134,14358,41497,130317,605283,0,0,0,0,0
0,0,0,0,0,0,0,0,0,0,0,0,51,15,3214,2135,5577,4841,1198,0,1896,0,0,0,17,9,13,47,1,195,865,194,7296,7561,3272,6395,15117,41466,133841,600045,0,0,0,0,0
0,0,0,0,0,0,0,0,0,0,0,0,49,20,3244,2321,6061,4726,1333,0,2078,0,0,0,16,2,12,49,4,215,1017,236,7486,8165,3514,6560,15024,42878,132594,597657,0,0,0,0,0
0,0,0,0,0,0,0,0,0,0,0,0,56,25,3396,2067,6369,4644,1333,45,2246,0,0,0,13,3,15,36,7,265,1084,228,7906,8116,3456,6839,16300,42887,144817,566201,16907,0,0,0,0
0,0,0,0,0,0,0,0,0,0,0,0,64,25,3703,2267,6247,4724,1326,101,2278,0,0,0,13,7,10,56,4,270,1138,262,7707,8220,3701,6705,15794,43279,142799,549421,35140,0,0,0,0
0,0,0,0,0,0,0,0,0,0,0,0,82,22,3472,2208,5978,4422,1308,113,2165,0,0,0,17,7,22,59,4,274,1043,307,7522,8083,3423,6694,15802,42689,138748,544566,46231,0,0,0,0
0,0,0,0,0,0,0,0,0,0,0,0,75,26,3496,2234,6548,4638,1360,255,2410,0,0,0,25,5,20,58,6,318,1011,339,7684,8367,3249,6869,16385,44080,135876,527008,62919,0,0,0,0
0,0,0,0,0,0,0,0,0,0,0,0,74,26,3513,2191,6402,4320,1358,257,2270,0,0,0,22,14,14,68,5,373,1017,343,7720,8275,3511,6590,16616,43693,142741,526539,57309,0,0,0,0
0,0,0,0,0,0,0,0,0,0,0,0,82,32,3706,2277,6325,4374,1312,236,2188,0,0,0,20,4,27,82,9,388,1158,450,7625,8063,3549,6731,16354,43622,143479,533339,49829,0,0,0,0
0,0,0,0,0,0,0,0,0,0,0,0,87,35,3708,2230,6501,4630,1525,242,2270,0,0,0,24,15,21,83,6,478,1115,498,7522,8502,3543,6888,16525,44098,137382,544006,43327,0,0,0,0
0,0,0,0,0,0,0,0,0,0,0,0,90,42,3606,2384,6634,4668,1369,290,2340,0,0,0,20,9,30,97,9,487,1262,524,7291,8360,3592,6945,16399,44084,144610,543202,36917,0,0,0,0
0,0,0,0,0,0,0,0,0,0,0,0,123,62,3568,2083,7104,4391,1469,319,2346,0,0,0,22,11,18,93,8,593,1074,576,7293,8545,3332,6896,17492,44317,133243,559254,31029,0,0,0,0
0,0,0,0,0,0,0,0,0,0,0,0,119,43,3307,2182,6936,4332,1535,331,2226,0,0,0,36,24,20,90,8,471,1129,676,6921,8742,3164,6920,16034,44336,130308,569900,25471,0,0,0,0
0,0,0,0,0,0,0,0,0,0,0,0,127,59,3207,2133,6488,4342,1380,336,2190,0,0,0,23,14,32,89,8,567,1102,672,6574,8288,3187,7021,15006,43789,131576,576388,20663,0,0,0,0
0,0,0,0,0,0,0,0,0,0,0,0,125,45,3069,1853,6074,4071,1165,374,1790,0,0,0,38,23,31,135,12,561,1049,804,6256,7847,3145,6520,14694,42339,129620,587407,16214,0,0,0,0
0,0,0,0,0,0,0,0,0,0,0,0,165,53,3070,2101,5961,4245,1199,387,1802,0,0,0,37,13,29,93,14,613,1157,764,5904,7481,3092,6262,14409,42498,129392,592221,12299,0,0,0,0
0,0,0,0,0,0,0,0,0,0,0,0,153,60,3174,1997,5897,4231,1224,387,1856,0,0,0,31,26,33,135,13,710,1168,832,5775,7763,3244,6357,14617,42253,131984,592109,9232,0,0,0,0
0,0,0,0,0,0,0,0,0,0,0,0,157,70,3225,2091,6253,4302,1292,437,1949,0,0,0,38,28,36,140,22,702,1241,931,5695,8136,3277,6422,14391,43209,129653,594882,6682,0,0,0,0
0,0,0,0,0,0,0,0,0,0,0,0,165,81,3584,2281,6774,4731,1603,487,2401,0,0,0,40,21,23,152,22,766,1492,1101,6069,8784,3365,6915,15723,44355,135484,584251,4591,0,0,0,0
0,0,0,0,0,0,0,0,0,0,0,0,167,77,3756,2477,7346,4804,1770,515,2554,0,0,0,47,28,40,159,14,825,1486,1194,6321,9257,3551,7199,16215,45601,135638,581123,3097,0,0,0,0
0,0,0,0,0,0,0,0,0,0,0,0,179,89,3636,2402,7580,4984,1968,536,2653,0,0,0,40,26,30,167,18,920,1556,1268,6196,9723,3694,7235,16319,46439,132912,582756,1935,0,0,0,0
0,0,0,0,0,0,0,0,0,0,0,0,182,91,3701,2503,7346,4959,1939,603,2685,0,0,0,36,26,47,193,18,951,1575,1325,6210,9757,3644,7400,16185,47302,127144,588216,1223,0,0,0,0
0,0,0,0,0,0,0,0,0,0,0,0,201,97,3729,2408,7042,4585,1720,593,2272,0,0,0,52,33,40,190,24,1078,1605,1420,6112,9175,3719,7084,16366,45822,137863,581338,693,0,0,0,0
0,0,0,0,0,0,0,0,0,0,0,0,202,108,3683,2199,6722,4378,1566,643,1948,0,0,0,64,27,40,206,23,1139,1749,1454,5475,8717,3449,6814,16315,44873,137684,585382,401,0,0,0,0
0,0,0,0,0,0,0,0,0,0,0,0,190,117,3616,2178,6616,4250,1499,603,1769,0,0,0,64,30,47,201,36,1320,1716,1690,4916,8753,3576,6376,16213,43888,136314,589072,211,0,0,0,0
0,0,0,0,0,0,0,0,0,0,0,0,223,114,3539,1987,6669,4096,1651,658,1828,0,0,0,68,35,35,224,31,1282,1683,1817,4707,8657,3526,6293,15868,44054,133779,592336,101,0,0,0,0
0,0,0,0,0,0,0,0,0,0,0,0,217,84,3478,2007,6096,3869,1402,638,1709,0,0,0,56,31,64,231,29,1360,1741,1953,4162,8210,3271,6192,15577,42978,137189,592655,62,0,0,0,0
0,0,0,0,0,0,0,0,0,0,0,0,244,110,3355,1971,6193,3998,1372,700,1561,0,0,0,65,37,55,242,46,1264,1772,1945,3965,8305,3327,6192,14395,42568,132847,598702,30,0,0,0,0
0,0,0,0,0,0,0,0,0,0,0,0,246,136,3581,2037,6610,4133,1493,701,1751,0,0,0,63,28,60,249,39,1290,1775,1978,3849,8306,3333,6375,14892,43643,133727,594948,18,0,0,0,0
0,0,0,0,0,0,0,0,0,0,0,0,252,138,3660,2160,6338,4030,1455,670,1594,0,0,0,70,37,56,280,44,1559,1915,2085,3614,8279,3403,6273,15370,43782,136756,591435,6,0,0,0,0
0,0,0,0,0,0,0,0,0,0,0,0,260,140,3729,2150,6361,4393,1550,714,1801,0,0,0,71,47,71,282,51,1553,1980,2314,3523,8659,3446,6293,15251,44586,137414,588618,4,0,0,0,0
0,0,0,0,0,0,0,0,0,0,0,0,300,140,3934,2180,7081,4325,1739,768,1762,0,0,0,81,47,67,298,38,1547,2052,2378,3372,8822,3671,6415,15320,44624,133371,590928,1,0,0,0,0
0,0,0,0,0,0,0,0,0,0,0,0,306,144,3996,2128,6878,4288,1594,838,1751,0,0,0,87,49,65,310,44,1856,2140,2594,3212,8668,3602,6401,16624,43834,141645,582205,2,0,0,0,0
0,0,0,0,0,0,0,0,0,0,0,0,321,157,4179,2177,6460,4301,1494,851,1542,0,0,0,75,64,84,392,40,1772,2353,2691,3109,8497,3835,6167,16151,44430,149068,575050,1,0,0,0,0
0,0,0,0,0,0,0,0,0,0,0,0,323,198,4313,2194,6501,4132,1562,828,1574,0,0,0,82,41,77,397,48,2052,2303,2823,2854,8648,3912,6091,16822,45346,144677,577463,0,0,0,0,0
0,0,0,0,0,0,0,0,0,0,0,0,355,182,3928,2179,6181,4139,1416,872,1348,0,0,0,89,61,81,365,77,1828,2175,2787,2544,8461,3679,5925,15585,43733,144514,582757,0,0,0,0,0
0,0,0,0,0,0,0,0,0,0,0,0,343,222,3957,2210,5900,4203,1429,935,1344,0,0,0,99,68,102,412,62,1678,2340,2813,2377,8272,3693,5882,15601,42948,145868,582503,0,0,0,0,0
0,0,0,0,0,0,0,0,0,0,0,0,327,197,3826,2283,5914,4201,1466,1002,1161,0,0,0,108,59,109,401,50,1712,2255,2915,2113,8310,3650,5784,14578,42552,140003,590285,0,0,0,0,0
0,0,0,0,0,0,0,0,0,0,0,0,384,233,3735,2252,6090,4252,1502,946,1203,0,0,0,89,71,112,425,68,1689,2349,3002,2096,8567,3577,5877,15050,43109,141838,586745,0,0,0,0,0
0,0,0,0,0,0,0,0,0,0,0,0,419,254,3788,2637,6585,4442,1635,1213,1228,0,0,0,120,72,117,436,86,1736,2509,3119,2063,10063,3629,6301,14544,45944,134893,587428,0,0,0,0,0
0,0,0,0,0,0,0,0,0,0,0,0,434,255,3727,2363,6907,4653,1760,1281,1263,0,0,0,127,80,121,563,71,1709,2794,3276,1898,9338,3545,6234,14015,49371,127017,592459,0,0,0,0,0
0,0,0,0,0,0,0,0,0,0,0,0,397,304,4050,2426,7186,4734,1818,1362,1309,0,0,0,90,79,116,578,84,2147,2602,3539,1873,9759,3766,6284,17713,46374,133089,583582,0,0,0,0,0
0,0,0,0,0,0,0,0,0,0,0,0,434,291,4308,2432,7261,5013,2022,1518,1330,0,0,0,110,103,127,587,99,1934,2785,3858,1795,10235,4146,6615,15759,47230,139503,575766,0,0,0,0,0
0,0,0,0,0,0,0,0,0,0,0,0,475,291,4069,2404,7262,4990,1921,1473,1156,0,0,0,112,75,125,633,82,1946,2651,3734,1640,9991,3977,6366,14950,46592,133044,585302,0,0,0,0,0
0,0,0,0,0,0,0,0,0,0,0,0,478,288,4407,2429,6945,5072,1850,1530,1095,0,0,0,130,113,130,689,98,1955,2655,3787,1768,10040,3828,6467,15074,47975,134347,582111,0,0,0,0,0
0,0,0,0,0,0,0,0,0,0,0,0,485,332,4499,2497,6911,5028,1806,1476,991,0,0,0,137,101,147,707,98,1964,2824,3671,1528,9736,4037,6375,14990,46284,137737,580900,0,0,0,0,0
0,0,0,0,0,0,0,0,0,0,0,0,496,329,4376,2604,6791,4906,1771,1563,901,0,0,0,149,113,160,802,99,2072,2764,3599,1501,9771,3958,6112,15190,46754,135469,583011,0,0,0,0,0
0,0,0,0,0,0,0,0,0,0,0,0,537,351,4499,2486,6574,4789,1802,1483,844,0,0,0,144,92,174,882,104,2012,2853,3689,1485,9728,4137,5966,15048,45560,134671,585351,0,0,0,0,0
0,0,0,0,0,0,0,0,0,0,0,0,562,381,4712,2557,6737,4583,1743,1490,741,0,0,0,156,113,157,1115,121,2148,2791,3602,1466,9788,4360,6194,15669,45820,135249,583006,0,0,0,0,0
0,0,0,0,0,0,0,0,0,0,0,0,581,402,4766,2961,6734,4726,1991,1665,732,0,0,0,154,126,196,1124,124,2166,2934,3580,1592,10007,4624,6283,15086,46850,135265,580592,0,0,0,0,0
0,0,0,0,0,0,0,0,0,0,0,0,657,431,5101,2807,6997,4706,1877,1787,697,0,0,0,173,112,198,1161,124,2068,3139,3523,1544,10156,4517,6382,14833,46958,139578,575735,0,0,0,0,0
0,0,0,0,0,0,0,0,0,0,0,0,635,449,5653,3001,7551,5168,2384,1976,679,0,0,0,185,136,174,1232,131,2165,3145,3780,1685,10521,4843,6584,15250,47581,135797,574556,0,0,0,0,0
0,0,0,0,0,0,0,0,0,0,0,0,685,483,5926,2827,7927,5023,2406,1943,625,0,0,0,159,140,228,1252,135,2233,3906,3714,1697,10843,4642,6490,15703,50144,134963,571167,0,0,0,0,0
0,0,0,0,0,0,0,0,0,0,0,0,713,501,5191,2902,7364,4804,2220,1868,467,0,0,0,167,169,178,1256,147,2308,3515,3599,1587,10273,4678,6885,15051,47883,134365,577170,0,0,0,0,0
0,0,0,0,0,0,0,0,0,0,0,0,696,518,5247,2962,7603,4930,2546,1823,439,0,0,0,195,163,210,1247,176,2213,3538,3604,1586,10676,4556,6938,14758,46945,134794,576898,0,0,0,0,0
0,0,0,0,0,0,0,0,0,0,0,0,711,496,5118,3108,6883,4880,2232,1804,342,0,0,0,197,146,212,1258,200,2340,3342,3574,1573,9978,4686,6107,14743,46782,144923,569626,0,0,0,0,0
0,0,0,0,0,0,0,0,0,0,0,0,782,619,4952,3047,7209,5008,2108,1798,292,0,0,0,213,180,226,1264,163,2169,3360,3345,1520,9870,4627,6248,14472,46508,137085,578196,0,0,0,0,0
0,0,0,0,0,0,0,0,0,0,0,0,760,706,4919,3144,7531,5106,2243,1943,307,0,0,0,216,189,252,1295,180,2183,3389,3267,1569,10261,4557,6168,14812,46753,134555,578956,0,0,0,0,0
0,0,0,0,0,0,0,0,0,0,0,0,758,656,4842,3610,7370,4990,2332,2020,255,0,0,0,230,179,243,1357,211,2161,3523,3232,1582,10146,4722,6183,14283,46896,129453,584027,0,0,0,0,0
0,0,0,0,0,0,0,0,0,0,0,0,788,677,5004,3736,7935,5310,2555,2154,219,0,0,0,268,206,261,1526,215,2253,3501,3388,1380,10990,4697,6563,14722,48550,133093,575270,0,0,0,0,0
0,0,0,0,0,0,0,0,0,0,0,0,804,729,5157,3622,8064,5150,2571,2298,181,0,0,0,263,220,288,1696,255,2495,3576,3467,1512,11198,4935,6628,15624,49197,140396,564935,0,0,0,0,0
0,0,0,0,0,0,0,0,0,0,0,0,869,792,5349,3484,8012,5237,2432,2211,198,0,0,0,256,202,273,1642,237,2388,3659,3464,1611,11135,4849,6944,14423,49295,136039,570260,0,0,0,0,0
0,0,0,0,0,0,0,0,0,0,0,0,867,813,5263,3414,7983,5044,2426,2172,147,0,0,0,282,238,317,1599,225,2404,3545,3536,1585,10949,5045,6946,14269,48433,132104,575655,0,0,0,0,0
0,0,0,0,0,0,0,0,0,0,0,0,873,849,4956,3469,7708,4970,2183,2058,114,0,0,0,277,220,307,1843,254,2376,3706,3264,1623,10909,4905,7273,14435,48424,130376,577889,0,0,0,0,0
0,0,0,0,0,0,0,0,0,0,0,0,942,997,4974,3317,7258,4948,2132,2008,98,0,0,0,291,273,340,1795,292,2420,3723,3182,1651,10506,4838,7283,13871,48850,132174,577098,0,0,0,0,0
0,0,0,0,0,0,0,0,0,0,0,0,1049,904,4920,3285,7432,4740,1981,1891,103,0,0,0,300,282,353,1856,267,2411,3381,3150,1460,10150,5149,6736,13951,47621,133824,578065,0,0,0,0,0
0,0,0,0,0,0,0,0,0,0,0,0,1059,933,5081,3708,7635,4755,2210,1897,87,0,0,0,297,257,383,2014,297,2335,3354,3048,1621,10419,5578,6847,13675,47668,134984,575119,0,0,0,0,0
0,0,0,0,0,0,0,0,0,0,0,0,1059,1061,5207,3839,7665,4727,2067,1975,60,0,0,0,333,278,389,2194,275,2391,3684,2852,1601,10378,5075,6609,13656,50193,134410,573283,0,0,0,0,0
0,0,0,0,0,0,0,0,0,0,0,0,1170,1067,4867,3866,7741,4962,2088,1982,44,0,0,0,344,239,387,2232,307,2424,3510,2695,1792,10365,5083,7556,13422,48457,130784,577877,0,0,0,0,0
0,0,0,0,0,0,0,0,0,0,0,0,1146,1014,5226,3884,7394,4945,1992,2085,39,0,0,0,367,288,442,2223,301,2554,3551,2846,1590,10448,5766,6952,13531,47616,136354,572707,0,0,0,0,0
0,0,0,0,0,0,0,0,0,0,0,0,1224,1098,5298,3794,7608,4629,1917,1937,36,0,0,0,375,308,406,2230,321,2521,3578,2614,1702,10063,5613,7121,13294,47109,136410,574055,0,0,0,0,0
0,0,0,0,0,0,0,0,0,0,0,0,1178,1149,4785,4035,7403,4815,1817,1805,25,0,0,0,371,308,469,2324,330,2482,3537,2500,1453,10086,5565,6956,12581,47340,131840,580107,0,0,0,0,0
0,0,0,0,0,0,0,0,0,0,0,0,1181,1222,4906,3770,7713,4525,1907,1782,23,0,0,0,393,327,477,2434,337,2493,3464,2536,1506,9885,5649,6958,12450,47286,132031,578503,1503,0,0,0,0
0,0,0,0,0,0,0,0,0,0,0,0,1216,1336,5126,4112,8041,4338,1980,1855,13,0,0,0,393,328,462,2583,346,2549,3590,2456,1570,10190,5724,7369,12802,47850,133049,572569,3414,0,0,0,0
0,0,0,0,0,0,0,0,0,0,0,0,1326,1361,5173,4415,8448,4749,2217,2001,10,0,0,0,404,329,493,2712,360,2557,3631,2445,1723,10483,5945,7467,13191,49371,132284,567013,5153,0,0,0,0
0,0,0,0,0,0,0,0,0,0,0,0,1337,1367,5398,4491,7989,4676,2058,2012,6,0,0,0,426,379,486,2826,427,2720,3954,2517,1652,10491,6189,7680,12910,48915,136604,560996,6755,0,0,0,0
0,0,0,0,0,0,0,0,0,0,0,0,1430,1568,5447,4572,7997,4877,2022,1968,5,0,0,0,452,394,486,2971,389,2697,3748,2415,1784,10586,6282,7679,13350,48806,136916,559940,6480,0,0,0,0
0,0,0,0,0,0,0,0,0,0,0,0,1460,1489,5216,4779,7905,4903,2028,1787,4,0,0,0,507,403,506,2993,429,2811,3794,2285,1822,10415,6132,7639,12295,48844,134881,563694,6240,0,0,0,0
0,0,0,0,0,0,0,0,0,0,0,0,1546,1555,4975,4641,7725,4360,1709,1579,3,0,0,0,471,429,600,3095,405,2621,3701,2340,1970,9955,6545,7835,12088,48583,142136,558739,5655,0,0,0,0
0,0,0,0,0,0,0,0,0,0,0,0,1718,1557,4967,4542,8051,4379,1847,1637,1,0,0,0,453,444,591,2960,413,2592,3837,2227,1670,9834,6465,7816,11782,48423,139982,561409,5664,0,0,0,0
0,0,0,0,0,0,0,0,0,0,0,0,1690,1666,4886,4763,8130,4445,1748,1553,2,0,0,0,512,493,618,3250,426,2586,3766,2217,1670,10040,6815,7638,11549,48718,137569,563403,5108,0,0,0,0
0,0,0,0,0,0,0,0,0,0,0,0,1730,1755,5141,4829,8392,4648,1792,1582,0,0,0,0,530,478,670,3326,445,2762,3933,2527,1798,9728,6703,8005,11260,49335,137822,560993,5077,0,0,0,0
0,0,0,0,0,0,0,0,0,0,0,0,1852,1855,5245,5189,8148,4680,1822,1651,1,0,0,0,549,498,606,3598,451,2607,3873,2404,1790,10062,7215,8382,11207,49590,136829,560339,4818,0,0,0,0
0,0,0,0,0,0,0,0,0,0,0,0,1842,1955,5360,5185,8459,4701,1824,1588,0,0,0,0,597,537,712,3702,530,2535,4012,2137,1886,10160,6926,8476,11449,49662,138567,557725,4734,0,0,0,0
0,0,0,0,0,0,0,0,0,0,0,0,1892,1976,5354,5212,8430,4737,1730,1526,0,0,0,0,600,517,737,3727,476,2593,4057,2071,1954,10210,7282,8463,11311,50032,138856,557220,4298,0,0,0,0
0,0,0,0,0,0,0,0,0,0,0,0,2086,1993,5184,5314,8305,4415,1671,1451,0,0,0,0,605,550,780,3778,518,2523,3886,2225,1879,10089,7364,8305,10684,49607,139928,557854,4267,0,0,0,0
0,0,0,0,0,0,0,0,0,0,0,0,2102,2187,5551,5759,8304,4800,1708,1589,2,0,0,0,607,600,751,3772,516,2541,4011,2111,2083,9993,7554,8696,10707,50801,133803,560794,3919,0,0,0,0
0,0,0,0,0,0,0,0,0,0,0,0,1969,2347,5416,5734,8597,4709,1631,1480,0,0,0,0,620,669,828,3984,565,2804,3846,2293,2117,9976,7277,8890,10755,50797,133799,560472,3686,0,0,0,0
0,0,0,0,0,0,0,0,0,0,0,0,2152,2295,5264,5944,8510,4707,1613,1391,0,0,0,0,655,677,824,4025,549,2572,3943,2264,2009,10156,7520,8829,10408,50474,141363,553714,3403,0,0,0,0
0,0,0,0,0,0,0,0,0,0,0,0,2341,2309,5535,5985,8706,4719,1631,1417,0,0,0,0,669,714,901,4171,608,2553,4026,2175,2028,10176,7958,9227,10093,51104,134996,557914,3305,0,0,0,0
0,0,0,0,0,0,0,0,0,0,0,0,2282,2431,5211,5834,8746,4498,1465,1258,0,0,0,0,682,760,951,4459,662,2457,4091,2428,2006,9846,7621,9265,9678,50895,137372,557561,2802,0,0,0,0
0,0,0,0,0,0,0,0,0,0,0,0,2565,2498,5302,6122,8526,4553,1488,1215,0,0,0,0,737,765,995,4333,629,2472,3970,2164,2049,9687,7615,9477,9608,50308,136554,558881,2748,0,0,0,0
0,0,0,0,0,0,0,0,0,0,0,0,2477,2571,5221,6383,8943,4564,1475,1271,0,0,0,0,847,849,1104,4355,685,2372,3862,2216,2164,9989,7464,9572,9535,51049,133999,559758,2536,0,0,0,0
0,0,0,0,0,0,0,0,0,0,0,0,2782,2856,5411,6476,8854,4646,1494,1204,0,0,0,0,1141,963,1468,4633,736,2442,4384,2507,2989,10413,7908,10418,9342,51896,133149,554759,2390,0,0,0,0
0,0,0,0,0,0,0,0,0,0,0,0,2713,2928,5920,6652,9303,4976,1483,1261,0,0,0,0,987,930,1248,4628,751,2462,4250,2431,2640,10686,8370,10420,9752,53420,138513,546419,2118,0,0,0,0
0,0,0,0,0,0,0,0,0,0,0,0,2583,2999,5675,6691,9031,4541,1391,1106,0,0,0,0,896,908,1274,4687,748,2403,4132,2443,2611,10262,8124,9997,9140,52337,139570,549856,1856,0,0,0,0
0,0,0,0,0,0,0,0,0,0,0,0,2512,3103,5602,6837,9033,4332,1316,1070,0,0,0,0,964,953,1248,4803,730,2260,3990,2303,2231,9549,8076,9997,9780,51939,141944,549040,1649,0,0,0,0
0,0,0,0,0,0,0,0,0,0,0,0,2580,3119,5275,6992,8631,4116,1126,925,0,0,0,0,976,986,1300,4767,775,2285,3576,2266,2110,9540,8092,9492,8633,51072,141227,553810,1590,0,0,0,0
0,0,0,0,0,0,0,0,0,0,0,0,2600,3124,5276,7181,8132,4059,1101,824,0,0,0,0,1001,997,1342,4691,805,2165,3472,2187,2231,9244,8162,9201,8952,51046,145682,550466,1320,0,0,0,0
0,0,0,0,0,0,0,0,0,0,0,0,2732,3323,5649,7341,8750,4083,1139,816,0,0,0,0,1032,1028,1272,4674,807,2128,3701,2348,2306,9505,8577,9482,8680,51663,143168,549792,1265,0,0,0,0
0,0,0,0,0,0,0,0,0,0,0,0,2883,3446,5724,7640,8499,4105,1127,730,0,0,0,0,1059,1103,1381,4922,810,2225,3750,2346,2256,9377,8552,9685,9032,52012,142618,548879,1100,0,0,0,0
0,0,0,0,0,0,0,0,0,0,0,0,2932,3645,5978,7947,8952,4321,1152,813,0,0,0,0,1164,1186,1438,4977,832,2211,4018,2578,2458,9633,9023,10503,9034,53234,145513,540687,1032,0,0,0,0
0,0,0,0,0,0,0,0,0,0,0,0,2979,4020,5993,8130,8882,4282,1047,790,0,0,0,0,1354,1253,1602,5078,874,2187,4010,2557,2788,9667,9183,11676,9197,54074,144913,537860,865,0,0,0,0
0,0,0,0,0,0,0,0,0,0,0,0,3044,3832,5514,8015,8189,3963,921,614,0,0,0,0,1239,1268,1663,5215,857,2133,3664,2485,2671,9041,8573,10686,8967,53278,140543,548172,714,0,0,0,0
0,0,0,0,0,0,0,0,0,0,0,0,3318,3848,5648,8428,8594,4016,919,633,0,0,0,0,1273,1262,1631,5007,892,2071,3688,2566,2735,9194,8779,10244,8518,53207,138245,549911,634,0,0,0,0
0,0,0,0,0,0,0,0,0,0,0,0,3208,4036,5535,8608,8369,3829,785,507,0,0,0,0,1292,1343,1742,5246,956,2120,3428,2385,2664,8472,8664,10220,8852,52363,135430,554630,577,0,0,0,0
0,0,0,0,0,0,0,0,0,0,0,0,3443,4127,5647,8912,8491,4071,830,550,0,0,0,0,1377,1280,1784,5406,912,2108,3414,2478,2411,9054,8876,10266,8279,53918,138624,548491,512,0,0,0,0
0,0,0,0,0,0,0,0,0,0,0,0,3558,4293,6036,9428,9219,4402,931,549,0,0,0,0,1399,1450,1887,5451,1005,2094,3536,2574,2444,9378,9123,10800,8510,54064,142399,538268,2463,0,0,0,0
0,0,0,0,0,0,0,0,0,0,0,0,3611,4417,6213,9672,9545,4245,857,518,0,0,0,0,1384,1556,1965,5736,1017,2201,3597,2825,2560,9375,9685,10953,8292,53958,139969,536512,4598,0,0,0,0
0,0,0,0,0,0,0,0,0,0,0,0,3599,4531,6210,9758,9719,4216,813,484,0,0,0,0,1509,1652,2067,5700,1106,2137,3675,2847,2689,9529,9592,11405,8615,53409,146117,528020,5862,0,0,0,0
0,0,0,0,0,0,0,0,0,0,0,0,3768,4737,6354,10222,9765,4236,808,469,0,0,0,0,1658,1633,2143,5940,1078,2121,3659,2812,2621,9566,9774,11104,8414,53380,147175,523993,7831,0,0,0,0
0,0,0,0,0,0,0,0,0,0,0,0,3668,4922,6037,10516,9414,3747,696,409,0,0,0,0,1656,1739,2242,6063,1215,2134,3675,2707,2776,9011,9273,11344,8112,53697,151209,522135,6864,0,0,0,0
0,0,0,0,0,0,0,0,0,0,0,0,4079,5111,5967,10449,9229,3850,702,356,0,0,0,0,1752,1785,2359,5972,1147,2180,3650,2864,2868,8873,9539,11368,7732,53325,142501,531405,6198,0,0,0,0
0,0,0,0,0,0,0,0,0,0,0,0,4249,5042,5855,10463,8970,3557,624,314,0,0,0,0,1802,1807,2423,5953,1151,2077,3590,3090,2903,8706,10021,11127,7950,53978,149654,524755,5200,0,0,0,0
0,0,0,0,0,0,0,0,0,0,0,0,4146,5129,5609,10554,8442,3240,525,274,0,0,0,0,1767,1911,2498,5724,1082,1963,3310,3021,2849,8383,9735,10674,7702,54637,139292,537937,4857,0,0,0,0
0,0,0,0,0,0,0,0,0,0,0,0,4408,5182,5771,10366,8285,3205,534,247,0,0,0,0,1937,2002,2723,5572,1112,1901,3215,3024,3036,8295,9783,10881,7556,54088,141835,535957,4346,0,0,0,0
0,0,0,0,0,0,0,0,0,0,0,0,4369,5266,5782,10754,8051,3036,497,205,0,0,0,0,2047,2002,2648,5406,1150,1861,3131,2997,2892,8310,9787,10950,7651,54851,141096,536644,3878,0,0,0,0
0,0,0,0,0,0,0,0,0,0,0,0,4313,5515,5950,11060,8222,2958,419,213,0,0,0,0,2000,2026,2641,5483,1151,1820,3062,2544,2974,8310,9664,10295,8519,55758,143414,533634,3316,0,0,0,0
0,0,0,0,0,0,0,0,0,0,0,0,4231,6181,6203,11276,8155,2865,435,164,0,0,0,0,2100,2143,2677,5964,1124,1793,2827,2657,2989,8454,9702,10822,8550,56411,137546,537092,2900,0,0,0,0
0,0,0,0,0,0,0,0,0,0,0,0,4397,5937,6963,11428,8942,3012,451,160,0,0,0,0,2106,2218,2730,5796,1176,1741,3083,2684,2905,8754,10131,10752,8244,57705,143889,527427,2630,0,0,0,0
0,0,0,0,0,0,0,0,0,0,0,0,4557,6153,6521,11625,8845,2932,417,147,0,0,0,0,2280,2291,2919,6088,1147,1852,3224,2805,3136,8472,10107,11011,8724,58080,145184,524614,2130,0,0,0,0
0,0,0,0,0,0,0,0,0,0,0,0,4799,6366,6452,12091,8949,2832,390,149,0,0,0,0,2270,2291,2993,5913,1215,1736,3073,2710,2952,8383,10265,11101,8671,58533,144251,525129,1747,0,0,0,0
0,0,0,0,0,0,0,0,0,0,0,0,4857,6549,6699,12653,9500,2720,385,127,0,0,0,0,2360,2336,3150,6027,1288,1786,3179,2644,3197,8771,10103,11167,8811,58748,138439,528234,1531,0,0,0,0
0,0,0,0,0,0,0,0,0,0,0,0,5025,6429,6683,13030,9070,2568,355,107,0,0,0,0,2567,2380,3342,6241,1375,1716,3109,2758,3116,8525,10300,11278,8470,58991,141120,525432,1274,0,0,0,0
0,0,0,0,0,0,0,0,0,0,0,0,4982,6604,6929,13094,9034,2528,348,101,0,0,0,0,2659,2387,3379,6140,1276,1660,3109,2652,3288,8483,10366,11679,8514,59781,144347,520842,1079,0,0,0,0
0,0,0,0,0,0,0,0,0,0,0,0,5369,6822,7034,13678,9472,2551,324,96,0,0,0,0,2763,2551,3534,6527,1331,1750,3238,2822,3213,9281,10476,11469,8630,60672,141011,519735,912,0,0,0,0
0,0,0,0,0,0,0,0,0,0,0,0,5464,6908,6934,13880,9103,2329,310,70,0,0,0,0,2808,2629,3774,6511,1404,1793,3322,2890,3361,9068,11007,11599,8117,60803,141618,518845,714,0,0,0,0
0,0,0,0,0,0,0,0,0,0,0,0,5347,7274,7089,13849,8433,2087,261,75,0,0,0,0,3260,2813,3896,6233,1393,1556,3269,2617,4409,8438,11032,13162,8542,58118,150479,510978,651,0,0,0,0
0,0,0,0,0,0,0,0,0,0,0,0,5564,7280,7096,14235,8810,2075,274,61,0,0,0,0,3132,2714,3828,6713,1381,1589,3448,2681,4061,8718,10984,11822,10623,61616,150772,505288,496,0,0,0,0
0,0,0,0,0,0,0,0,0,0,0,0,5524,7724,7388,14338,8625,1887,240,48,0,0,0,0,3182,2846,3893,6334,1367,1537,3229,2509,3677,9001,10991,12260,8928,61735,145855,511764,379,0,0,0,0
0,0,0,0,0,0,0,0,0,0,0,0,5397,7866,7443,14618,8723,1804,206,44,0,0,0,0,3204,2853,4185,6427,1409,1525,3149,2450,3438,9334,11597,11801,8944,62576,153038,502879,351,0,0,0,0
0,0,0,0,0,0,0,0,0,0,0,0,5754,8162,7732,15506,9686,1926,217,38,0,0,0,0,3464,3013,4233,6723,1453,1582,3253,2500,3498,9830,12022,12146,9139,64683,155670,492777,254,0,0,0,0
0,0,0,0,0,0,0,0,0,0,0,0,5801,8236,8089,16032,9486,1784,187,31,0,0,0,0,3485,3007,4457,6772,1533,1594,3337,2639,3518,9923,12249,11959,8807,65246,152297,494597,195,0,0,0,0
0,0,0,0,0,0,0,0,0,0,0,0,5743,8266,8107,15914,9020,1737,172,29,0,0,0,0,3710,3100,4513,6850,1563,1605,3056,2573,3399,9756,12307,11894,8873,65081,153108,494713,172,0,0,0,0
0,0,0,0,0,0,0,0,0,0,0,0,5777,8517,8082,16578,9531,1589,139,28,0,0,0,0,3708,3251,4624,6841,1597,1485,3096,2582,3571,9983,12216,11911,8996,67328,151026,492668,137,0,0,0,0
0,0,0,0,0,0,0,0,0,0,0,0,5560,8201,8105,16474,8390,1241,126,27,0,0,0,0,3836,3237,4711,6694,1887,1515,3000,2169,3217,9482,11872,12168,8296,66401,146453,502107,92,0,0,0,0
0,0,0,0,0,0,0,0,0,0,0,0,5717,8452,8156,16520,8105,1190,145,22,0,0,0,0,3885,3218,4920,6319,1639,1320,2636,2132,3411,9901,11883,11293,9308,67266,145480,502254,89,0,0,0,0
0,0,0,0,0,0,0,0,0,0,0,0,5870,8857,7983,16690,7905,1076,96,20,0,0,0,0,4027,3246,4670,6171,1513,1207,2755,2048,3569,9602,11558,11352,8824,66488,146730,502934,70,0,0,0,0
0,0,0,0,0,0,0,0,0,0,0,0,6253,8745,8175,16332,7472,977,93,13,0,0,0,0,4100,3200,5006,5897,1629,1215,2778,2120,3707,9781,11833,10966,8569,65956,149137,501257,50,0,0,0,0
0,0,0,0,0,0,0,0,0,0,0,0,6268,9041,8161,16317,7601,860,79,20,0,0,0,0,4356,3234,5040,6026,1577,1209,2666,2074,3926,9907,11645,11033,8892,66576,158142,490562,49,0,0,0,0
0,0,0,0,0,0,0,0,0,0,0,0,6380,9069,8227,16623,7057,823,78,10,0,0,0,0,4265,3314,4977,5886,1465,1121,2534,2105,3723,9965,11931,10680,9104,66973,162309,486602,40,0,0,0,0
0,0,0,0,0,0,0,0,0,0,0,0,6646,9216,8539,16589,6743,736,75,14,0,0,0,0,4449,3378,5077,5769,1557,1132,2580,2251,3720,10041,12352,10342,8606,67569,158516,489324,40,0,0,0,0
0,0,0,0,0,0,0,0,0,0,0,0,6787,9239,8641,16866,6478,675,65,15,0,0,0,0,4721,3522,5027,5637,1506,1179,2609,2204,3897,10045,12329,10352,8626,68313,158630,487859,39,0,0,0,0
0,0,0,0,0,0,0,0,0,0,0,0,6639,9236,8810,16967,6227,628,64,9,0,0,0,0,4680,3519,5133,5531,1381,1113,2494,2136,3945,10530,12319,10413,8436,68970,164766,481285,30,0,0,0,0
0,0,0,0,0,0,0,0,0,0,0,0,6569,9632,9052,17133,6224,604,54,8,0,0,0,0,4819,3451,5390,5781,1423,1033,2483,2078,3887,10766,12252,10947,9024,71394,166111,475114,32,0,0,0,0
0,0,0,0,0,0,0,0,0,0,0,0,6575,9737,9332,17368,6349,491,47,4,0,0,0,0,4942,3484,5382,5493,1522,914,2328,1996,3915,10654,12294,10051,8911,71464,166066,475916,26,0,0,0,0
0,0,0,0,0,0,0,0,0,0,0,0,6561,10072,10600,18117,6108,471,30,4,0,0,0,0,5423,3820,5858,5734,1481,924,2229,1642,3600,12336,12169,10297,9017,71214,166706,470829,19,0,0,0,0
0,0,0,0,0,0,0,0,0,0,0,0,6812,10204,10391,19084,6478,450,37,6,0,0,0,0,5413,3933,5992,5845,1585,921,2265,1703,3711,12440,13115,10482,8985,74857,165942,464598,12,0,0,0,0
0,0,0,0,0,0,0,0,0,0,0,0,6918,10473,10370,18835,6144,409,24,4,0,0,0,0,5445,3976,6037,5713,1592,945,2412,1767,3864,12068,12686,10739,9057,75945,172402,457430,6,0,0,0,0
0,0,0,0,0,0,0,0,0,0,0,0,7111,10640,10579,19124,6127,358,28,4,0,0,0,0,5761,3971,6224,5740,1584,952,2387,1923,3929,12224,13701,10408,9188,78076,175382,449833,7,0,0,0,0
0,0,0,0,0,0,0,0,0,0,0,0,6967,10633,10641,18432,5515,324,31,2,0,0,0,0,5711,4058,6260,5427,1549,865,2338,1868,4182,11860,12928,10348,9705,76939,178325,450349,4,0,0,0,0
0,0,0,0,0,0,0,0,0,0,0,0,7159,10580,10893,18848,5240,263,17,7,0,0,0,0,5889,4107,6250,5335,1533,841,2177,1726,4269,11707,12719,10108,9976,78047,178613,448955,2,0,0,0,0
0,0,0,0,0,0,0,0,0,0,0,0,7250,10860,11067,19349,5150,245,20,7,0,0,0,0,5839,4117,6328,5256,1573,786,2209,1747,4280,12160,13123,10210,10060,79117,183087,441418,3,0,0,0,0
0,0,0,0,0,0,0,0,0,0,0,0,7428,11046,11931,18937,5103,214,15,5,0,0,0,0,6019,4265,6502,5141,1440,756,2326,1866,4212,12909,13210,10290,9257,80234,182647,439508,0,0,0,0,0
0,0,0,0,0,0,0,0,0,0,0,0,7668,11275,11785,19441,5003,211,16,4,0,0,0,0,6233,4286,6624,5172,1595,792,2318,1944,4593,12813,12890,10327,10259,81378,187701,430932,1,0,0,0,0
0,0,0,0,0,0,0,0,0,0,0,0,7211,11586,12124,19218,4672,181,19,2,0,0,0,0,6340,4254,6551,5034,1529,720,2145,1535,4585,12825,12672,10909,10516,83386,195535,421709,3,0,0,0,0
0,0,0,0,0,0,0,0,0,0,0,0,7242,11524,12405,19001,4486,141,14,0,0,0,0,0,6592,4544,6740,4894,1460,639,2032,1679,4314,13041,12878,9888,10125,85332,193292,422998,0,0,0,0,0
0,0,0,0,0,0,0,0,0,0,0,0,7371,11336,12558,19614,4207,111,16,1,0,0,0,0,6548,4338,6635,4735,1418,609,1960,1696,4366,13466,12560,9592,10150,87700,192251,422023,0,0,0,0,0
0,0,0,0,0,0,0,0,0,0,0,0,7326,11713,13016,19793,4046,105,8,2,0,0,0,0,6670,4460,6759,4580,1462,622,1899,1472,4154,13887,12233,9881,9917,89983,192252,419021,0,0,0,0,0
0,0,0,0,0,0,0,0,0,0,0,0,7281,11755,13730,21241,4100,99,5,1,0,0,0,0,7190,4635,7637,4758,1487,587,1787,1495,4297,15483,13223,9572,9852,94546,188867,411632,1,0,0,0,0
0,0,0,0,0,0,0,0,0,0,0,0,7347,11986,14136,21237,3973,93,8,2,0,0,0,0,7225,4716,7432,4842,1555,646,1859,1503,4305,15647,13488,9568,10400,97496,192364,403433,0,0,0,0,0
0,0,0,0,0,0,0,0,0,0,0,0,7646,11913,14089,21295,3859,82,2,0,0,0,0,0,7338,4880,7693,4587,1618,646,1972,1691,4527,15438,13761,9546,10310,98647,195969,397751,1,0,0,0,0
0,0,0,0,0,0,0,0,0,0,0,0,7876,12162,14776,21454,3694,79,6,1,0,0,0,0,7459,4931,7616,4620,1471,605,1912,1666,4653,15079,13608,9559,10482,99792,199779,391981,0,0,0,0,0
0,0,0,0,0,0,0,0,0,0,0,0,7947,12073,14607,20693,3270,74,3,0,0,0,0,0,7627,4983,7838,4396,1589,588,1960,1853,4847,15214,13675,9501,10147,101583,204868,385925,0,0,0,0,0
0,0,0,0,0,0,0,0,0,0,0,0,8066,12704,15046,20712,3183,54,6,0,0,0,0,0,7735,5056,7726,4219,1405,506,2215,1841,5275,15674,13444,9604,10649,103181,204393,382567,0,0,0,0,0
0,0,0,0,0,0,0,0,0,0,0,0,8297,12861,15588,21068,3175,50,2,0,0,0,0,0,7987,5274,7903,4066,1435,485,2291,1950,5463,16021,13858,9629,11446,105500,208324,372588,0,0,0,0,0
0,0,0,0,0,0,0,0,0,0,0,0,8391,13736,16096,21938,3232,49,4,1,0,0,0,0,8114,5408,8111,4241,1426,511,2405,1857,5589,16693,14034,9860,11974,108930,209920,362741,0,0,0,0,0
0,0,0,0,0,0,0,0,0,0,0,0,8143,13511,16244,21128,2895,40,2,0,0,0,0,0,8242,5386,8217,4056,1512,505,2094,1549,5441,16150,13961,9694,11585,110903,212853,361150,0,0,0,0,0
0,0,0,0,0,0,0,0,0,0,0,0,8344,13201,16547,21252,2745,42,3,0,0,0,0,0,8597,5422,8564,3999,1433,506,2117,1893,5496,16794,13956,9395,11063,112847,216623,354422,0,0,0,0,0
0,0,0,0,0,0,0,0,0,0,0,0,8247,13287,16349,21009,2469,28,2,0,0,0,0,0,8772,5371,8427,3648,1367,495,2026,1791,5487,16803,13802,9092,11614,115081,222487,347607,0,0,0,0,0
0,0,0,0,0,0,0,0,0,0,0,0,8510,13181,16937,20711,2324,37,4,0,0,0,0,0,8593,5371,8333,3537,1281,408,2100,1778,5466,17199,13517,8810,11133,117573,226926,341532,0,0,0,0,0
0,0,0,0,0,0,0,0,0,0,0,0,8452,13757,17270,20578,2231,30,2,0,0,0,0,0,8841,5460,8443,3414,1182,408,2257,1743,5418,17634,13118,8618,11676,120531,231365,332833,0,0,0,0,0
0,0,1,0,0,0,0,0,0,0,0,0,8724,14015,17514,20875,2108,16,4,0,0,0,0,0,9090,5444,8547,3337,1187,351,2327,1825,5906,18054,13318,8569,11495,122902,234304,325348,0,0,0,0,0
0,0,0,0,0,0,0,0,0,0,0,0,8808,14039,18089,21426,2078,21,0,0,0,0,0,0,9214,5622,8513,3297,1083,343,2307,1590,5862,18187,13211,8636,12536,127403,237027,315969,0,0,0,0,0
0,0,0,0,0,0,0,0,0,0,0,0,8971,14281,18930,20658,1917,13,1,0,0,0,0,0,9532,5792,8752,3166,1214,392,2456,1809,6358,18874,13772,8679,12323,129631,240087,307653,0,0,0,0,0
0,0,0,0,0,0,0,0,0,0,0,0,9264,14904,18812,20736,1892,24,0,0,0,0,0,0,9801,6053,9271,3089,1169,391,2556,1840,6897,19115,13605,8978,12437,133833,241843,298751,0,0,0,0,0
0,0,0,0,0,0,0,0,0,0,0,0,9392,14711,19253,20652,1820,16,2,0,0,0,0,0,9905,5848,9125,3015,1126,366,2727,2340,6690,19535,13779,9430,12609,137478,247883,287559,0,0,0,0,0
0,0,0,0,0,0,0,0,0,0,0,0,9566,15039,19096,20359,1722,14,0,0,0,0,0,0,10166,5973,9050,2917,1302,401,2771,2347,7124,19285,13492,9722,12643,141288,251365,279619,0,0,0,0,0
0,0,0,0,0,0,0,0,0,0,0,0,9847,15065,19602,20183,1702,14,0,0,0,0,0,0,10333,5757,9378,2776,1168,389,2609,2389,7459,19610,13030,9049,12937,145465,253999,272500,0,0,0,0,0
0,0,0,0,0,0,0,0,0,0,0,0,9475,15549,19618,19482,1575,8,0,0,0,0,0,0,10422,5747,9063,2593,947,298,2781,1890,7475,19195,12761,9297,14406,150892,259539,262248,0,0,0,0,0
0,0,0,0,0,0,0,0,0,0,0,0,9550,15475,19982,19761,1595,6,0,0,0,0,0,0,10628,5745,9306,2562,856,275,2949,1875,7421,19971,12365,8829,14859,156665,260987,253599,0,0,0,0,0
0,0,0,0,0,0,0,0,0,0,0,0,9763,15298,20391,20330,1548,7,0,0,0,0,0,0,10886,5855,9261,2458,869,296,2887,1937,7215,20841,12321,9589,12965,163472,262888,244184,0,0,0,0,0
0,0,0,0,0,0,0,0,0,0,0,0,9768,15712,21549,20564,1573,4,0,0,0,0,0,0,11261,6018,9483,2459,846,289,2921,1864,7295,21816,12367,8992,13468,169072,264194,233746,0,0,0,0,0
0,0,0,0,0,0,0,0,0,0,0,0,10044,15933,21960,20416,1450,3,0,0,0,0,0,0,11602,5972,9764,2345,833,265,2822,1914,7528,22329,12433,8770,14238,172178,267260,225202,0,0,0,0,0
0,0,0,0,0,0,0,0,0,0,0,0,10266,16396,22201,20259,1436,3,0,0,0,0,0,0,11860,6092,9713,2322,823,297,3025,1940,7698,22431,12136,8649,13626,177229,271032,215827,0,0,0,0,0
0,0,0,0,0,0,0,0,0,0,0,0,10318,16093,22231,19435,1416,5,0,0,0,0,0,0,11744,5938,9800,2191,860,252,2847,2036,7747,21991,11841,8477,13676,181879,276137,208347,0,0,0,0,0
0,0,0,0,0,0,0,0,0,0,0,0,10666,15966,22214,19194,1390,1,0,0,0,0,0,0,11761,5946,9830,2121,890,333,3053,2344,8033,22255,11410,9137,13426,187574,277740,199977,0,0,0,0,0
0,0,0,0,0,0,0,0,0,0,0,0,10756,16504,22807,19297,1393,4,0,0,0,0,0,0,12136,6017,9759,2124,724,305,3253,2099,8246,22741,11158,8924,14138,193791,279578,189507,0,0,0,0,0
0,0,0,0,0,0,0,0,0,0,0,0,10921,16478,23026,19332,1386,1,0,0,0,0,0,0,12263,5853,10102,2067,727,290,3247,2183,8249,23539,11328,9170,14132,199429,281262,180276,0,0,0,0,0
0,0,0,0,0,0,0,0,0,0,0,0,11064,16785,23118,19402,1378,2,0,0,0,0,0,0,12643,6122,10015,1990,767,282,3225,2210,8277,24123,11223,9270,14158,205582,281832,171793,0,0,0,0,0
0,0,0,0,0,0,0,0,0,0,0,0,11084,16710,23435,19230,1418,1,0,0,0,0,0,0,12707,5930,10083,1983,749,299,3461,2302,8789,24246,10639,9349,14712,210126,284675,163333,0,0,0,0,0
0,0,0,0,0,0,0,0,0,0,0,0,11186,17029,23731,18851,1410,0,0,0,0,0,0,0,12718,5967,10023,1849,732,312,3248,2303,8667,24597,10402,9516,14823,215602,286835,155460,0,0,0,0,0
0,0,0,0,0,0,0,0,0,0,0,0,11394,17194,24095,18543,1404,0,0,0,0,0,0,0,13147,6034,10117,1902,740,331,3293,2361,8879,24757,10107,9253,15185,220565,287806,148154,0,0,0,0,0
0,0,0,0,0,0,0,0,0,0,0,0,11435,17491,24958,18510,1434,1,0,0,0,0,0,0,13086,5816,10089,1918,690,319,3492,2304,9025,25434,9705,9520,15141,226531,289410,138952,0,0,0,0,0
0,0,0,0,0,0,0,0,0,0,0,0,11572,18057,25485,19337,1442,1,0,0,0,0,0,0,13358,5934,10240,1780,729,338,3524,2397,9254,25586,9524,9379,15606,233522,287382,130814,0,0,0,0,0
0,0,0,0,0,0,0,0,0,0,0,0,11842,17958,25493,18855,1482,1,0,0,0,0,0,0,13563,5870,10385,1805,717,321,3472,2385,9080,26051,9273,9248,15120,240310,288582,123448,0,0,0,0,0
0,0,0,0,0,0,0,0,0,0,0,0,14847,26492,33080,30920,1855,0,0,0,0,0,0,0,18576,9148,14016,2647,933,376,5373,2355,12893,39980,14347,11525,17583,233515,245080,99720,0,0,0,0,0
0,0,0,0,0,0,0,0,0,0,0,0,12390,23185,27091,28965,1677,1,0,0,0,0,0,0,15833,8302,12044,2486,842,305,5421,1871,11631,36957,13469,9494,14749,173068,168358,66258,0,0,0,0,0
0,0,0,0,0,0,0,0,0,0,0,0,8440,15898,18656,20207,1199,0,0,0,0,0,0,0,10759,5612,8100,1818,557,216,3660,1254,8395,25083,9107,6184,9868,108674,99750,38233,0,0,0,0,0
0,0,0,0,0,0,0,0,0,0,0,0,7012,13542,15482,20814,859,0,0,0,0,0,0,0,9351,5421,6948,1499,503,135,3233,736,6949,21978,8910,5243,6652,52182,28212,9919,0,0,0,0,0
