0,0,6,0,0,0,0,0,0,0,0,0,0,2480,0,0,0,0,0,0,0,0,0,0,0,0,0,743,0,0,0,0,513,0,0,0,0,0,1968,0,598,0,0
0,0,3,0,0,0,0,0,0,0,0,0,0,2429,0,0,0,0,0,0,0,0,0,0,0,0,0,968,0,0,0,0,535,0,0,0,0,0,1951,0,422,0,0
0,0,2,0,0,0,0,0,0,0,0,0,0,2366,0,0,0,0,0,0,0,0,0,0,0,0,0,1064,0,0,0,0,626,0,0,0,0,0,1879,0,371,0,0
0,0,3,0,0,0,0,0,0,0,0,0,0,2276,0,0,0,0,0,0,0,0,0,0,0,0,0,1044,0,0,0,0,617,0,0,0,0,0,2037,0,331,0,0
0,0,2,0,0,0,0,0,0,0,0,0,0,2240,0,0,0,0,0,0,0,0,0,0,0,0,0,1006,0,0,0,0,622,0,0,0,0,0,2092,0,346,0,0
0,0,0,0,0,0,0,0,0,0,0,0,0,1475,0,0,0,0,0,0,0,0,0,0,0,0,0,1057,0,0,0,0,787,0,0,0,0,0,2518,0,471,0,0
0,0,0,0,0,0,0,0,0,0,0,0,0,1424,0,0,0,0,0,0,0,0,0,0,0,0,0,907,0,0,0,0,735,0,0,0,0,0,2617,0,625,0,0
0,0,0,0,0,0,0,0,0,0,0,0,0,1374,0,0,0,0,0,0,0,0,0,0,0,0,0,733,0,0,0,0,779,0,0,0,0,0,2655,0,767,0,0
0,0,0,0,0,0,0,0,0,0,0,0,0,1368,0,0,0,0,0,0,0,0,0,0,0,0,0,688,0,0,0,0,737,0,0,0,0,0,2623,0,892,0,0
0,0,0,0,0,0,0,0,0,0,0,0,0,1390,0,0,0,0,0,0,0,0,0,0,0,0,0,710,0,0,0,0,742,0,0,0,0,0,2511,0,955,0,0
0,0,0,0,0,0,0,0,0,0,0,0,0,1426,0,0,0,0,0,0,0,0,0,0,0,0,0,699,0,0,0,0,693,0,0,0,0,0,2487,0,1003,0,0
0,0,0,0,0,0,0,0,0,0,0,0,0,1481,0,0,0,0,0,0,0,0,0,0,0,0,0,725,0,0,0,0,702,0,0,0,0,0,2392,0,1008,0,0
0,0,0,0,0,0,0,0,0,0,0,0,0,1490,0,0,0,0,0,0,0,0,0,0,0,0,0,750,0,0,0,0,682,0,0,0,0,0,2400,0,986,0,0
0,0,0,0,0,0,0,0,0,0,0,0,0,1495,0,0,0,0,0,0,0,0,0,0,0,0,0,769,0,0,0,0,694,0,0,0,0,0,2335,0,1015,0,0
0,0,0,0,0,0,0,0,0,0,0,0,0,1474,0,0,0,0,0,0,0,0,0,0,0,0,0,794,0,0,0,0,711,0,0,0,0,0,2366,0,963,0,0
0,0,0,0,0,0,0,0,0,0,0,0,0,1437,0,0,0,0,0,0,0,0,0,0,0,0,0,766,0,0,0,0,645,0,0,0,0,0,2461,0,999,0,0
0,0,1,0,0,0,0,0,0,0,0,0,0,1485,0,0,0,0,0,0,0,0,0,0,0,0,0,743,0,0,0,0,707,0,0,0,0,0,2420,0,952,0,0
0,0,1,0,0,0,0,0,0,0,0,0,0,1514,0,0,0,0,0,0,0,0,0,0,0,0,0,705,0,0,0,0,687,0,0,0,0,0,2398,0,1003,0,0
0,0,2,0,0,0,0,0,0,0,0,0,0,1508,0,0,0,0,0,0,0,0,0,0,0,0,0,734,0,0,0,0,706,0,0,0,0,0,2327,0,1031,0,0
0,0,2,0,0,0,0,0,0,0,0,0,0,1507,0,0,0,0,0,0,0,0,0,0,0,0,0,752,0,0,0,0,669,0,0,0,0,0,2406,0,972,0,0
0,0,2,0,0,0,0,0,0,0,0,0,0,1496,0,0,0,0,0,0,0,0,0,0,0,0,0,731,0,0,0,0,659,0,0,0,0,0,2443,0,977,0,0
0,0,1,0,0,0,0,0,0,0,0,0,0,1553,0,0,0,0,0,0,0,0,0,0,0,0,0,679,0,0,0,0,668,0,0,0,0,0,2402,0,1005,0,0
0,0,1,0,0,0,0,0,0,0,0,0,0,1453,0,0,0,0,0,0,0,0,0,0,0,0,0,717,0,0,0,0,668,0,0,0,0,0,2462,0,1007,0,0
0,0,0,0,0,0,0,0,0,0,0,0,0,1498,0,0,0,0,0,0,0,0,0,0,0,0,0,710,0,0,0,0,649,0,0,0,0,0,2405,0,1046,0,0
0,0,0,0,0,0,0,0,0,0,0,0,0,1443,0,0,0,0,0,0,0,0,0,0,0,0,0,738,0,0,0,0,680,0,0,0,0,0,2401,0,1046,0,0
0,0,1,0,0,0,0,0,0,0,0,0,0,1482,0,0,0,0,0,0,0,0,0,0,0,0,0,732,0,0,0,0,592,0,0,0,0,0,2463,0,1038,0,0
0,0,2,0,0,0,0,0,0,0,0,0,0,1470,0,0,0,0,0,0,0,0,0,0,0,0,0,727,0,0,0,0,687,0,0,0,0,0,2369,0,1053,0,0
0,0,2,0,0,0,0,0,0,0,0,0,0,1477,0,0,0,0,0,0,0,0,0,0,0,0,0,772,0,0,0,0,630,0,0,0,0,0,2321,0,1106,0,0
0,0,2,0,0,0,0,0,0,0,0,0,0,1497,0,0,0,0,0,0,0,0,0,0,0,0,0,725,0,0,0,0,677,0,0,0,0,0,2355,0,1052,0,0
0,0,2,0,0,0,0,0,0,0,0,0,0,1497,0,0,0,0,0,0,0,0,0,0,0,0,0,717,0,0,0,0,671,0,0,0,0,0,2355,0,1066,0,0
0,0,2,0,0,0,0,0,0,0,0,0,0,1411,0,0,0,0,0,0,0,0,0,0,0,0,0,728,0,0,0,0,678,0,0,0,0,0,2408,0,1081,0,0
0,0,2,0,0,0,0,0,0,0,0,0,0,1463,0,0,0,0,0,0,0,0,0,0,0,0,0,731,0,0,0,0,647,0,0,0,0,0,2365,0,1100,0,0
0,0,2,0,0,0,0,0,0,0,0,0,0,1494,0,0,0,0,0,0,0,0,0,0,0,0,0,702,0,0,0,0,666,0,0,0,0,0,2346,0,1098,0,0
0,0,1,0,0,0,0,0,0,0,0,0,0,1489,0,0,0,0,0,0,0,0,0,0,0,0,0,742,0,0,0,0,646,0,0,0,0,0,2356,0,1074,0,0
0,0,0,0,0,0,0,0,0,0,0,0,0,1451,0,0,0,0,0,0,0,0,0,0,0,0,0,737,0,0,0,0,628,0,0,0,0,0,2428,0,1064,0,0
0,0,0,0,0,0,0,0,0,0,0,0,0,1480,0,0,0,0,0,0,0,0,0,0,0,0,0,701,0,0,0,0,676,0,0,0,0,0,2345,0,1106,0,0
0,0,0,0,0,0,0,0,0,0,0,0,0,1461,0,0,0,0,0,0,0,0,0,0,0,0,0,772,0,0,0,0,696,0,0,0,0,0,2302,0,1077,0,0
0,0,0,0,0,0,0,0,0,0,0,0,0,1502,0,0,0,0,0,0,0,0,0,0,0,0,0,712,0,0,0,0,693,0,0,0,0,0,2338,0,1063,0,0
0,0,0,0,0,0,0,0,0,0,0,0,0,1503,0,0,0,0,0,0,0,0,0,0,0,0,0,752,0,0,0,0,646,0,0,0,0,0,2306,0,1101,0,0
0,0,0,0,0,0,0,0,0,0,0,0,0,1477,0,0,0,0,0,0,0,0,0,0,0,0,0,771,0,0,0,0,686,0,0,0,0,0,2294,0,1080,0,0
0,0,0,0,0,0,0,0,0,0,0,0,0,1558,0,0,0,0,0,0,0,0,0,0,0,0,0,720,0,0,0,0,727,0,0,0,0,0,2228,0,1075,0,0
0,0,0,0,0,0,0,0,0,0,0,0,0,1547,0,0,0,0,0,0,0,0,0,0,0,0,0,740,0,0,0,0,663,0,0,0,0,0,2283,0,1075,0,0
0,0,1,0,0,0,0,0,0,0,0,0,0,1475,0,0,0,0,0,0,0,0,0,0,0,0,0,781,0,0,0,0,705,0,0,0,0,0,2294,0,1052,0,0
0,0,1,0,0,0,0,0,0,0,0,0,0,1516,0,0,0,0,0,0,0,0,0,0,0,0,0,760,0,0,0,0,655,0,0,0,0,0,2325,0,1051,0,0
0,0,1,0,0,0,0,0,0,0,0,0,0,1531,0,0,0,0,0,0,0,0,0,0,0,0,0,710,0,0,0,0,686,0,0,0,0,0,2339,0,1041,0,0
0,0,1,0,0,0,0,0,0,0,0,0,0,1491,0,0,0,0,0,0,0,0,0,0,0,0,0,753,0,0,0,0,682,0,0,0,0,0,2361,0,1020,0,0
0,0,0,0,0,0,0,0,0,0,0,0,0,1484,0,0,0,0,0,0,0,0,0,0,0,0,0,733,0,0,0,0,709,0,0,0,0,0,2351,0,1031,0,0
0,0,0,0,0,0,0,0,0,0,0,0,0,1498,0,0,0,0,0,0,0,0,0,0,0,0,0,712,0,0,0,0,668,0,0,0,0,0,2353,0,1077,0,0
0,0,0,0,0,0,0,0,0,0,0,0,0,1474,0,0,0,0,0,0,0,0,0,0,0,0,0,742,0,0,0,0,657,0,0,0,0,0,2381,0,1054,0,0
0,0,0,0,0,0,0,0,0,0,0,0,0,1521,0,0,0,0,0,0,0,0,0,0,0,0,0,737,0,0,0,0,639,0,0,0,0,0,2325,0,1086,0,0
0,0,0,0,0,0,0,0,0,0,0,0,0,1520,0,0,0,0,0,0,0,0,0,0,0,0,0,729,0,0,0,0,608,0,0,0,0,0,2337,0,1114,0,0
0,0,0,0,0,0,0,0,0,0,0,0,0,1496,0,0,0,0,0,0,0,0,0,0,0,0,0,745,0,0,0,0,642,0,0,0,0,0,2354,0,1071,0,0
0,0,0,0,0,0,0,0,0,0,0,0,0,1471,0,0,0,0,0,0,0,0,0,0,0,0,0,747,0,0,0,0,614,0,0,0,0,0,2379,0,1097,0,0
0,0,0,0,0,0,0,0,0,0,0,0,0,1527,0,0,0,0,0,0,0,0,0,0,0,0,0,710,0,0,0,0,641,0,0,0,0,0,2289,0,1141,0,0
0,0,0,0,0,0,0,0,0,0,0,0,0,1485,0,0,0,0,0,0,0,0,0,0,0,0,0,749,0,0,0,0,646,0,0,0,0,0,2345,0,1083,0,0
0,0,0,0,0,0,0,0,0,0,0,0,0,1536,0,0,0,0,0,0,0,0,0,0,0,0,0,709,0,0,0,0,645,0,0,0,0,0,2356,0,1062,0,0
0,0,0,0,0,0,0,0,0,0,0,0,0,1472,0,0,0,0,0,0,0,0,0,0,0,0,0,780,0,0,0,0,655,0,0,0,0,0,2362,0,1039,0,0
0,0,0,0,0,0,0,0,0,0,0,0,0,1521,0,0,0,0,0,0,0,0,0,0,0,0,0,725,0,0,0,0,664,0,0,0,0,0,2328,0,1070,0,0
0,0,0,0,0,0,0,0,0,0,0,0,0,1511,0,0,0,0,0,0,0,0,0,0,0,0,0,719,0,0,0,0,631,0,0,0,0,0,2413,0,1034,0,0
0,0,0,0,0,0,0,0,0,0,0,0,0,1524,0,0,0,0,0,0,0,0,0,0,0,0,0,732,0,0,0,0,618,0,0,0,0,0,2404,0,1030,0,0
0,0,0,0,0,0,0,0,0,0,0,0,0,1540,0,0,0,0,0,0,0,0,0,0,0,0,0,753,0,0,0,0,650,0,0,0,0,0,2325,0,1040,0,0
0,0,0,0,0,0,0,0,0,0,0,0,0,1526,0,0,0,0,0,0,0,0,0,0,0,0,0,774,0,0,0,0,626,0,0,0,0,0,2408,0,974,0,0
0,0,0,0,0,0,0,0,0,0,0,0,0,1519,0,0,0,0,0,0,0,0,0,0,0,0,0,740,0,0,0,0,684,0,0,0,0,0,2332,0,1033,0,0
0,0,0,0,0,0,0,0,0,0,0,0,0,1536,0,0,0,0,0,0,0,0,0,0,0,0,0,719,0,0,0,0,689,0,0,0,0,0,2310,0,1054,0,0
0,0,0,0,0,0,0,0,0,0,0,0,0,1528,0,0,0,0,0,0,0,0,0,0,0,0,0,748,0,0,0,0,655,0,0,0,0,0,2372,0,1005,0,0
0,0,0,0,0,0,0,0,0,0,0,0,0,1556,0,0,0,0,0,0,0,0,0,0,0,0,0,741,0,0,0,0,695,0,0,0,0,0,2359,0,957,0,0
0,0,0,0,0,0,0,0,0,0,0,0,0,1558,0,0,0,0,0,0,0,0,0,0,0,0,0,731,0,0,0,0,684,0,0,0,0,0,2335,0,1000,0,0
0,0,0,0,0,0,0,0,0,0,0,0,0,1522,0,0,0,0,0,0,0,0,0,0,0,0,0,747,0,0,0,0,660,0,0,0,0,0,2409,0,970,0,0
0,0,0,0,0,0,0,0,0,0,0,0,0,1545,0,0,0,0,0,0,0,0,0,0,0,0,0,768,0,0,0,0,668,0,0,0,0,0,2291,0,1036,0,0
0,0,1,0,0,0,0,0,0,0,0,0,0,1567,0,0,0,0,0,0,0,0,0,0,0,0,0,725,0,0,0,0,685,0,0,0,0,0,2338,0,992,0,0
0,0,0,0,0,0,0,0,0,0,0,0,0,1530,0,0,0,0,0,0,0,0,0,0,0,0,0,755,0,0,0,0,680,0,0,0,0,0,2333,0,1010,0,0
0,0,1,0,0,0,0,0,0,0,0,0,0,1538,0,0,0,0,0,0,0,0,0,0,0,0,0,740,0,0,0,0,728,0,0,0,0,0,2259,0,1042,0,0
0,0,0,0,0,0,0,0,0,0,0,0,0,1542,0,0,0,0,0,0,0,0,0,0,0,0,0,767,0,0,0,0,672,0,0,0,0,0,2306,0,1021,0,0
0,0,1,0,0,0,0,0,0,0,0,0,0,1559,0,0,0,0,0,0,0,0,0,0,0,0,0,733,0,0,0,0,687,0,0,0,0,0,2337,0,991,0,0
0,0,0,0,0,0,0,0,0,0,0,0,0,1529,0,0,0,0,0,0,0,0,0,0,0,0,0,747,0,0,0,0,714,0,0,0,0,0,2313,0,1005,0,0
0,0,0,0,0,0,0,0,0,0,0,0,0,1521,0,0,0,0,0,0,0,0,0,0,0,0,0,790,0,0,0,0,663,0,0,0,0,0,2336,0,998,0,0
0,0,1,0,0,0,0,0,0,0,0,0,0,1559,0,0,0,0,0,0,0,0,0,0,0,0,0,722,0,0,0,0,676,0,0,0,0,0,2341,0,1009,0,0
0,0,1,0,0,0,0,0,0,0,0,0,0,1560,0,0,0,0,0,0,0,0,0,0,0,0,0,718,0,0,0,0,659,0,0,0,0,0,2353,0,1017,0,0
0,0,1,0,0,0,0,0,0,0,0,0,0,1560,0,0,0,0,0,0,0,0,0,0,0,0,0,734,0,0,0,0,666,0,0,0,0,0,2346,0,1001,0,0
0,0,1,0,0,0,0,0,0,0,0,0,0,1583,0,0,0,0,0,0,0,0,0,0,0,0,0,734,0,0,0,0,651,0,0,0,0,0,2333,0,1006,0,0
0,0,1,0,0,0,0,0,0,0,0,0,0,1554,0,0,0,0,0,0,0,0,0,0,0,0,0,754,0,0,0,0,647,0,0,0,0,0,2356,0,996,0,0
0,0,1,0,0,0,0,0,0,0,0,0,0,1581,0,0,0,0,0,0,0,0,0,0,0,0,0,731,0,0,0,0,658,0,0,0,0,0,2323,0,1014,0,0
0,0,1,0,0,0,0,0,0,0,0,0,0,1571,0,0,0,0,0,0,0,0,0,0,0,0,0,724,0,0,0,0,696,0,0,0,0,0,2330,0,986,0,0
0,0,1,0,0,0,0,0,0,0,0,0,0,1554,0,0,0,0,0,0,0,0,0,0,0,0,0,757,0,0,0,0,682,0,0,0,0,0,2345,0,969,0,0
0,0,1,0,0,0,0,0,0,0,0,0,0,1554,0,0,0,0,0,0,0,0,0,0,0,0,0,819,0,0,0,0,667,0,0,0,0,0,2292,0,975,0,0
0,0,1,0,0,0,0,0,0,0,0,0,0,1623,0,0,0,0,0,0,0,0,0,0,0,0,0,964,0,0,0,0,645,0,0,0,0,0,2292,0,783,0,0
0,0,1,0,0,0,0,0,0,0,0,0,0,1626,0,0,0,0,0,0,0,0,0,0,0,0,0,998,0,0,0,0,685,0,0,0,0,0,2423,0,575,0,0
0,0,1,0,0,0,0,0,0,0,0,0,0,1568,0,0,0,0,0,0,0,0,0,0,0,0,0,1026,0,0,0,0,733,0,0,0,0,0,2485,0,495,0,0
0,0,1,0,0,0,0,0,0,0,0,0,0,1577,0,0,0,0,0,0,0,0,0,0,0,0,0,1030,0,0,0,0,748,0,0,0,0,0,2581,0,371,0,0
0,0,1,0,0,0,0,0,0,0,0,0,0,1598,0,0,0,0,0,0,0,0,0,0,0,0,0,853,0,0,0,0,717,0,0,0,0,0,2603,0,536,0,0
0,0,1,0,0,0,0,0,0,0,0,0,0,1591,0,0,0,0,0,0,0,0,0,0,0,0,0,826,0,0,0,0,711,0,0,0,0,0,2474,0,705,0,0
0,0,1,0,0,0,0,0,0,0,0,0,0,1570,0,0,0,0,0,0,0,0,0,0,0,0,0,782,0,0,0,0,723,0,0,0,0,0,2346,0,886,0,0
0,0,1,0,0,0,0,0,0,0,0,0,0,1561,0,0,0,0,0,0,0,0,0,0,0,0,0,824,0,0,0,0,646,0,0,0,0,0,2375,0,901,0,0
0,0,1,0,0,0,0,0,0,0,0,0,0,1611,0,0,0,0,0,0,0,0,0,0,0,0,0,767,0,0,0,0,689,0,0,0,0,0,2282,0,958,0,0
0,0,1,0,0,0,0,0,0,0,0,0,0,1566,0,0,0,0,0,0,0,0,0,0,0,0,0,789,0,0,0,0,675,0,0,0,0,0,2334,0,943,0,0
0,0,1,0,0,0,0,0,0,0,0,0,0,1627,0,0,0,0,0,0,0,0,0,0,0,0,0,778,0,0,0,0,663,0,0,0,0,0,2259,0,980,0,0
0,0,1,0,0,0,0,0,0,0,0,0,0,1584,0,0,0,0,0,0,0,0,0,0,0,0,0,831,0,0,0,0,675,0,0,0,0,0,2244,0,973,0,0
0,0,1,0,0,0,0,0,0,0,0,0,0,1607,0,0,0,0,0,0,0,0,0,0,0,0,0,796,0,0,0,0,663,0,0,0,0,0,2293,0,948,0,0
0,0,1,0,0,0,0,0,0,0,0,0,0,1570,0,0,0,0,0,0,0,0,0,0,0,0,0,814,0,0,0,0,641,0,0,0,0,0,2310,0,972,0,0
0,0,1,0,0,0,0,0,0,0,0,0,0,1578,0,0,0,0,0,0,0,0,0,0,0,0,0,781,0,0,0,0,729,0,0,0,0,0,2257,0,962,0,0
0,0,1,0,0,0,0,0,0,0,0,0,0,1608,0,0,0,0,0,0,0,0,0,0,0,0,0,769,0,0,0,0,660,0,0,0,0,0,2317,0,953,0,0
0,0,1,0,0,0,0,0,0,0,0,0,0,1572,0,0,0,0,0,0,0,0,0,0,0,0,0,795,0,0,0,0,680,0,0,0,0,0,2287,0,973,0,0
0,0,1,0,0,0,0,0,0,0,0,0,0,1585,0,0,0,0,0,0,0,0,0,0,0,0,0,805,0,0,0,0,660,0,0,0,0,0,2369,0,888,0,0
0,0,1,0,0,0,0,0,0,0,0,0,0,1588,0,0,0,0,0,0,0,0,0,0,0,0,0,798,0,0,0,0,681,0,0,0,0,0,2348,0,892,0,0
0,0,1,0,0,0,0,0,0,0,0,0,0,1591,0,0,0,0,0,0,0,0,0,0,0,0,0,744,0,0,0,0,682,0,0,0,0,0,2358,0,932,0,0
0,0,1,0,0,0,0,0,0,0,0,0,0,1583,0,0,0,0,0,0,0,0,0,0,0,0,0,767,0,0,0,0,662,0,0,0,0,0,2364,0,931,0,0
0,0,1,0,0,0,0,0,0,0,0,0,0,1617,0,0,0,0,0,0,0,0,0,0,0,0,0,769,0,0,0,0,672,0,0,0,0,0,2311,0,938,0,0
0,0,1,0,0,0,0,0,0,0,0,0,0,1594,0,0,0,0,0,0,0,0,0,0,0,0,0,792,0,0,0,0,665,0,0,0,0,0,2333,0,923,0,0
0,0,1,0,0,0,0,0,0,0,0,0,0,1608,0,0,0,0,0,0,0,0,0,0,0,0,0,776,0,0,0,0,645,0,0,0,0,0,2383,0,895,0,0
0,0,1,0,0,0,0,0,0,0,0,0,0,1592,0,0,0,0,0,0,0,0,0,0,0,0,0,811,0,0,0,0,639,0,0,0,0,0,2337,0,928,0,0
0,0,1,0,0,0,0,0,0,0,0,0,0,1584,0,0,0,0,0,0,0,0,0,0,0,0,0,777,0,0,0,0,697,0,0,0,0,0,2344,0,905,0,0
0,0,1,0,0,0,0,0,0,0,0,0,0,1585,0,0,0,0,0,0,0,0,0,0,0,0,0,792,0,0,0,0,670,0,0,0,0,0,2318,0,942,0,0
0,0,1,0,0,0,0,0,0,0,0,0,0,1638,0,0,0,0,0,0,0,0,0,0,0,0,0,741,0,0,0,0,622,0,0,0,0,0,2364,0,942,0,0
0,0,1,0,0,0,0,0,0,0,0,0,0,1600,0,0,0,0,0,0,0,0,0,0,0,0,0,787,0,0,0,0,657,0,0,0,0,0,2341,0,922,0,0
0,0,1,0,0,0,0,0,0,0,0,0,0,1602,0,0,0,0,0,0,0,0,0,0,0,0,0,817,0,0,0,0,674,0,0,0,0,0,2293,0,921,0,0
0,0,1,0,0,0,0,0,0,0,0,0,0,1636,0,0,0,0,0,0,0,0,0,0,0,0,0,779,0,0,0,0,638,0,0,0,0,0,2359,0,895,0,0
0,0,1,0,0,0,0,0,0,0,0,0,0,1630,0,0,0,0,0,0,0,0,0,0,0,0,0,767,0,0,0,0,668,0,0,0,0,0,2332,0,910,0,0
0,0,1,0,0,0,0,0,0,0,0,0,0,1601,0,0,0,0,0,0,0,0,0,0,0,0,0,813,0,0,0,0,632,0,0,0,0,0,2399,0,862,0,0
0,0,1,0,0,0,0,0,0,0,0,0,0,1569,0,0,0,0,0,0,0,0,0,0,0,0,0,829,0,0,0,0,648,0,0,0,0,0,2375,0,886,0,0
0,0,1,0,0,0,0,0,0,0,0,0,0,1650,0,0,0,0,0,0,0,0,0,0,0,0,0,735,0,0,0,0,645,0,0,0,0,0,2397,0,880,0,0
0,0,1,0,0,0,0,0,0,0,0,0,0,1623,0,0,0,0,0,0,0,0,0,0,0,0,0,814,0,0,0,0,679,0,0,0,0,0,2326,0,865,0,0
0,0,1,0,0,0,0,0,0,0,0,0,0,1618,0,0,0,0,0,0,0,0,0,0,0,0,0,783,0,0,0,0,657,0,0,0,0,0,2401,0,848,0,0
0,0,1,0,0,0,0,0,0,0,0,0,0,1638,0,0,0,0,0,0,0,0,0,0,0,0,0,782,0,0,0,0,672,0,0,0,0,0,2339,0,876,0,0
0,0,1,0,0,0,0,0,0,0,0,0,0,1652,0,0,0,0,0,0,0,0,0,0,0,0,0,775,0,0,0,0,691,0,0,0,0,0,2286,0,903,0,0
0,0,1,0,0,0,0,0,0,0,0,0,0,1684,0,0,0,0,0,0,0,0,0,0,0,0,0,782,0,0,0,0,680,0,0,0,0,0,2294,0,867,0,0
0,0,1,0,0,0,0,0,0,0,0,0,0,1627,0,0,0,0,0,0,0,0,0,0,0,0,0,843,0,0,0,0,669,0,0,0,0,0,2296,0,872,0,0
0,0,1,0,0,0,0,0,0,0,0,0,0,1579,0,0,0,0,0,0,0,0,0,0,0,0,0,856,0,0,0,0,703,0,0,0,0,0,2273,0,896,0,0
0,0,1,0,0,0,0,0,0,0,0,0,0,1668,0,0,0,0,0,0,0,0,0,0,0,0,0,786,0,0,0,0,674,0,0,0,0,0,2328,0,851,0,0
0,0,1,0,0,0,0,0,0,0,0,0,0,1678,0,0,0,0,0,0,0,0,0,0,0,0,0,774,0,0,0,0,664,0,0,0,0,0,2339,0,852,0,0
0,0,1,0,0,0,0,0,0,0,0,0,0,1622,0,0,0,0,0,0,0,0,0,0,0,0,0,815,0,0,0,0,660,0,0,0,0,0,2348,0,862,0,0
0,0,1,0,0,0,0,0,0,0,0,0,0,1718,0,0,0,0,0,0,0,0,0,0,0,0,0,746,0,0,0,0,624,0,0,0,0,0,2352,0,867,0,0
0,0,1,0,0,0,0,0,0,0,0,0,0,1696,0,0,0,0,0,0,0,0,0,0,0,0,0,770,0,0,0,0,629,0,0,0,0,0,2369,0,843,0,0
0,0,1,0,0,0,0,0,0,0,0,0,0,1688,0,0,0,0,0,0,0,0,0,0,0,0,0,775,0,0,0,0,643,0,0,0,0,0,2342,0,859,0,0
0,0,1,0,0,0,0,0,0,0,0,0,0,1681,0,0,0,0,0,0,0,0,1,0,0,0,0,784,0,0,0,0,671,0,0,0,0,0,2358,0,812,0,0
0,0,1,0,0,0,0,0,0,0,0,0,0,1654,0,0,0,0,0,0,0,0,2,0,0,0,0,798,0,0,0,0,673,0,0,0,0,0,2344,0,836,0,0
0,0,1,0,0,0,0,0,0,0,0,0,0,1688,0,0,0,0,0,0,0,0,2,0,0,0,0,793,0,0,0,0,636,0,0,0,0,0,2346,0,842,0,0
0,0,1,0,0,0,0,0,0,0,0,0,0,1686,0,0,0,0,0,0,0,0,0,0,0,0,0,805,0,0,0,0,666,0,0,0,0,0,2287,0,863,0,0
0,0,1,0,0,0,0,0,0,0,0,0,0,1664,0,0,0,0,0,0,0,0,5,0,0,0,0,829,0,0,0,0,602,0,0,0,0,0,2400,0,807,0,0
0,0,1,0,0,0,0,0,0,0,0,0,0,1682,0,0,0,0,0,0,0,0,5,0,0,0,0,842,0,0,0,0,675,0,0,0,0,0,2257,0,846,0,0
0,0,1,0,0,0,0,0,0,0,0,0,0,1705,0,0,0,0,0,0,0,0,11,0,0,0,0,838,0,0,0,0,672,0,0,0,0,0,2241,0,840,0,0
0,0,1,0,0,0,0,0,0,0,0,0,0,1640,0,0,0,0,0,0,0,0,14,0,0,0,0,832,0,0,0,0,634,0,0,0,0,0,2381,0,806,0,0
0,0,1,0,0,0,0,0,0,0,0,0,0,1741,0,0,0,0,0,0,0,0,15,0,0,0,0,741,0,0,0,0,657,0,0,0,0,0,2340,0,813,0,0
0,0,1,0,0,0,0,0,0,0,0,0,0,1715,0,0,0,0,0,0,0,0,15,0,0,0,0,794,0,0,0,0,657,0,0,0,0,0,2301,0,825,0,0
0,0,1,0,0,0,0,0,0,0,0,0,0,1684,0,0,0,0,0,0,0,0,12,0,0,0,0,826,0,0,0,0,682,0,0,0,0,0,2280,0,823,0,0
0,0,1,0,0,0,0,0,0,0,0,0,0,1703,0,0,0,0,0,0,0,0,23,0,0,0,0,782,0,0,0,0,686,0,0,0,0,0,2290,0,823,0,0
0,0,1,0,0,0,0,0,0,0,0,0,0,1737,0,0,0,0,0,0,0,0,21,0,0,0,0,791,0,0,0,0,625,0,0,0,0,0,2351,0,782,0,0
0,0,1,0,0,0,0,0,0,0,0,0,0,1656,0,0,0,0,0,0,0,0,23,0,0,0,0,841,0,0,0,0,621,0,0,0,0,0,2398,0,768,0,0
0,0,1,0,0,0,0,0,0,0,0,0,0,1714,0,0,0,0,0,0,0,0,13,0,0,0,0,819,0,0,0,0,705,0,0,0,0,0,2294,0,762,0,0
0,0,1,0,0,0,0,0,0,0,0,0,0,1700,0,0,0,0,0,0,0,0,29,0,0,0,0,788,0,0,0,0,668,0,0,0,0,0,2361,0,761,0,0
0,0,1,0,0,0,0,0,0,0,0,0,0,1674,0,0,0,0,0,0,0,0,30,0,0,0,0,785,0,0,0,0,660,0,0,0,0,0,2370,0,788,0,0
0,0,1,0,0,0,0,0,0,0,0,0,0,1717,0,0,0,0,0,0,0,0,47,0,0,0,0,785,0,0,0,0,659,0,0,0,0,0,2319,0,780,0,0
0,0,1,0,0,0,0,0,0,0,0,0,0,1726,0,0,0,0,0,0,0,0,38,0,0,0,0,774,0,0,0,0,686,0,0,0,0,0,2298,0,785,0,0
0,0,0,0,0,0,0,0,0,0,0,0,0,1741,0,0,0,0,0,0,0,0,55,0,0,0,0,749,0,0,0,0,711,0,0,0,0,0,2278,0,774,0,0
0,0,0,0,0,0,0,0,0,0,0,0,0,1757,0,0,0,0,0,0,0,0,59,0,0,0,0,781,0,0,0,0,650,0,0,0,0,0,2295,0,766,0,0
0,0,0,0,0,0,0,0,0,0,0,0,0,1768,0,0,0,0,0,0,0,0,54,0,0,0,0,790,0,0,0,0,659,0,0,0,0,0,2286,0,751,0,0
0,0,0,0,0,0,0,0,0,0,0,0,0,1766,0,0,0,0,0,0,0,0,54,0,0,0,0,763,0,0,0,0,671,0,0,0,0,0,2290,0,764,0,0
0,0,1,0,0,0,0,0,0,0,0,0,0,1782,0,0,0,0,0,0,0,0,50,0,0,0,0,796,0,0,0,0,633,0,0,0,0,0,2288,0,758,0,0
0,0,1,0,0,0,0,0,0,0,0,0,0,1772,0,0,0,0,0,0,0,0,78,0,0,0,0,831,0,0,0,0,636,0,0,0,0,0,2268,0,722,0,0
0,0,1,0,0,0,0,0,0,0,0,0,0,1768,0,0,0,0,0,0,0,0,86,0,0,0,0,801,0,0,0,0,671,0,0,0,0,0,2276,0,705,0,0
0,0,0,0,0,0,0,0,0,0,0,0,0,1761,0,0,0,0,0,0,0,0,98,0,0,0,0,818,0,0,0,0,657,0,0,0,0,0,2267,0,707,0,0
0,0,1,0,0,0,0,0,0,0,0,0,0,1779,0,0,0,0,0,0,0,0,87,0,0,0,0,804,0,0,0,0,650,0,0,0,0,0,2278,0,709,0,0
0,0,1,0,0,0,0,0,0,0,0,0,0,1847,0,0,0,0,0,0,0,0,89,0,0,0,0,752,0,0,0,0,617,0,0,0,0,0,2286,0,716,0,0
0,0,0,0,0,0,0,0,0,0,0,0,0,1793,0,0,0,0,0,0,0,0,91,0,0,0,0,760,0,0,0,0,656,0,0,0,0,0,2283,0,725,0,0
0,0,0,0,0,0,0,0,0,0,0,0,0,1738,0,0,0,0,0,0,0,0,97,0,0,0,0,821,0,0,0,0,643,0,0,0,0,0,2295,0,714,0,0
0,0,0,0,0,0,0,0,0,0,0,0,0,1741,0,0,0,0,0,0,0,0,115,0,0,0,0,786,0,0,0,0,671,0,0,0,0,0,2322,0,673,0,0
0,0,1,0,0,0,0,0,0,0,0,0,0,1809,0,0,0,0,0,0,0,0,109,0,0,0,0,767,0,0,0,0,654,0,0,0,0,0,2304,0,664,0,0
0,0,0,0,0,0,0,0,0,0,0,0,0,1824,0,0,0,0,0,0,0,0,108,0,0,0,0,758,0,0,0,0,647,0,0,0,0,0,2292,0,679,0,0
0,0,0,0,0,0,0,0,0,0,0,0,0,1844,0,0,0,0,0,0,0,0,117,0,0,0,0,752,0,0,0,0,662,0,0,0,0,0,2258,0,675,0,0
0,0,0,0,0,0,0,0,0,0,0,0,0,1782,0,0,0,0,0,0,0,0,145,0,0,0,0,752,0,0,0,0,681,0,0,0,0,0,2294,0,654,0,0
0,0,0,0,0,0,0,0,0,0,0,0,0,1822,0,0,0,0,0,0,0,0,152,0,0,0,0,705,0,0,0,0,708,0,0,0,0,0,2274,0,647,0,0
0,0,0,0,0,0,0,0,0,0,0,0,0,1822,0,0,0,0,0,0,0,0,185,0,0,0,0,715,0,0,0,0,716,0,0,0,0,0,2219,0,651,0,0
0,0,0,0,0,0,0,0,0,0,0,0,0,1827,0,0,0,0,0,0,0,0,160,0,0,0,0,702,0,0,0,0,728,0,0,0,0,0,2243,0,648,0,0
0,0,0,0,0,0,0,0,0,0,0,0,0,1873,0,0,0,0,0,0,0,0,154,0,0,0,0,681,0,0,0,0,747,0,0,0,0,0,2221,0,632,0,0
0,0,0,0,0,0,0,0,0,0,0,0,0,1779,0,0,0,0,0,0,0,0,192,0,0,0,0,696,0,0,0,0,716,0,0,0,0,0,2302,0,623,0,0
0,0,0,0,0,0,0,0,0,0,0,0,0,1818,0,0,0,0,0,0,0,0,188,0,0,0,0,716,0,0,0,0,726,0,0,0,0,0,2268,0,592,0,0
0,0,0,0,0,0,0,0,0,0,0,0,0,1836,0,0,0,0,0,0,0,0,220,0,0,0,0,673,0,0,0,0,673,0,0,0,0,0,2301,0,605,0,0
0,0,0,0,0,0,0,0,0,0,0,0,0,1831,0,0,0,0,0,0,0,0,238,0,0,0,0,679,0,0,0,0,688,0,0,0,0,0,2260,0,612,0,0
0,0,0,0,0,0,0,0,0,0,0,0,0,1880,0,0,0,0,0,0,0,0,239,0,0,0,0,637,0,0,0,0,732,0,0,0,0,0,2205,0,615,0,0
0,0,0,0,0,0,0,0,0,0,0,0,0,1894,0,0,0,0,0,0,0,0,246,0,0,0,0,634,0,0,0,0,727,0,0,0,0,0,2200,0,607,0,0
0,0,0,0,0,0,0,0,0,0,0,0,0,1869,0,0,0,0,0,0,0,0,256,0,0,0,0,639,0,0,0,0,748,0,0,0,0,0,2185,0,611,0,0
0,0,0,0,0,0,0,0,0,0,0,0,0,1916,0,0,0,0,0,0,0,0,293,0,0,0,0,605,0,0,0,0,700,0,0,0,0,0,2172,0,622,0,0
0,0,0,0,0,0,0,0,0,0,0,0,0,1870,0,0,0,0,0,0,0,0,290,0,0,0,0,628,0,0,0,0,726,0,0,0,0,0,2216,0,578,0,0
0,0,0,0,0,0,0,0,0,0,0,0,0,1940,0,0,0,0,0,0,0,0,322,0,0,0,0,584,0,0,0,0,728,0,0,0,0,0,2111,0,623,0,0
0,0,0,0,0,0,0,0,0,0,0,0,0,1875,0,0,0,0,0,0,0,0,283,0,0,0,0,641,0,0,0,0,762,0,0,0,0,0,2171,0,576,0,0
0,0,0,0,0,0,0,0,0,0,0,0,0,1893,0,0,0,0,0,0,0,0,303,0,0,0,0,630,0,0,0,0,759,0,0,0,0,0,2146,0,577,0,0
0,0,0,0,0,0,0,0,0,0,0,0,0,1869,0,0,0,0,0,0,0,0,307,0,0,0,0,612,0,0,0,0,745,0,0,0,0,0,2188,0,587,0,0
0,0,0,0,0,0,0,0,0,0,0,0,0,1900,0,0,0,0,0,0,0,0,314,0,0,0,0,619,0,0,0,0,741,0,0,0,0,0,2160,0,574,0,0
0,0,0,0,0,0,0,0,0,0,0,0,0,1892,0,0,0,0,0,0,0,0,346,0,0,0,0,617,0,0,0,0,756,0,0,0,0,0,2135,0,562,0,0
0,0,0,0,0,0,0,0,0,0,0,0,0,1928,0,0,0,0,0,0,0,0,397,0,0,0,0,553,0,0,0,0,757,0,0,0,0,0,2117,0,556,0,0
0,0,0,0,0,0,0,0,0,0,0,0,0,1907,0,0,0,0,0,0,0,0,428,0,0,0,0,481,0,0,0,0,769,0,0,0,0,0,2165,0,558,0,0
0,0,0,0,0,0,0,0,0,0,0,0,0,1923,0,0,0,0,0,0,0,0,434,0,0,0,0,492,0,0,0,0,767,0,0,0,0,0,2161,0,531,0,0
0,0,0,0,0,0,0,0,0,0,0,0,0,1942,0,0,0,0,0,0,0,0,438,0,0,0,0,502,0,0,0,0,779,0,0,0,0,0,2137,0,510,0,0
0,0,0,0,0,0,0,0,0,0,0,0,0,2000,0,0,0,0,0,0,0,0,383,0,0,0,0,495,0,0,0,0,770,0,0,0,0,0,2123,0,537,0,0
0,0,0,0,0,0,0,0,0,0,0,0,0,1941,0,0,0,0,0,0,0,0,497,0,0,0,0,471,0,0,0,0,772,0,0,0,0,0,2116,0,511,0,0
0,0,0,0,0,0,0,0,0,0,0,0,0,1966,0,0,0,0,0,0,0,0,469,0,0,0,0,449,0,0,0,0,813,0,0,0,0,0,2107,0,504,0,0
0,0,0,0,0,0,0,0,0,0,0,0,0,1994,0,0,0,0,0,0,0,0,466,0,0,0,0,480,0,0,0,0,796,0,0,0,0,0,2041,0,531,0,0
0,0,0,0,0,0,0,0,0,0,0,0,0,1958,0,0,0,0,0,0,0,0,521,0,0,0,0,471,0,0,0,0,830,0,0,0,0,0,2026,0,502,0,0
0,0,0,0,0,0,0,0,0,0,0,0,0,2001,0,0,0,0,0,0,0,0,523,0,0,0,0,440,0,0,0,0,789,0,0,0,0,0,2060,0,495,0,0
0,0,0,0,0,0,0,0,0,0,0,0,0,2015,0,0,0,0,0,0,0,0,500,0,0,0,0,439,0,0,0,0,817,0,0,0,0,0,2029,0,508,0,0
0,0,0,0,0,0,0,0,0,0,0,0,0,2040,0,0,0,0,0,0,0,0,545,0,0,0,0,415,0,0,0,0,812,0,0,0,0,0,1992,0,504,0,0
0,0,0,0,0,0,0,0,0,0,0,0,0,1991,0,0,0,0,0,0,0,0,574,0,0,0,0,438,0,0,0,0,856,0,0,0,0,0,1932,0,517,0,0
0,0,0,0,0,0,0,0,0,0,0,0,0,2030,0,0,0,0,0,0,0,0,560,0,0,0,0,392,0,0,0,0,880,0,0,0,0,0,1914,0,532,0,0
0,0,0,0,0,0,0,0,0,0,0,0,0,2018,0,0,0,0,0,0,0,0,584,0,0,0,0,366,0,0,0,0,863,0,0,0,0,0,2006,0,471,0,0
0,0,0,0,0,0,0,0,0,0,0,0,0,2009,0,0,0,0,0,0,0,0,624,0,0,0,0,407,0,0,0,0,815,0,0,0,0,0,1944,0,509,0,0
0,0,1,0,0,0,0,0,0,0,0,0,0,2043,0,0,0,0,0,0,0,0,598,0,0,0,0,397,0,0,0,0,822,0,0,0,0,0,1953,0,494,0,0
0,0,0,0,0,0,0,0,0,0,0,0,0,1998,0,0,0,0,0,0,0,0,621,0,0,0,0,398,0,0,0,0,861,0,0,0,0,0,1959,0,471,0,0
0,0,0,0,0,0,0,0,0,0,0,0,0,2072,0,0,0,0,0,0,0,0,641,0,0,0,0,381,0,0,0,0,803,0,0,0,0,0,1972,0,439,0,0
0,0,0,0,0,0,0,0,0,0,0,0,0,2039,0,0,0,0,0,0,0,0,660,0,0,0,0,364,0,0,0,0,898,0,0,0,0,0,1930,0,417,0,0
0,0,0,0,0,0,0,0,0,0,0,0,0,2020,0,0,0,0,0,0,0,0,683,0,0,0,0,364,0,0,0,0,902,0,0,0,0,0,1913,0,426,0,0
0,0,0,0,0,0,0,0,0,0,0,0,0,2083,0,0,0,0,0,0,0,0,667,0,0,0,0,351,0,0,0,0,901,0,0,0,0,0,1878,0,428,0,0
0,0,0,0,0,0,0,0,0,0,0,0,0,2083,0,0,0,0,0,0,0,0,726,0,0,0,0,321,0,0,0,0,851,0,0,0,0,0,1891,0,436,0,0
0,0,0,0,0,0,0,0,0,0,0,0,0,2065,0,0,0,0,0,0,0,0,738,0,0,0,0,321,0,0,0,0,882,0,0,0,0,0,1895,0,407,0,0
0,0,0,0,0,0,0,0,0,0,0,0,0,2104,0,0,0,0,0,0,0,0,701,0,0,0,0,302,0,0,0,0,854,0,0,0,0,0,1942,0,405,0,0
0,0,0,0,0,0,0,0,0,0,0,0,0,2065,0,0,0,0,0,0,0,0,743,0,0,0,0,300,0,0,0,0,881,0,0,0,0,0,1873,0,446,0,0
0,0,0,0,0,0,0,0,0,0,0,0,0,2063,0,0,0,0,0,0,0,0,768,0,0,0,0,307,0,0,0,0,891,0,0,0,0,0,1856,0,423,0,0
0,0,0,0,0,0,0,0,0,0,0,0,0,2147,0,0,0,0,0,0,0,0,707,0,0,0,0,282,0,0,0,0,915,0,0,0,0,0,1849,0,408,0,0
0,0,0,0,0,0,0,0,0,0,0,0,0,2108,0,0,0,0,0,0,0,0,747,0,0,0,0,294,0,0,0,0,933,0,0,0,0,0,1832,0,394,0,0
0,0,0,0,0,0,0,0,0,0,0,0,0,2116,0,0,0,0,0,0,0,0,775,0,0,0,0,283,0,0,0,0,923,0,0,0,0,0,1784,0,427,0,0
0,0,0,0,0,0,0,0,0,0,0,0,0,2112,0,0,0,0,0,0,0,0,816,0,0,0,0,286,0,0,0,0,888,0,0,0,0,0,1793,0,413,0,0
0,0,0,0,0,0,0,0,0,0,0,0,0,2125,0,0,0,0,0,0,0,0,802,0,0,0,0,311,0,0,0,0,904,0,0,0,0,0,1770,0,396,0,0
0,0,0,0,0,0,0,0,0,0,0,0,0,2143,0,0,0,0,0,0,0,0,803,0,0,0,0,294,0,0,0,0,927,0,0,0,0,0,1738,0,403,0,0
0,0,0,0,0,0,0,0,0,0,0,0,0,2166,0,0,0,0,0,0,0,0,818,0,0,0,0,274,0,0,0,0,867,0,0,0,0,0,1782,0,401,0,0
0,0,0,0,0,0,0,0,0,0,0,0,0,2147,0,0,0,0,0,0,0,0,813,0,0,0,0,258,0,0,0,0,892,0,0,0,0,0,1806,0,392,0,0
0,0,0,0,0,0,0,0,0,0,0,0,0,2141,0,0,0,0,0,0,0,0,813,0,0,0,0,250,0,0,0,0,929,0,0,0,0,0,1753,0,422,0,0
0,0,0,0,0,0,0,0,0,0,0,0,0,2214,0,0,0,0,0,0,0,0,793,0,0,0,0,239,0,0,0,0,940,0,0,0,0,0,1759,0,363,0,0
0,0,0,0,0,0,0,0,0,0,0,0,0,2182,0,0,0,0,0,0,0,0,807,0,0,0,0,230,0,0,0,0,948,0,0,0,0,0,1799,0,342,0,0
0,0,0,0,0,0,0,0,0,0,0,0,0,2181,0,0,0,0,0,0,0,0,871,0,0,0,0,215,0,0,0,0,923,0,0,0,0,0,1766,0,352,0,0
0,0,0,0,0,0,0,0,0,0,0,0,0,2193,0,0,0,0,0,0,0,0,869,0,0,0,0,235,0,0,0,0,904,0,0,0,0,0,1789,0,318,0,0
0,0,0,0,0,0,0,0,0,0,0,0,0,2186,0,0,0,0,0,0,0,0,890,0,0,0,0,222,0,0,0,0,946,0,0,0,0,0,1705,0,359,0,0
0,0,0,0,0,0,0,0,0,0,0,0,0,2181,0,0,0,0,0,0,0,0,847,0,0,0,0,238,0,0,0,0,903,0,0,0,0,0,1802,0,337,0,0
0,0,0,0,0,0,0,0,0,0,0,0,0,2207,0,0,0,0,0,0,0,0,882,0,0,0,0,232,0,0,0,0,884,0,0,0,0,0,1755,0,348,0,0
0,0,0,0,0,0,0,0,0,0,0,0,0,2238,0,0,0,0,0,0,0,0,875,0,0,0,0,194,0,0,0,0,933,0,0,0,0,0,1690,0,378,0,0
0,0,0,0,0,0,0,0,0,0,0,0,0,2232,0,0,0,0,0,0,0,0,902,0,0,0,0,190,0,0,0,0,920,0,0,0,0,0,1694,0,370,0,0
0,0,0,0,0,0,0,0,0,0,0,0,0,2323,0,0,0,0,0,0,0,0,999,0,0,0,0,190,0,0,0,0,897,0,0,0,0,0,1594,0,305,0,0
0,0,0,0,0,0,0,0,0,0,0,0,0,1849,0,0,0,0,0,0,0,0,760,0,0,0,0,163,0,0,0,0,698,0,0,0,0,0,1174,0,199,0,0
0,0,0,0,0,0,0,0,0,0,0,0,0,1269,0,0,0,0,0,0,0,0,535,0,0,0,0,75,0,0,0,0,430,0,0,0,0,0,713,0,119,0,0
0,0,0,0,0,0,0,0,0,0,0,0,0,693,0,0,0,0,0,0,0,0,284,0,0,0,0,38,0,0,0,0,225,0,0,0,0,0,300,0,43,0,0
