0,0,0,0,0,0,0,0,0,0,0,0,0,0,0,6,5268,135,1949,522,478,55,0,0,0,0,0,0,0,0,138,0,6280,5017,4608,3861,8332,33818,680532,0,0,0,0,0,0
0,0,0,0,0,0,0,0,0,0,0,0,0,0,0,238,8496,17,873,1470,900,0,0,0,0,0,0,0,0,0,2,0,2817,7657,5534,4173,2554,33723,682545,0,0,0,0,0,0
0,0,0,0,0,0,0,0,0,0,0,0,0,0,0,3,5229,0,2829,1418,634,0,0,0,0,0,0,0,0,0,0,0,4316,5544,2322,6296,3826,34751,683831,0,0,0,0,0,0
0,0,0,0,0,0,0,0,0,0,0,0,0,0,0,0,3841,0,1293,0,727,359,0,0,0,0,0,0,0,0,0,0,3663,4925,828,4536,3461,26762,700604,0,0,0,0,0,0
0,0,0,0,0,0,0,0,0,0,0,0,0,0,0,0,0,0,6038,0,1292,494,0,0,0,0,0,0,0,0,0,0,3012,5872,1647,5350,3050,30665,693579,0,0,0,0,0,0
0,0,0,0,0,0,0,0,0,0,0,0,0,0,0,290,5187,914,2259,3204,1984,0,0,0,0,0,0,0,0,0,286,0,4355,6125,3103,5160,5637,32382,555308,124805,0,0,0,0,0
0,0,0,0,0,0,0,0,0,0,0,0,0,0,0,300,3332,234,3874,1175,2465,1744,0,0,0,0,0,0,0,0,109,0,4934,7930,2503,5809,4700,35851,340714,335325,0,0,0,0,0
0,0,0,0,0,0,0,0,0,0,0,0,0,0,0,468,2159,82,4070,394,783,500,0,0,0,0,0,0,0,0,102,0,4685,7505,2416,6139,5207,35749,226099,454641,0,0,0,0,0
0,0,0,0,0,0,0,0,0,0,0,0,0,0,0,1099,2573,298,3369,552,911,402,0,0,0,0,0,0,0,0,417,0,4917,5203,3470,6305,7881,34092,107664,571846,0,0,0,0,0
0,0,0,0,0,0,0,0,0,0,0,0,0,0,0,1719,2465,345,2560,857,903,357,0,0,0,0,0,0,0,0,347,0,5129,5210,3926,5438,8607,33380,106279,573477,0,0,0,0,0
0,0,0,0,0,0,0,0,0,0,0,0,0,0,1,1603,2466,354,2288,895,949,311,0,0,0,0,0,0,0,0,358,0,4956,5161,3545,5168,7925,32913,99641,582465,0,0,0,0,0
0,0,0,0,0,0,0,0,0,0,0,0,0,0,2,1844,2335,481,2369,895,1228,371,0,0,0,0,0,0,0,0,463,0,5022,5126,3831,5217,8438,32297,111704,569376,0,0,0,0,0
0,0,0,0,0,0,0,0,0,0,0,0,0,0,21,1842,2446,537,2507,1106,1326,363,0,0,0,0,0,0,0,0,441,0,4983,5423,3924,5355,8239,32524,104317,575645,0,0,0,0,0
0,0,0,0,0,0,0,0,0,0,0,0,0,0,19,1855,2595,632,2496,1136,1352,412,0,0,0,0,0,0,0,3,391,0,5195,5492,3894,5448,8222,33168,100564,578125,0,0,0,0,0
0,0,0,0,0,0,0,0,0,0,0,0,1,0,48,2229,2662,752,2523,1260,1410,452,0,0,0,0,0,0,0,0,466,0,5646,5555,4400,5641,8635,34379,105774,569166,0,0,0,0,0
0,0,0,0,0,0,0,0,0,0,0,0,0,0,77,2194,2528,866,2333,1043,1253,350,0,0,1,0,0,0,0,5,474,0,5792,5433,4232,5585,8576,33494,109187,567576,0,0,0,0,0
0,0,0,0,0,0,0,0,0,0,0,0,1,0,92,2113,2587,989,2194,1042,1340,364,0,0,0,0,0,1,0,2,356,1,5886,5583,4130,5395,9802,34166,105878,569077,0,0,0,0,0
0,0,0,0,0,0,0,0,0,0,0,0,0,0,176,1981,2533,1146,2185,819,1397,327,0,0,1,0,0,3,0,4,461,1,5817,5395,3917,5444,10696,33562,118814,556320,0,0,0,0,0
0,0,0,0,0,0,0,0,0,0,0,0,0,1,169,2109,2402,1354,2041,718,1362,319,0,0,0,0,0,2,0,6,424,3,5905,5185,4163,5530,10780,33904,118626,555996,0,0,0,0,0
0,0,0,0,0,0,0,0,0,0,0,0,0,1,200,2187,2615,1702,2147,703,1544,314,0,0,1,0,0,1,0,4,522,2,6016,5758,4507,5792,9436,34135,111657,561755,0,0,0,0,0
0,0,0,0,0,0,0,0,0,0,0,0,3,1,142,2179,2968,1740,1927,622,1665,301,0,0,0,0,0,0,0,5,419,3,5749,5986,4415,5556,8646,34511,106375,567786,0,0,0,0,0
0,0,0,0,0,0,0,0,0,0,0,0,4,0,262,2168,2507,1872,1717,445,1498,209,0,0,0,0,0,1,0,10,482,9,5652,5786,4145,5495,9360,34156,115886,559335,0,0,0,0,0
0,0,0,0,0,0,0,0,0,0,0,0,3,0,330,2005,2833,2256,1739,461,1698,200,0,0,2,0,0,1,0,15,523,11,5917,5942,4380,5473,9212,34730,111956,561312,0,0,0,0,0
0,0,0,0,0,0,0,0,0,0,0,0,2,0,339,1694,2527,2316,1365,174,1657,112,0,0,2,0,3,2,0,12,425,16,5583,5393,3854,5248,8487,33722,111988,566078,0,0,0,0,0
0,0,0,0,0,0,0,0,0,0,0,0,5,1,495,1879,2723,2697,1188,109,1748,97,0,0,2,0,3,1,0,16,545,18,5862,5248,4320,5761,9196,33865,121999,553221,0,0,0,0,0
0,0,0,0,0,0,0,0,0,0,0,0,2,0,539,1846,2541,2897,1093,47,1699,39,0,0,3,0,2,3,0,17,510,21,5667,5378,4189,5416,9942,32633,114631,561884,0,0,0,0,0
0,0,0,0,0,0,0,0,0,0,0,0,1,1,555,1651,2749,2942,983,31,1760,33,0,0,1,0,0,3,1,18,465,24,5611,5355,4144,5426,8683,34019,111990,564553,0,0,0,0,0
0,0,0,0,0,0,0,0,0,0,0,0,3,0,609,1491,2766,2662,916,17,1668,26,0,0,1,0,1,2,0,20,490,30,5598,5240,3538,5252,9708,32873,112569,565519,0,0,0,0,0
0,0,0,0,0,0,0,0,0,0,0,0,3,0,701,1625,2513,2667,882,8,1651,6,0,0,1,2,1,5,1,27,550,35,5307,5119,3291,4941,10157,32432,109858,569216,0,0,0,0,0
0,0,0,0,0,0,0,0,0,0,0,0,8,0,813,1497,3177,3023,1065,1,1998,6,0,0,0,0,0,2,0,42,488,37,5659,5724,2895,5033,10344,34860,113283,561044,0,0,0,0,0
0,0,0,0,0,0,0,0,0,0,0,0,3,0,874,1547,3055,3199,1041,0,2223,3,0,0,0,1,2,5,0,38,545,46,5493,5739,2347,5394,10800,34612,109391,564641,0,0,0,0,0
0,0,0,0,0,0,0,0,0,0,0,0,4,1,969,1322,2959,2980,1037,0,1960,1,0,0,0,1,3,5,1,47,508,36,5643,5800,2357,5054,11513,34110,112597,562091,0,0,0,0,0
0,0,0,0,0,0,0,0,0,0,0,0,5,3,1070,1224,2959,2865,1082,0,1982,2,0,0,0,3,0,7,0,49,472,65,5619,5535,2340,5104,10914,35481,114924,559294,0,0,0,0,0
0,0,0,0,0,0,0,0,0,0,0,0,3,3,966,955,2532,2388,777,0,1454,0,0,0,1,3,1,7,1,30,420,65,5195,4879,2122,4804,10319,31919,109391,572764,0,0,0,0,0
0,0,0,0,0,0,0,0,0,0,0,0,5,2,1034,975,2502,2439,899,0,1530,0,0,0,2,0,1,13,0,51,409,76,4888,5054,2093,4784,10198,31632,103417,578995,0,0,0,0,0
0,0,0,0,0,0,0,0,0,0,0,0,8,3,1142,990,2760,2890,952,0,1929,0,0,0,0,2,3,11,1,59,466,94,5044,5529,2241,4855,10259,33136,103499,575126,0,0,0,0,0
0,0,0,0,0,0,0,0,0,0,0,0,14,2,1218,1062,3266,2970,1038,0,2159,0,0,0,5,0,3,10,0,59,531,115,5307,5635,2173,5362,10745,33970,107105,568250,0,0,0,0,0
0,0,0,0,0,0,0,0,0,0,0,0,10,4,1316,1023,3192,2986,1185,0,2062,0,0,0,5,3,2,15,1,59,499,123,5563,5798,2232,5464,11150,34273,108749,565285,0,0,0,0,0
0,0,0,0,0,0,0,0,0,0,0,0,9,13,1380,1003,3187,2900,1307,0,2067,0,0,0,4,0,3,13,1,85,541,118,5563,5728,2419,5231,11532,34014,110181,563700,0,0,0,0,0
0,0,0,0,0,0,0,0,0,0,0,0,14,11,1496,1024,3145,2605,1158,0,1860,0,0,0,3,2,3,16,1,69,633,129,5536,5762,2383,5118,11163,33679,114292,560897,0,0,0,0,0
0,0,0,0,0,0,0,0,0,0,0,0,9,8,1559,1086,3046,2389,1149,29,1765,0,0,0,2,1,3,20,4,89,596,136,5382,5403,2422,5043,11584,33052,118081,537050,21091,0,0,0,0
0,0,0,0,0,0,0,0,0,0,0,0,15,7,1570,1162,3259,2501,1113,92,1880,0,0,0,2,4,1,21,2,108,621,166,5462,5545,2614,4977,11912,33317,121931,500277,52440,0,0,0,0
0,0,0,0,0,0,0,0,0,0,0,0,14,9,1533,1206,3368,2554,1194,140,1852,0,0,0,2,1,4,27,3,141,715,182,5477,5673,2613,4985,11783,34265,117221,487170,68867,0,0,0,0
0,0,0,0,0,0,0,0,0,0,0,0,18,11,1620,1223,3514,2580,1260,174,1965,0,0,0,6,1,6,22,2,152,742,184,5505,5903,2648,5138,11763,33754,115921,467417,89470,0,0,0,0
0,0,0,0,0,0,0,0,0,0,0,0,25,15,1566,1130,3469,2620,1197,208,2015,0,0,0,3,1,5,40,3,195,686,247,5543,5855,2568,5307,11858,34773,113169,474347,84154,0,0,0,0
0,0,0,0,0,0,0,0,0,0,0,0,22,16,1472,1138,3343,2385,1095,203,1810,0,0,0,6,1,7,37,4,197,642,317,5286,5605,2441,4994,11448,34020,106401,490438,77671,0,0,0,0
0,0,0,0,0,0,0,0,0,0,0,0,33,14,1499,1157,3512,2266,1219,250,1816,0,0,0,5,3,3,35,6,214,711,288,5126,5563,2610,4913,11195,33480,108383,497269,69429,0,0,0,0
0,0,0,0,0,0,0,0,0,0,0,0,35,16,1627,1076,3255,2053,1052,255,1690,0,0,0,5,4,4,49,8,685,646,366,5095,5302,2368,4821,13506,33155,105500,506680,61746,0,0,0,0
0,0,0,0,0,0,0,0,0,0,0,0,39,12,1529,1097,3185,2192,976,268,1639,0,0,0,3,1,4,47,5,346,588,328,4937,5432,2340,4789,11758,33394,109154,514135,52801,0,0,0,0
0,0,0,0,0,0,0,0,0,0,0,0,33,15,1505,1244,3625,2250,1080,319,1905,0,0,0,10,5,14,46,12,249,738,323,5074,5681,2523,4896,11089,34172,115779,514683,43729,0,0,0,0
0,0,0,0,0,0,0,0,0,0,0,0,35,29,1700,1060,3413,2236,1120,283,1797,0,0,0,5,2,5,51,7,290,820,380,5150,5722,2346,5132,11735,32986,115586,523688,35421,0,0,0,0
0,0,0,0,0,0,0,0,0,0,0,0,48,19,1674,1115,3614,2445,1107,311,1875,0,0,0,8,1,10,49,8,269,720,426,4973,5697,2457,5016,11262,34293,114771,530471,28360,0,0,0,0
0,0,0,0,0,0,0,0,0,0,0,0,49,14,1701,1124,3948,2538,1274,363,2132,0,0,0,3,13,10,53,6,258,750,456,4932,6127,2390,5427,11332,35529,114826,533937,21807,0,0,0,0
0,0,0,0,0,0,0,0,0,0,0,0,59,29,1524,1159,3639,2388,1275,390,1952,0,0,0,5,6,10,57,13,307,772,489,4929,6112,2326,5467,10922,34838,104558,551579,16194,0,0,0,0
0,0,0,0,0,0,0,0,0,0,0,0,57,43,1458,999,3714,2615,1305,401,2069,0,0,0,7,5,9,94,10,333,737,542,4702,6112,2120,5446,10848,35233,99713,560598,11829,0,0,0,0
0,0,0,0,0,0,0,0,0,0,0,0,60,47,1436,1139,3672,2303,1254,352,1979,0,0,0,11,9,12,82,17,331,746,646,4404,5933,2127,5279,10359,34604,98628,567448,8121,0,0,0,0
0,0,0,0,0,0,0,0,0,0,0,0,57,38,1431,1024,3588,2119,1125,355,1667,0,0,0,12,9,8,81,10,383,721,616,4185,5661,2112,5093,10253,33586,96886,574616,5363,0,0,0,0
0,0,0,0,0,0,0,0,0,0,0,0,64,47,1546,1050,3430,2053,1091,402,1516,0,0,0,10,15,9,105,8,452,795,603,4140,5341,2299,4845,11044,33061,113063,560654,3356,0,0,0,0
0,0,0,0,0,0,0,0,0,0,0,0,67,56,1775,1059,3512,2086,1047,414,1635,0,0,0,10,17,11,112,16,417,1037,627,4270,5287,2281,4900,10529,35623,106032,566133,2046,0,0,0,0
0,0,0,0,0,0,0,0,0,0,0,0,73,52,1664,1116,3413,2033,1095,416,1569,0,0,0,14,16,11,95,11,534,980,713,3978,5352,2294,4685,12051,32214,114360,561113,1147,0,0,0,0
0,0,0,0,0,0,0,0,0,0,0,0,66,59,1663,1115,3437,2128,1122,449,1525,0,0,0,18,12,21,115,15,529,1078,813,3771,5404,2450,4659,11533,32907,120161,555333,616,0,0,0,0
0,0,0,0,0,0,0,0,0,0,0,0,76,57,1876,1316,3171,2109,1102,431,1479,0,0,0,15,7,21,102,11,597,1356,913,3772,5349,2655,4538,11599,34742,119210,554157,338,0,0,0,0
0,0,0,0,0,0,0,0,0,0,0,0,103,64,1626,1224,3408,2117,1205,476,1466,0,0,0,18,8,17,105,20,594,1013,870,3520,5548,2492,4453,10945,32700,109030,567810,167,0,0,0,0
0,0,0,0,0,0,0,0,0,0,0,0,95,65,1615,1174,3662,2016,1307,517,1492,0,0,0,18,14,19,140,20,657,1112,1000,3616,5609,2546,4468,10902,33486,106380,568986,83,0,0,0,0
0,0,0,0,0,0,0,0,0,0,0,0,102,84,1708,1262,3494,2088,1186,517,1392,0,0,0,16,15,26,135,18,773,1217,1003,3451,5547,2633,4573,10996,33666,118977,556071,49,0,0,0,0
0,0,0,0,0,0,0,0,0,0,0,0,96,74,1728,1238,3460,2112,1192,536,1519,0,0,0,23,23,18,134,22,750,1345,1182,3104,5620,2631,4460,10879,32784,103990,572062,17,0,0,0,0
0,0,0,0,0,0,0,0,0,0,0,0,99,88,1683,1205,3829,2029,1251,571,1513,0,0,0,13,24,19,165,26,734,1216,1361,3050,5847,2401,4835,10224,34505,106513,567787,11,0,0,0,0
0,0,0,0,0,0,0,0,0,0,0,0,123,93,1641,1218,3436,2083,1269,608,1351,0,0,0,15,31,24,154,17,810,1224,1314,2891,5583,2532,4659,10323,33139,106823,569634,4,0,0,0,0
0,0,0,0,0,0,0,0,0,0,0,0,121,100,1713,1277,3352,2213,1183,631,1390,0,0,0,25,23,29,175,25,903,1259,1470,2694,5642,2429,4562,10536,32992,109513,566738,4,0,0,0,0
0,0,0,0,0,0,0,0,0,0,0,0,130,102,1672,1165,3262,2109,1233,589,1343,0,0,0,24,20,38,193,37,777,1223,1542,2406,5430,2307,4564,9796,32719,104000,574315,3,0,0,0,0
0,0,0,0,0,0,0,0,0,0,0,0,116,115,1680,1100,3470,2179,1262,654,1308,0,0,0,19,31,25,165,31,788,1267,1577,2306,5701,2360,4558,9939,32770,107555,570021,2,0,0,0,0
0,0,0,0,0,0,0,0,0,0,0,0,131,113,1712,1139,3156,2114,1148,634,1211,0,0,0,28,17,37,204,36,890,1300,1788,2091,5460,2454,4440,10313,32258,115635,562690,0,0,0,0,0
0,0,0,0,0,0,0,0,0,0,0,0,145,101,1770,1110,3099,2256,1098,674,1234,0,0,0,25,37,32,195,42,851,1295,1868,1888,5302,2352,4496,10666,32063,117438,560962,0,0,0,0,0
0,0,0,0,0,0,0,0,0,0,0,0,146,105,1780,1192,3194,2160,1214,746,1190,0,0,0,29,33,35,256,43,1001,1385,1876,1833,5524,2517,4376,10351,32217,115916,561880,0,0,0,0,0
0,0,0,0,0,0,0,0,0,0,0,0,159,136,1966,1251,3413,2270,1239,796,1188,0,0,0,36,39,37,242,35,997,1545,1963,1829,5916,2602,4476,10716,32989,116993,558166,0,0,0,0,0
0,0,0,0,0,0,0,0,0,0,0,0,181,117,1877,1264,3636,2306,1345,822,1158,0,0,0,41,45,37,286,45,1005,1480,2169,1714,6048,2525,4484,10554,33377,112316,562167,0,0,0,0,0
0,0,0,0,0,0,0,0,0,0,0,0,188,146,1907,1291,3598,2425,1376,909,1241,0,0,0,34,45,46,285,40,987,1616,2281,1616,6264,2557,4654,10521,34295,111112,561565,0,0,0,0,0
0,0,0,0,0,0,0,0,0,0,0,0,181,165,1852,1217,3715,2460,1361,903,1161,0,0,0,30,54,49,301,45,937,1597,2346,1493,6153,2410,4766,10085,34068,107753,565897,0,0,0,0,0
0,0,0,0,0,0,0,0,0,0,0,0,180,168,1828,1261,3725,2256,1413,965,1023,0,0,0,44,55,47,266,50,1089,1667,2341,1329,6369,2484,4611,10372,33492,111256,562708,0,0,0,0,0
0,0,0,0,0,0,0,0,0,0,0,0,225,172,1939,1359,3595,2447,1423,1026,993,0,0,0,49,36,47,293,58,1089,1802,2421,1347,6188,2633,4692,10774,33625,116971,555795,0,0,0,0,0
0,0,0,0,0,0,0,0,0,0,0,0,216,200,1934,1316,3729,2377,1457,984,958,0,0,0,55,48,62,319,59,1096,1807,2464,1300,6146,2673,4816,10610,33745,117271,555357,0,0,0,0,0
0,0,0,0,0,0,0,0,0,0,0,0,229,218,2091,1380,3724,2478,1439,1041,908,0,0,0,44,56,68,347,60,1056,1784,2597,1253,6288,2683,4670,10816,33786,119907,552076,0,0,0,0,0
0,0,0,0,0,0,0,0,0,0,0,0,232,217,2184,1333,3648,2261,1419,1027,768,0,0,0,52,63,70,359,65,1193,1866,2558,1084,5979,2807,4518,10745,33417,120731,552403,0,0,0,0,0
0,0,0,0,0,0,0,0,0,0,0,0,210,204,2222,1348,3607,2386,1242,1089,787,0,0,0,62,69,70,401,72,1159,1867,2455,1104,5923,2785,4404,10791,33522,117084,556136,0,0,0,0,0
0,0,0,0,0,0,0,0,0,0,0,0,243,203,2502,1445,3534,2435,1337,1161,708,0,0,0,62,56,80,455,76,1216,1937,2506,1050,6076,2946,4296,10906,33594,119893,552282,0,0,0,0,0
0,0,0,0,0,0,0,0,0,0,0,0,259,203,2665,1484,3707,2471,1450,1175,755,0,0,0,77,62,69,488,59,1237,1920,2550,1047,6387,2935,4632,10750,33923,111329,559365,0,0,0,0,0
0,0,0,0,0,0,0,0,0,0,0,0,242,253,2687,1537,3989,2828,1724,1410,757,0,0,0,67,71,76,587,63,1286,1941,2780,927,6953,2896,4887,10875,35862,109514,556787,0,0,0,0,0
0,0,0,0,0,0,0,0,0,0,0,0,263,287,2708,1594,4214,2553,1973,1305,659,0,0,0,90,72,84,630,78,1393,2115,2841,985,7042,2837,4744,10750,35809,112259,553714,0,0,0,0,0
0,0,0,0,0,0,0,0,0,0,0,0,290,256,2840,1562,3992,2490,1696,1353,558,0,0,0,92,81,96,684,99,1503,2372,2774,998,6799,2852,4666,11422,34597,118908,548019,0,0,0,0,0
0,0,0,0,0,0,0,0,0,0,0,0,318,281,2979,1547,4047,2397,1906,1410,503,0,0,0,87,66,89,764,76,1384,2160,2621,946,6767,3019,4711,10811,34246,113638,554226,0,0,0,0,0
0,0,0,0,0,0,0,0,0,0,0,0,313,271,2867,1526,3611,2389,1823,1350,414,0,0,0,87,88,112,779,85,1390,2071,2646,812,6534,3066,4527,10401,33856,117971,552010,0,0,0,0,0
0,0,0,0,0,0,0,0,0,0,0,0,296,273,2867,1579,3734,2473,1932,1346,353,0,0,0,94,79,94,687,96,1276,2159,2483,937,6335,3219,4400,10224,33830,119972,550261,0,0,0,0,0
0,0,0,0,0,0,0,0,0,0,0,0,343,297,2688,1582,3503,2469,1742,1315,329,0,0,0,105,88,111,716,93,1288,2174,2467,872,6317,3104,4272,10167,33146,122707,549104,0,0,0,0,0
0,0,0,0,0,0,0,0,0,0,0,0,381,289,2583,1684,3635,2589,1802,1427,252,0,0,0,94,77,105,678,107,1187,1994,2345,832,5884,3007,4338,9111,32764,107941,565893,0,0,0,0,0
0,0,0,0,0,0,0,0,0,0,0,0,350,349,2678,1643,3556,2566,1790,1425,242,0,0,0,95,92,116,738,123,1241,2106,2275,854,6279,3228,4319,9593,33238,107982,564121,0,0,0,0,0
0,0,0,0,0,0,0,0,0,0,0,0,419,344,2933,1775,3893,2699,1900,1572,193,0,0,0,110,93,127,766,133,1253,2168,2394,954,6440,3450,4449,9999,33778,109553,559604,0,0,0,0,0
0,0,0,0,0,0,0,0,0,0,0,0,403,392,2917,1723,4221,2804,2160,1561,216,0,0,0,130,96,154,802,155,1378,2409,2565,985,6860,3476,4794,10276,34984,115940,549598,0,0,0,0,0
0,0,0,0,0,0,0,0,0,0,0,0,476,425,2940,2009,4354,2921,2064,1786,169,0,0,0,116,95,115,896,159,1461,2411,2553,1074,7269,3573,4994,10220,35947,113415,549557,0,0,0,0,0
0,0,0,0,0,0,0,0,0,0,0,0,538,459,2940,1967,4452,3137,2033,1786,159,0,0,0,118,115,155,893,149,1457,2499,2656,955,7190,3447,5146,10435,35874,112669,549770,0,0,0,0,0
0,0,0,0,0,0,0,0,0,0,0,0,443,541,2839,1950,4423,2909,2010,1788,144,0,0,0,127,115,150,942,158,1592,2397,2526,929,7349,3121,4846,10553,36282,110434,552431,0,0,0,0,0
0,0,0,0,0,0,0,0,0,0,0,0,519,442,2688,1866,3941,2989,1837,1669,83,0,0,0,133,147,166,937,151,1553,2272,2520,875,6869,3532,4933,10027,34749,112350,553751,0,0,0,0,0
0,0,0,0,0,0,0,0,0,0,0,0,463,549,2848,1969,4131,2851,1827,1600,83,0,0,0,168,157,148,1173,147,1650,2323,2305,1171,6447,3160,5290,10480,34829,113064,552166,0,0,0,0,0
0,0,0,0,0,0,0,0,0,0,0,0,472,548,2750,1879,4008,2786,1616,1524,73,0,0,0,164,142,169,1029,170,1531,2316,2232,1052,6409,3148,5172,10249,34184,114594,552782,0,0,0,0,0
0,0,0,0,0,0,0,0,0,0,0,0,521,625,2711,1954,3848,2577,1559,1513,45,0,0,0,169,135,167,1060,180,1478,2363,2062,1009,6241,3320,4839,9747,32995,118602,551279,0,0,0,0,0
0,0,0,0,0,0,0,0,0,0,0,0,588,521,2774,2026,3816,2647,1640,1394,51,0,0,0,177,139,191,1159,165,1490,2370,2150,917,5949,3693,4752,9410,32527,117442,553011,0,0,0,0,0
0,0,0,0,0,0,0,0,0,0,0,0,695,488,2758,1980,3885,2450,1470,1406,30,0,0,0,156,133,190,1169,184,1418,2385,1984,860,5864,3604,4452,9020,32428,115620,556370,0,0,0,0,0
0,0,0,0,0,0,0,0,0,0,0,0,646,595,2865,2063,3948,2543,1548,1374,28,0,0,0,160,173,215,1243,182,1539,2467,1971,960,5936,3593,4668,9760,33667,112457,556398,0,0,0,0,0
0,0,0,0,0,0,0,0,0,0,0,0,668,625,2865,2093,3976,2676,1559,1404,24,0,0,0,163,170,207,1323,181,1548,2469,1988,965,6177,3686,4859,9310,33437,116523,552103,0,0,0,0,0
0,0,0,0,0,0,0,0,0,0,0,0,669,652,2777,2178,3870,2824,1521,1539,25,0,0,0,197,169,192,1315,217,1486,2401,1949,897,6181,3610,4795,8752,33322,113517,555944,0,0,0,0,0
0,0,0,0,0,0,0,0,0,0,0,0,614,746,2741,2252,4184,2626,1435,1421,14,0,0,0,175,204,228,1311,213,1458,2357,1778,926,6150,3432,4937,8758,33722,101625,565494,2198,0,0,0,0
0,0,0,0,0,0,0,0,0,0,0,0,651,677,2725,2407,4245,2722,1463,1454,11,0,0,0,223,297,266,1588,217,1581,2307,1751,922,6249,3977,4871,8401,34008,106514,555891,5581,0,0,0,0
0,0,0,0,0,0,0,0,0,0,0,0,638,745,2625,2336,4164,2598,1477,1242,11,0,0,0,211,236,269,1463,253,1471,2416,1622,882,6069,3499,4933,8031,33275,103559,559528,7446,0,0,0,0
0,0,0,0,0,0,0,0,0,0,0,0,709,761,2775,2372,4034,2561,1277,1293,10,0,0,0,238,241,266,1594,241,1634,2395,1582,970,5973,3607,4906,8301,32719,103960,556517,10063,0,0,0,0
0,0,0,0,0,0,0,0,0,0,0,0,777,760,2773,2353,3998,2587,1232,1228,11,0,0,0,249,230,271,1613,225,1535,2325,1457,1034,5878,3656,4855,8005,33332,106964,553761,9890,0,0,0,0
0,0,0,0,0,0,0,0,0,0,0,0,821,872,2870,2471,4333,2610,1482,1262,4,0,0,0,264,238,263,1655,244,1558,2572,1583,912,6349,3971,5139,8642,34017,111457,545955,9455,0,0,0,0
0,0,0,0,0,0,0,0,0,0,0,0,812,884,2989,2504,4418,2555,1447,1193,3,0,0,0,276,254,288,1646,250,1580,2502,1435,991,6091,3989,4977,8296,33798,108904,549146,9771,0,0,0,0
0,0,0,0,0,0,0,0,0,0,0,0,846,995,3290,2618,4569,2722,1421,1272,2,0,0,0,246,297,268,1874,267,1578,2687,1543,1208,6295,4538,5406,8631,34857,123398,530838,9333,0,0,0,0
0,0,0,0,0,0,0,0,0,0,0,0,826,1048,3336,2585,4618,2542,1404,1255,5,0,0,0,260,284,301,2020,259,1619,2782,1489,1198,6124,4537,5434,8509,34392,122104,532989,9079,0,0,0,0
0,0,0,0,0,0,0,0,0,0,0,0,882,964,3405,2738,4765,2603,1316,1138,2,0,0,0,283,304,303,2131,301,1550,2938,1528,1218,6341,4761,5780,8648,35036,120016,533745,8303,0,0,0,0
0,0,0,0,0,0,0,0,0,0,0,0,966,1056,3161,2709,4594,2539,1276,1172,3,0,0,0,286,342,367,2136,291,1685,2794,1406,1253,5991,4765,5612,7987,34349,115579,540753,7927,0,0,0,0
0,0,0,0,0,0,0,0,0,0,0,0,950,1140,3136,2944,4502,2464,1178,1057,1,0,0,0,294,340,352,2019,302,1590,2729,1373,1117,5923,4512,5401,7637,33852,115038,543446,7702,0,0,0,0
0,0,0,0,0,0,0,0,0,0,0,0,1042,1184,2859,2869,4649,2483,1154,1035,2,0,0,0,323,300,362,2155,309,1644,2679,1393,1127,5810,4640,5417,6991,33870,112138,547259,7305,0,0,0,0
0,0,0,0,0,0,0,0,0,0,0,0,1061,1176,2761,2945,4600,2397,1040,1011,0,0,0,0,328,317,402,2302,278,1527,2497,1370,1121,5730,4366,5330,6891,33122,110520,550533,7374,0,0,0,0
0,0,0,0,0,0,0,0,0,0,0,0,1130,1277,2878,2837,4764,2448,1042,974,2,0,0,0,367,336,384,2204,335,1613,2579,1349,1186,5761,4283,5611,6775,33747,116829,543570,6718,0,0,0,0
0,0,0,0,0,0,0,0,0,0,0,0,1164,1344,2855,3301,4809,2447,1083,1030,0,0,0,0,354,354,412,2267,342,1590,2549,1411,1232,5603,4608,5483,6635,34001,109983,549540,6602,0,0,0,0
0,0,0,0,0,0,0,0,0,0,0,0,1164,1391,2996,3218,4932,2469,1101,946,1,0,0,0,382,391,463,2498,386,1507,2637,1260,1127,5941,4872,5836,6409,34092,112694,546282,6004,0,0,0,0
0,0,0,0,0,0,0,0,0,0,0,0,1182,1395,3071,3525,5110,2526,1030,985,0,0,0,0,387,387,511,2625,377,1585,2463,1241,1288,5986,4566,6083,6880,35255,116681,540216,5644,0,0,0,0
0,0,0,0,0,0,0,0,0,0,0,0,1228,1472,3014,3549,5213,2561,1071,954,0,0,0,0,417,427,495,2736,359,1662,2580,1200,1216,6050,4849,6092,6368,35189,112651,543959,5687,0,0,0,0
0,0,0,0,0,0,0,0,0,0,0,0,1239,1564,3326,3718,5361,2662,1125,1002,0,0,0,0,429,445,496,2829,432,1645,2659,1331,1346,6175,5102,6443,6606,35937,116652,537191,5284,0,0,0,0
0,0,0,0,0,0,0,0,0,0,0,0,1273,1642,3226,3991,5362,2696,1089,911,0,0,0,0,444,436,517,2973,404,1681,2733,1331,1320,6330,5308,6439,6502,36470,111669,541613,4639,0,0,0,0
0,0,0,0,0,0,0,0,0,0,0,0,1266,1740,3325,4152,5702,2495,1048,933,0,0,0,0,495,440,521,3016,435,1633,2845,1259,1412,6418,5381,6671,6457,36748,116997,535240,4370,0,0,0,0
0,0,0,0,0,0,0,0,0,0,0,0,1422,1754,3533,4112,5723,2517,1092,946,0,0,0,0,454,496,569,3392,467,1734,2789,1534,1528,6055,5661,6719,7129,36712,122344,528266,4051,0,0,0,0
0,0,0,0,0,0,0,0,0,0,0,0,1567,1895,3350,3936,5658,2547,945,749,0,0,0,0,468,500,567,3187,466,1765,2720,1586,1295,6017,5772,6607,6135,35958,125186,528468,3655,0,0,0,0
0,0,0,0,0,0,0,0,0,0,0,0,1590,1981,3268,4211,5744,2591,970,785,0,0,0,0,543,512,597,3241,479,1691,2816,1540,1391,6077,5546,6497,6497,36335,120593,532247,3257,0,0,0,0
0,0,0,0,0,0,0,0,0,0,0,0,1597,1958,3353,4322,5624,2576,922,655,0,0,0,0,530,546,660,3519,496,1627,2735,1624,1482,6011,5742,6647,6237,36190,121170,532001,2775,0,0,0,0
0,0,0,0,0,0,0,0,0,0,0,0,1683,2087,3239,4226,5930,2558,881,729,0,0,0,0,572,560,667,3539,538,1584,2793,1679,1471,6085,5863,6862,6115,36576,121146,530988,2628,0,0,0,0
0,0,0,0,0,0,0,0,0,0,0,0,1767,2211,3311,4442,5621,2350,792,636,0,0,0,0,558,575,695,3533,540,1533,2679,1672,1553,5777,5551,6746,6112,36308,121966,531724,2347,0,0,0,0
0,0,0,0,0,0,0,0,0,0,0,0,1684,2252,3425,4573,5549,2359,783,564,0,0,0,0,610,647,721,3575,554,1510,2634,1372,1538,5398,5861,6860,5952,36551,119143,534812,2072,0,0,0,0
0,0,0,0,0,0,0,0,0,0,0,0,1889,2330,3402,4616,5400,2223,696,542,0,0,0,0,614,649,813,3630,627,1550,2631,1830,1454,5654,6224,6905,5477,37032,122111,530851,1849,0,0,0,0
0,0,0,0,0,0,0,0,0,0,0,0,2119,2380,3530,4919,5656,2458,805,531,0,0,0,0,667,676,835,3767,774,1678,2589,1812,1644,6052,6558,7178,5760,39606,119731,527751,1523,0,0,0,0
0,0,0,0,0,0,0,0,0,0,0,0,2113,2516,3625,4958,5938,2566,707,530,0,0,0,0,729,718,801,3852,707,1668,2684,1899,1667,6139,6505,7315,5851,41081,120303,524772,1355,0,0,0,0
0,0,0,0,0,0,0,0,0,0,0,0,2148,2842,3688,5236,6202,2627,767,572,0,0,0,0,847,825,965,4119,684,1625,2703,1832,2120,6087,6558,7511,7171,40872,119374,522405,1219,0,0,0,0
0,0,0,0,0,0,0,0,0,0,0,0,2143,2914,3793,5423,6454,2676,723,491,0,0,0,0,827,826,966,4386,659,1685,2656,2111,1708,6435,6937,7939,5725,43946,117724,520843,1009,0,0,0,0
0,0,0,0,0,0,0,0,0,0,0,0,2208,2900,3912,5765,6454,2687,763,534,0,0,0,0,754,825,945,4509,661,1622,2699,1955,1820,6482,7012,8003,5830,43786,119470,518520,883,0,0,0,0
0,0,0,0,0,0,0,0,0,0,0,0,2048,3016,3673,5653,6295,2488,691,466,0,0,0,0,793,881,1010,4659,691,1601,2586,1821,1649,6248,6226,7999,5328,43663,115487,522851,3176,0,0,0,0
0,0,0,0,0,0,0,0,0,0,0,0,2147,3202,3796,5709,5960,2379,606,381,0,0,0,0,803,834,1014,4443,721,1665,2550,1771,1746,5768,6070,7959,5298,42055,119968,516987,7167,0,0,0,0
0,0,0,0,0,0,0,0,0,0,0,0,2298,3111,3555,5930,6008,2177,514,341,0,0,0,0,806,920,985,4285,789,1573,2414,1800,1520,5711,6121,7611,4866,41334,109863,527632,8835,0,0,0,0
0,0,0,0,0,0,0,0,0,0,0,0,2293,3244,3383,5872,5591,1980,441,315,0,0,0,0,869,985,1021,4367,753,1495,2222,1722,1564,5316,6003,7905,4765,39503,113499,524428,11463,0,0,0,0
0,0,0,0,0,0,0,0,0,0,0,0,2324,3401,3330,5966,5589,1961,412,266,0,0,0,0,952,1058,1105,4349,755,1488,2031,1632,1736,5118,6176,7448,4704,39175,109373,530100,10550,0,0,0,0
0,0,0,0,0,0,0,0,0,0,0,0,2461,3591,3441,6071,5589,1981,439,245,0,0,0,0,915,1103,1141,4378,767,1463,2164,1696,1785,5076,6222,7868,4850,38874,111932,527445,9502,0,0,0,0
0,0,0,0,0,0,0,0,0,0,0,0,2602,3717,3609,6281,5748,1962,391,244,0,0,0,0,974,1050,1274,4531,925,1405,2187,1956,1773,5402,6585,7579,4928,39603,115528,522401,8344,0,0,0,0
0,0,0,0,0,0,0,0,0,0,0,0,2652,3852,3744,6736,5673,1933,364,210,0,0,0,0,945,1088,1388,4416,853,1387,2287,1923,1817,5360,6901,7640,4804,39204,118305,519978,7539,0,0,0,0
0,0,0,0,0,0,0,0,0,0,0,0,2631,4007,3676,6738,5659,1847,387,186,0,0,0,0,1002,1211,1398,4529,908,1421,2215,2094,1665,5296,7158,7655,4904,39647,117509,520893,6363,0,0,0,0
0,0,0,0,0,0,0,0,0,0,0,0,2724,3994,3599,6871,5588,1786,405,179,0,0,0,0,1081,1265,1426,4543,861,1344,2183,2190,1760,5277,7311,7846,4553,39672,126254,512430,5857,0,0,0,0
0,0,0,0,0,0,0,0,0,0,0,0,2815,3984,3551,6958,5215,1697,299,156,0,0,0,0,1104,1336,1455,4474,913,1367,2164,2187,1669,4931,7497,7537,4518,40054,128012,512010,5096,0,0,0,0
0,0,0,0,0,0,0,0,0,0,0,0,2606,4156,3929,7095,5318,1602,285,145,0,0,0,0,1144,1356,1484,4627,876,1304,2492,1686,2024,4692,7685,7458,6978,40810,119496,517280,4471,0,0,0,0
0,0,0,0,0,0,0,0,0,0,0,0,2706,4261,3694,7316,5192,1507,270,129,0,0,0,0,1147,1383,1505,4513,913,1226,2051,1685,1769,4647,6725,7246,4844,40904,113824,527621,3921,0,0,0,0
0,0,0,0,0,0,0,0,0,0,0,0,2843,4325,3698,7482,5301,1477,240,125,0,0,0,0,1206,1529,1624,4556,903,1266,1886,1679,1788,4857,6962,7316,4812,40764,121540,519502,3318,0,0,0,0
0,0,0,0,0,0,0,0,0,0,0,0,2920,4600,4034,7738,5380,1540,246,104,0,0,0,0,1239,1605,1696,4625,915,1244,1943,1616,1823,5078,6956,7395,5196,41924,122037,516298,2847,0,0,0,0
0,0,0,0,0,0,0,0,0,0,0,0,2920,4470,4020,8124,5441,1519,227,97,0,0,0,0,1328,1625,1780,4857,943,1147,1983,1666,2009,5099,6997,7773,4852,43108,121432,515166,2416,0,0,0,0
0,0,0,0,0,0,0,0,0,0,0,0,3181,4640,4260,8325,5671,1426,232,96,0,0,0,0,1383,1738,1822,4818,906,1132,2012,1784,2010,5401,7653,7753,5531,42676,129937,504528,2084,0,0,0,0
0,0,0,0,0,0,0,0,0,0,0,0,3042,4777,4279,8397,5467,1271,215,76,0,0,0,0,1465,1765,1989,4876,936,1084,2130,1921,2031,4999,7945,8214,4904,42550,133145,501693,1828,0,0,0,0
0,0,0,0,0,0,0,0,0,0,0,0,3175,4738,4432,8656,5456,1239,202,61,0,0,0,0,1548,1796,2033,4850,927,1124,2150,1855,1971,5135,7941,8056,4756,42686,126777,508019,1416,0,0,0,0
0,0,0,0,0,0,0,0,0,0,0,0,3288,4781,4419,8635,5235,1205,194,54,0,0,0,0,1627,1853,2096,4920,937,1078,1962,1775,1840,5204,7983,7464,4844,42210,125992,510157,1246,0,0,0,0
0,0,0,0,0,0,0,0,0,0,0,0,3439,5042,4388,9137,5371,1201,173,50,0,0,0,0,1751,1961,2326,4986,983,1069,1879,1813,2091,5512,8095,7778,5271,45765,129180,500619,1119,0,0,0,0
0,0,0,0,0,0,0,0,0,0,0,0,3519,5227,4328,9220,5292,1223,139,42,0,0,0,0,1737,1989,2380,4884,984,1076,1895,1721,2020,5456,8066,7574,5078,44524,125212,506555,858,0,0,0,0
0,0,0,0,0,0,0,0,0,0,0,0,3531,5239,4380,9355,5352,1112,146,44,0,0,0,0,1820,2003,2386,4977,961,994,1862,1759,1898,5388,7706,7447,4884,45497,121274,510200,784,0,0,0,0
0,0,0,0,0,0,0,0,0,0,0,0,3547,5439,4681,9484,5412,1134,130,39,0,0,0,0,1829,2060,2432,4745,968,1009,1823,1712,1903,5576,7960,7479,4886,45669,123517,506932,633,0,0,0,0
0,0,0,0,0,0,0,0,0,0,0,0,3550,5582,4776,9670,5114,898,111,27,0,0,0,0,1846,2140,2558,4807,977,938,1795,1562,1961,5253,7720,7404,4870,45200,124903,506784,553,0,0,0,0
0,0,0,0,0,0,0,0,0,0,0,0,3556,5655,4586,10026,5067,777,92,25,0,0,0,0,1926,2219,2640,4714,947,909,1651,1646,1944,5558,7532,7305,4659,45390,126289,505485,401,0,0,0,0
0,0,0,0,0,0,0,0,0,0,0,0,3724,5807,4663,10137,5313,825,112,27,0,0,0,0,2101,2343,2619,4862,1016,836,1814,1562,1922,5532,8240,7445,4921,46156,127973,500680,369,0,0,0,0
0,0,0,0,0,0,0,0,0,0,0,0,3601,6022,4534,10170,4969,721,109,24,0,0,0,0,2184,2380,2717,4809,962,856,1685,1450,2109,5575,7777,7163,5242,45921,123500,506229,290,0,0,0,0
0,0,0,0,0,0,0,0,0,0,0,0,3511,5818,4891,10374,4758,719,87,18,0,0,0,0,2258,2448,2922,4959,963,796,1550,1353,1900,5600,8290,6886,4520,45846,124767,505526,239,0,0,0,0
0,0,0,0,0,0,0,0,0,0,0,0,3533,5972,4915,10247,4683,643,70,18,0,0,0,0,2340,2472,2812,4609,938,713,1606,1293,1837,5443,7542,7322,4750,45646,122551,508834,210,0,0,0,0
0,0,0,0,0,0,0,0,0,0,0,0,3666,6051,4981,10688,4708,581,69,17,0,0,0,0,2316,2341,2865,4404,1009,709,1540,1254,1947,5453,7393,6677,4706,45435,124461,507577,151,0,0,0,0
0,0,0,0,0,0,0,0,0,0,0,0,3632,6231,5296,10820,4631,584,52,10,0,0,0,0,2383,2521,3049,4395,967,699,1451,1302,1892,5840,7652,6849,4827,46550,127067,502204,95,0,0,0,0
0,0,0,0,0,0,0,0,0,0,0,0,3831,6495,5277,11469,4806,609,57,19,0,0,0,0,2711,2522,3390,4548,1060,728,1641,1264,2113,6171,8309,7300,4933,50991,123924,496754,77,0,0,0,0
0,0,0,0,0,0,0,0,0,0,0,0,3947,6746,5371,11687,4925,491,58,8,0,0,0,0,2638,2575,3363,4612,1006,774,1577,1369,2211,6516,8166,7437,5243,49971,127579,492686,43,0,0,0,0
0,0,0,0,0,0,0,0,0,0,0,0,4063,7065,5532,11659,5095,485,45,8,0,0,0,0,2763,2756,3401,4729,1055,752,1812,1286,2617,6377,8711,8617,5387,50267,133626,482861,30,0,0,0,0
0,0,0,0,0,0,0,0,0,0,0,0,4268,6914,5648,11722,4851,413,50,6,0,0,0,0,3044,2734,3549,4650,1331,782,1728,1646,2570,6358,9039,8379,5794,50156,136684,478664,19,0,0,0,0
0,0,0,0,0,0,0,0,0,0,0,0,4476,6876,5636,12094,4743,399,46,5,0,0,0,0,2947,2783,3783,4862,1139,763,1765,1697,2513,6624,9513,7763,5071,50879,138689,475922,11,0,0,0,0
0,0,0,0,0,0,0,0,0,0,0,0,4330,7174,5851,11964,4433,342,29,2,0,0,0,0,3067,2773,3706,4608,1129,664,1695,1667,2638,6602,9543,7540,5151,50516,146939,468617,19,0,0,0,0
0,0,0,0,0,0,0,0,0,0,0,0,4313,7281,5964,12345,4387,318,35,3,0,0,0,0,3264,2953,3651,4541,1133,645,1577,1547,2579,6511,9014,7547,5757,51729,142846,471050,9,0,0,0,0
0,0,0,0,0,0,0,0,0,0,0,0,4275,7246,5849,12296,4211,278,36,6,0,0,0,0,3401,2819,3842,4532,1071,641,1501,1411,2545,6636,8968,7344,5497,51934,142033,472617,10,0,0,0,0
0,0,0,0,0,0,0,0,0,0,0,0,4374,7569,6093,12347,4320,261,36,5,0,0,0,0,3541,2991,4085,4428,973,562,1536,1229,3232,6550,8875,7168,7772,50659,146351,466042,0,0,0,0,0
0,0,0,0,0,0,0,0,0,0,0,0,4279,7773,6175,12402,4048,230,33,1,0,0,0,0,3456,2898,4018,4316,944,568,1568,1160,2680,6668,8960,7236,6067,53357,153201,458955,6,0,0,0,0
0,0,0,0,0,0,0,0,0,0,0,0,4323,7834,6594,12284,3920,202,22,2,0,0,0,0,3477,3184,4025,4513,1018,527,1284,1137,2560,6708,9398,6980,5811,54541,151846,458805,4,0,0,0,0
0,0,0,0,0,0,0,0,0,0,0,0,4353,8020,6487,12482,3771,193,20,1,0,0,0,0,3630,3124,3929,4253,979,511,1372,1123,2641,6642,9046,6628,6532,54937,148098,462222,5,0,0,0,0
0,0,0,0,0,0,0,0,0,0,0,0,4447,7903,6635,13038,3829,179,22,1,0,0,0,0,3774,3083,4194,4136,951,529,1298,1172,2434,7570,8853,6400,5557,57266,146375,461349,4,0,0,0,0
0,0,0,0,0,0,0,0,0,0,0,0,4460,7930,6989,12801,3737,152,17,1,0,0,0,0,3875,3126,4326,4121,1017,450,1208,1147,2416,7478,8855,6661,5573,58005,151357,455294,3,0,0,0,0
0,0,0,0,0,0,0,0,0,0,0,0,4564,8014,7045,13426,3853,138,17,1,0,0,0,0,3917,3160,4398,4088,945,410,1333,1141,2472,7668,9042,6656,5369,59145,154435,449759,3,0,0,0,0
0,0,0,0,0,0,0,0,0,0,0,0,4377,8237,7236,13173,3546,124,7,0,0,0,0,0,4063,3100,4400,4060,956,459,1274,1006,2666,7665,8566,6902,5556,59333,154450,449842,1,0,0,0,0
0,0,0,0,0,0,0,0,0,0,0,0,4447,8154,7456,13350,3491,108,7,0,0,0,0,0,4086,3127,4450,3779,930,380,1221,994,2594,7643,8503,6357,5963,62303,157363,444288,5,0,0,0,0
0,0,0,0,0,0,0,0,0,0,0,0,4465,8164,7662,13200,3358,107,7,0,0,0,0,0,4250,3102,4530,3801,981,373,1126,1115,2439,8057,8690,6170,5339,64024,158198,441840,1,0,0,0,0
0,0,0,0,0,0,0,0,0,0,0,0,4486,8190,7742,13693,3265,81,6,1,0,0,0,0,4367,3280,4602,3795,922,400,1152,980,2448,7915,8809,6117,5703,65213,156611,441218,3,0,0,0,0
0,0,0,0,0,0,0,0,0,0,0,0,4689,8202,7741,13880,3224,78,4,1,0,0,0,0,4327,3141,4636,3675,887,364,1175,1028,2595,8407,8714,6227,5566,66955,157966,437514,3,0,0,0,0
0,0,0,0,0,0,0,0,0,0,0,0,4677,8424,7811,13654,3094,75,5,0,0,0,0,0,4507,3168,4930,3660,899,369,1087,995,2544,8383,8610,5948,5350,68865,159057,434885,2,0,0,0,0
0,0,0,0,0,0,0,0,0,0,0,0,4696,8622,8023,13881,2986,56,3,2,0,0,0,0,4572,3201,4789,3543,901,322,1038,958,2481,8692,8532,5758,5177,69624,161231,431910,1,0,0,0,0
0,0,0,0,0,0,0,0,0,0,0,0,4610,8915,8479,13709,2953,48,1,1,0,0,0,0,4815,3333,4902,3655,869,339,1112,984,2476,8855,8626,5628,5684,72465,165995,422544,1,0,0,0,0
0,0,0,0,0,0,0,0,0,0,0,0,4806,9091,8802,13976,3064,42,2,0,0,0,0,0,4914,3447,4899,3661,909,313,1127,1096,2801,9400,8751,5839,5878,73430,171174,413577,0,0,0,0,0
0,0,0,0,0,0,0,0,0,0,0,0,4840,9234,8925,14855,3031,47,3,0,0,0,0,0,5138,3507,5185,3729,895,315,1192,1133,2799,9937,9208,5953,5961,76710,172021,406380,1,0,0,0,0
0,0,0,0,0,0,0,0,0,0,0,0,4893,9122,9360,14543,2928,43,1,0,0,0,0,0,5318,3633,5240,3723,870,296,1251,1149,2989,9965,9467,6086,5990,79002,175315,399814,1,0,0,0,0
0,0,0,0,0,0,0,0,0,0,0,0,4988,9227,9557,14697,2930,30,2,0,0,0,0,0,5390,3685,5352,3611,910,301,1179,1162,2930,9925,9309,6034,6235,80509,178985,394051,0,0,0,0,0
0,0,0,0,0,0,0,0,0,0,0,0,4923,9313,9741,14567,2800,25,2,0,0,0,0,0,5642,3631,5440,3522,912,296,1175,1042,2933,10328,9548,6023,6374,82523,181186,389053,0,0,0,0,0
0,0,0,0,0,0,0,0,0,0,0,0,5001,9380,9866,14470,2733,25,1,0,0,0,0,0,5644,3849,5424,3298,872,257,1182,1049,3048,10251,9269,5840,6468,84525,188778,379769,0,0,0,0,0
0,0,0,0,0,0,0,0,0,0,0,0,5015,9400,10041,14068,2637,22,0,0,0,0,0,0,5670,3715,5495,3313,801,252,1224,1094,3046,10222,9306,5781,5961,85759,191860,376317,0,0,0,0,0
0,0,0,0,0,0,0,0,0,0,0,0,5160,9526,10097,14319,2679,20,1,0,0,0,0,0,5747,3669,5309,3287,827,253,1308,1314,3123,10518,9142,5520,6024,88361,195377,369417,1,0,0,0,0
0,0,0,0,0,0,0,0,0,0,0,0,5282,9839,10319,14008,2558,8,2,0,0,0,0,0,5952,3815,5619,3115,753,253,1276,1129,3580,10847,9083,6229,6180,90418,199905,360828,1,0,0,0,0
0,0,0,0,0,0,0,0,0,0,0,0,5308,10025,10415,14012,2502,13,0,0,0,0,0,0,5918,3726,5464,3154,730,241,1266,1227,3310,10861,8940,5781,5992,93212,204443,354459,0,0,0,0,0
0,0,0,0,0,0,0,0,0,0,0,0,5478,10317,10888,14238,2498,7,1,0,0,0,0,0,6150,3831,5525,2920,709,179,1402,1053,3609,10795,8888,5745,6799,95534,203771,350662,0,0,0,0,0
0,0,0,0,0,0,0,0,0,0,0,0,5419,10422,11109,13881,2429,9,1,0,0,0,0,0,6277,3786,5644,3003,734,196,1378,1143,3735,11185,8899,5353,6851,98132,208411,343002,0,0,0,0,0
0,0,0,0,0,0,0,0,0,0,0,0,5595,10367,11432,14127,2472,8,1,0,0,0,0,0,6261,3919,5759,2856,683,195,1369,1268,3538,11483,8953,5105,6452,101779,211137,336239,1,0,0,0,0
0,0,0,0,0,0,0,0,0,0,0,0,5594,10591,11729,13880,2461,8,0,0,0,0,0,0,6535,4050,5766,2840,635,177,1398,1255,3660,11854,8993,5063,6528,104342,214466,329174,0,0,0,0,0
0,0,0,0,0,0,0,0,0,0,0,0,5632,10585,11866,13713,2406,8,0,0,0,0,0,0,6565,4077,5724,2767,630,171,1466,1368,3746,11640,8611,4878,6499,107762,220794,320091,0,0,0,0,0
0,0,0,0,0,0,0,0,0,0,0,0,5661,10873,12131,13808,2327,5,0,0,0,0,0,0,6615,4187,5773,2818,615,194,1396,1202,3812,11673,8636,4939,6779,110720,224281,312554,0,0,0,0,0
0,0,0,0,0,0,0,0,0,0,0,0,5800,10747,12314,13263,2331,5,0,0,0,0,0,0,6866,4079,5925,2687,613,168,1453,1555,3829,12079,8637,4830,6461,113491,228226,305640,0,0,0,0,0
0,0,0,0,0,0,0,0,0,0,0,0,5786,10965,12510,13489,2335,3,1,0,0,0,0,0,6829,4139,5809,2562,558,171,1404,1133,3849,12106,8459,4377,7091,117982,230044,299397,0,0,0,0,0
0,0,0,0,0,0,0,0,0,0,0,0,5801,11129,12743,13370,2226,4,0,0,0,0,0,0,6886,4066,5832,2613,581,161,1406,1102,3901,12142,7962,4633,6589,121144,234118,292590,0,0,0,0,0
0,0,0,0,0,0,0,0,0,0,0,0,5838,11359,12953,13206,2271,3,0,0,0,0,0,0,7023,4042,5840,2517,533,181,1499,1147,4004,12392,7956,4074,6949,125573,237248,284391,0,0,0,0,0
0,0,0,0,0,0,0,0,0,0,0,0,6021,11492,13141,12940,2267,2,0,0,0,0,0,0,7062,4092,5763,2335,515,153,1423,1131,3805,12261,7527,4386,6633,130115,241570,276365,0,0,0,0,0
0,0,0,0,0,0,0,0,0,0,0,0,6131,11579,13541,12956,2389,4,1,0,0,0,0,0,6993,4007,5721,2309,471,137,1469,1120,3945,12543,7416,4136,6767,135608,244767,266989,0,0,0,0,0
0,0,0,0,0,0,0,0,0,0,0,0,6165,11603,13889,12619,2393,3,0,0,0,0,0,0,7289,4015,6122,2267,455,164,1472,1250,4116,12877,7429,3958,6673,140742,251785,253713,0,0,0,0,0
0,0,0,0,0,0,0,0,0,0,0,0,6310,11870,14057,12857,2365,0,0,0,0,0,0,0,7539,4243,5983,2302,427,163,1704,1270,4273,13510,7346,4141,6969,145609,254904,243157,0,0,0,0,0
0,0,0,0,0,0,0,0,0,0,0,0,6718,11897,14644,12754,2331,0,0,0,0,0,0,0,7795,4335,6362,2379,533,262,1602,2407,4465,14343,7771,4996,7322,146472,257997,233614,0,0,0,0,0
0,0,0,0,0,0,0,0,0,0,0,0,6558,12168,14783,12783,2383,1,0,0,0,0,0,0,7971,4388,6301,2325,424,165,1644,1195,4869,13965,7231,5448,7166,153584,256775,228872,0,0,0,0,0
0,0,0,0,0,0,0,0,0,0,0,0,6517,12417,15113,12823,2316,2,0,0,0,0,0,0,8030,4292,6235,2316,406,128,1640,1105,4621,14132,7007,3935,7255,160060,260308,220341,0,0,0,0,0
0,0,0,0,0,0,0,0,0,0,0,0,6676,12097,15177,12524,2376,0,0,0,0,0,0,0,8112,4218,6263,2190,433,151,1701,1214,4476,14050,6518,3931,7071,164155,264784,212882,0,0,0,0,0
0,0,0,0,0,0,0,0,0,0,0,0,6706,12384,15417,12266,2405,1,0,0,0,0,0,0,7912,4383,6117,2188,384,149,1630,1370,4436,13643,6247,3754,7180,169020,270515,202892,0,0,0,0,0
0,0,0,0,0,0,0,0,0,0,0,0,6848,12330,15690,12283,2416,1,0,0,0,0,0,0,8148,4330,6056,2207,397,138,1641,1379,4579,14032,6232,3807,7015,173965,273368,194137,0,0,0,0,0
0,0,0,0,0,0,0,0,0,0,0,0,6923,12746,15987,12243,2421,0,0,0,0,0,0,0,8525,4299,6212,2318,364,150,1725,1298,4694,14679,6100,3499,7153,179891,275203,184569,0,0,0,0,0
0,0,0,0,0,0,0,0,0,0,0,0,7153,12903,16458,12552,2471,1,0,0,0,0,0,0,8397,4305,6410,2200,374,154,1763,1218,4751,14819,5852,3514,7448,186275,277648,174333,0,0,0,0,0
0,0,0,0,0,0,0,0,0,0,0,0,7202,13025,17043,12375,2619,0,0,0,0,0,0,0,8691,4345,6459,2104,336,147,1710,1284,4858,15241,5839,3543,7436,192529,279610,164603,0,0,0,0,0
0,0,0,0,0,0,0,0,0,0,0,0,7263,13044,17163,12408,2607,0,0,0,0,0,0,0,8796,4519,6514,2277,381,135,1656,1262,4884,15730,5459,3546,7518,198742,280883,156212,0,0,0,0,0
0,0,0,0,0,0,0,0,0,0,0,0,8092,16375,20586,17669,3323,1,0,0,0,0,0,0,10902,5967,8100,2931,514,192,2996,1351,8280,24984,9122,5377,10901,206680,254992,131664,0,0,0,0,0
0,0,0,0,0,0,0,0,0,0,0,0,6996,15314,18545,17142,2942,0,0,0,0,0,0,0,10433,6085,7858,2877,473,184,3213,1174,8476,28085,10285,5251,11183,173301,183070,88888,0,0,0,0,0
0,0,0,0,0,0,0,0,0,0,0,0,4277,9257,11509,10772,1881,0,0,0,0,0,0,0,6263,3566,4580,1691,289,118,2021,697,5328,17255,6136,3301,6647,102797,107835,51321,0,0,0,0,0
0,0,0,0,0,0,0,0,0,0,0,0,2902,8279,8387,10029,1550,0,0,0,0,0,0,0,4897,3242,3956,1545,359,105,2386,536,5331,16688,6772,3187,6486,62586,39452,15337,0,0,0,0,0
