0,0,0,0,0,0,0,0,0,0,0,0,0,0,0,0,267,1,87,20,16,1,0,0,0,0,0,0,0,0,7,0,266,232,167,158,285,1163,18526,0,0,0,0
0,0,0,0,0,0,0,0,0,0,0,0,0,0,0,9,396,1,48,51,37,0,0,0,0,0,0,0,0,0,0,0,124,357,214,135,97,1107,18620,0,0,0,0
0,0,0,0,0,0,0,0,0,0,0,0,0,0,0,0,249,0,151,83,24,0,0,0,0,0,0,0,0,0,0,0,183,235,92,257,148,1156,18618,0,0,0,0
0,0,0,0,0,0,0,0,0,0,0,0,0,0,0,0,198,0,56,0,28,8,0,0,0,0,0,0,0,0,0,0,178,237,27,175,149,908,19232,0,0,0,0
0,0,0,0,0,0,0,0,0,0,0,0,0,0,0,0,0,0,356,0,44,9,0,0,0,0,0,0,0,0,0,0,133,278,49,219,135,1104,18869,0,0,0,0
0,0,0,0,0,0,0,0,0,0,0,0,0,0,0,17,290,32,143,94,77,0,0,0,0,0,0,0,0,0,6,0,178,244,130,182,205,1125,15038,3435,0,0,0
0,0,0,0,0,0,0,0,0,0,0,0,0,0,0,16,214,8,235,40,83,66,0,0,0,0,0,0,0,0,3,0,193,288,91,226,175,1231,9558,8769,0,0,0
0,0,0,0,0,0,0,0,0,0,0,0,0,0,0,33,129,4,277,11,33,22,0,0,0,0,0,0,0,0,5,0,183,330,73,250,165,1273,6355,12053,0,0,0
0,0,0,0,0,0,0,0,0,0,0,0,0,0,0,83,169,9,210,19,39,13,0,0,0,0,0,0,0,0,15,0,241,225,121,260,286,1135,2996,15375,0,0,0
0,0,0,0,0,0,0,0,0,0,0,0,0,0,0,96,166,16,173,42,46,13,0,0,0,0,0,0,0,0,12,0,258,219,154,220,295,1137,2953,15396,0,0,0
0,0,0,0,0,0,0,0,0,0,0,0,0,0,0,108,157,7,147,35,45,18,0,0,0,0,0,0,0,0,20,0,215,211,148,206,281,1132,2930,15536,0,0,0
0,0,0,0,0,0,0,0,0,0,0,0,0,0,1,130,153,21,158,34,53,14,0,0,0,0,0,0,0,0,19,0,215,231,152,240,323,1113,3149,15190,0,0,0
0,0,0,0,0,0,0,0,0,0,0,0,0,0,0,116,161,26,187,51,48,19,0,0,0,0,0,0,0,0,20,0,190,227,123,253,275,1151,3004,15345,0,0,0
0,0,0,0,0,0,0,0,0,0,0,0,0,0,0,115,172,30,158,47,62,16,0,0,0,0,0,0,0,0,15,0,240,239,139,238,310,1106,2950,15359,0,0,0
0,0,0,0,0,0,0,0,0,0,0,0,0,0,1,149,173,29,147,55,62,19,0,0,0,0,0,0,0,0,18,0,230,260,145,235,314,1189,2965,15205,0,0,0
0,0,0,0,0,0,0,0,0,0,0,0,0,0,4,151,171,45,144,41,49,18,0,0,0,0,0,0,0,0,22,0,248,235,154,218,329,1120,3049,15198,0,0,0
0,0,0,0,0,0,0,0,0,0,0,0,0,0,7,127,168,56,143,35,53,17,0,0,0,0,0,0,0,0,18,0,267,260,156,237,310,1161,2967,15214,0,0,0
0,0,0,0,0,0,0,0,0,0,0,0,0,0,7,130,172,53,150,38,60,23,0,0,0,0,0,0,0,0,23,0,248,242,134,228,392,1062,3180,15054,0,0,0
0,0,0,0,0,0,0,0,0,0,0,0,0,0,10,147,181,77,141,33,61,18,0,0,0,0,0,0,0,0,17,0,259,227,149,220,378,1164,3220,14894,0,0,0
0,0,0,0,0,0,0,0,0,0,0,0,0,0,14,131,179,90,151,25,66,15,0,0,0,0,0,0,0,0,17,1,280,249,150,241,330,1187,3086,14984,0,0,0
0,0,0,0,0,0,0,0,0,0,0,0,0,0,11,130,219,90,104,20,78,15,0,0,0,0,0,0,0,0,23,0,258,265,146,261,300,1172,3029,15075,0,0,0
0,0,0,0,0,0,0,0,0,0,0,0,0,0,14,152,181,112,96,15,71,11,0,0,0,0,0,0,0,1,19,0,255,236,153,230,295,1196,3246,14913,0,0,0
0,0,0,0,0,0,0,0,0,0,0,0,0,0,21,152,184,123,101,18,80,8,0,0,0,0,0,0,0,2,18,0,259,262,142,260,315,1151,3280,14820,0,0,0
0,0,0,0,0,0,0,0,0,0,0,0,0,0,31,130,182,142,82,6,69,3,0,0,0,0,0,0,0,1,16,0,250,253,146,238,301,1130,3114,15102,0,0,0
0,0,0,0,0,0,0,0,0,0,0,0,0,0,28,129,193,149,67,4,94,3,0,0,0,0,0,0,0,1,14,0,262,236,155,213,333,1181,3372,14762,0,0,0
0,0,0,0,0,0,0,0,0,0,0,0,0,0,27,134,166,165,52,3,82,0,0,0,0,0,0,0,0,1,17,0,252,253,141,224,386,1104,3208,14981,0,0,0
0,0,0,0,0,0,0,0,0,0,0,0,0,0,30,128,182,162,52,3,64,1,0,0,0,0,0,0,0,1,16,2,243,248,143,208,294,1205,3284,14930,0,0,0
0,0,0,0,0,0,0,0,0,0,0,0,0,0,31,113,163,164,36,0,67,2,0,0,0,0,0,0,0,2,22,1,272,233,145,201,315,1113,3173,15143,0,0,0
0,0,0,0,0,0,0,0,0,0,0,0,0,0,36,108,180,183,37,0,51,0,0,0,0,0,0,0,0,1,25,1,227,239,119,214,366,1160,3051,15198,0,0,0
0,0,0,0,0,0,0,0,0,0,0,0,0,0,60,104,195,183,50,0,88,0,0,0,0,0,0,0,0,1,17,3,255,233,96,200,357,1249,3203,14902,0,0,0
0,0,0,0,0,0,0,0,0,0,0,0,0,0,54,111,223,176,34,0,71,0,0,0,0,0,0,0,0,2,26,2,268,251,82,211,372,1172,3151,14990,0,0,0
0,0,0,0,0,0,0,0,0,0,0,0,0,0,56,92,217,164,29,0,67,0,0,0,0,0,0,0,0,4,20,2,237,262,84,217,438,1195,3268,14844,0,0,0
0,0,0,0,0,0,0,0,0,0,0,0,0,0,60,69,209,176,39,0,55,0,0,0,0,0,0,0,0,2,27,2,262,256,68,200,390,1190,3181,15010,0,0,0
0,0,0,0,0,0,0,0,0,0,0,0,0,0,64,49,168,165,40,0,54,0,0,0,0,0,0,0,0,4,23,1,240,234,89,183,390,1128,3064,15300,0,0,0
0,0,0,0,0,0,0,0,0,0,0,0,0,0,57,79,185,169,41,0,49,0,0,0,0,0,0,0,0,8,21,2,217,235,74,180,359,1080,3025,15415,0,0,0
0,0,0,0,0,0,0,0,0,0,0,0,0,0,71,75,195,205,36,0,73,0,0,0,0,0,0,0,0,4,23,0,227,223,96,182,385,1157,2956,15288,0,0,0
0,0,0,0,0,0,0,0,0,0,0,0,0,0,73,53,225,172,36,0,74,0,0,0,0,0,0,1,1,4,23,2,243,259,90,227,395,1107,3061,15150,0,0,0
0,0,0,0,0,0,0,0,0,0,0,0,0,0,98,64,222,175,53,0,98,0,0,0,0,0,0,0,0,0,16,4,276,240,94,219,380,1138,3011,15108,0,0,0
0,0,0,0,0,0,0,0,0,0,0,0,2,0,80,80,215,200,54,0,74,0,0,0,0,0,0,0,0,6,31,7,230,240,74,213,373,1159,3083,15075,0,0,0
0,0,0,0,0,0,0,0,0,0,0,0,0,0,106,53,191,163,55,0,95,0,0,0,1,0,0,1,0,6,22,5,263,251,97,206,381,1183,3155,14962,0,0,0
0,0,0,0,0,0,0,0,0,0,0,0,0,1,111,77,203,136,42,1,84,0,0,0,0,0,0,1,0,3,17,6,243,243,78,204,399,1098,3317,14362,570,0,0
0,0,0,0,0,0,0,0,0,0,0,0,0,0,91,72,194,151,41,2,75,0,0,0,1,0,0,1,0,7,43,4,274,248,84,218,418,1154,3256,13486,1376,0,0
0,0,0,0,0,0,0,0,0,0,0,0,1,1,93,72,218,164,41,6,82,0,0,0,1,0,0,1,0,4,34,2,245,243,87,198,440,1146,3287,13005,1825,0,0
0,0,0,0,0,0,0,0,0,0,0,0,0,1,100,75,198,152,33,6,75,0,0,0,0,0,0,1,0,7,28,8,285,243,88,216,460,1103,3177,12615,2325,0,0
0,0,0,0,0,0,0,0,0,0,0,0,0,0,95,74,207,143,52,3,92,0,0,0,0,0,0,1,0,8,26,8,249,272,110,222,427,1202,3068,12697,2240,0,0
0,0,0,0,0,0,0,0,0,0,0,0,0,0,93,74,217,124,57,5,71,0,0,0,0,0,0,2,0,7,23,7,255,244,74,186,397,1179,2985,13118,2078,0,0
0,0,0,0,0,0,0,0,0,0,0,0,1,1,98,85,208,129,25,8,75,0,0,0,0,0,0,1,0,8,19,9,235,248,92,215,409,1164,2947,13385,1834,0,0
0,0,0,0,0,0,0,0,0,0,0,0,2,1,107,71,201,131,26,10,71,0,0,0,0,0,0,0,0,19,28,8,215,224,92,199,452,1137,2927,13676,1599,0,0
0,0,0,0,0,0,0,0,0,0,0,0,3,0,84,74,185,148,34,9,63,0,0,0,1,0,0,1,0,11,22,15,221,230,89,215,379,1170,2949,13914,1379,0,0
0,0,0,0,0,0,0,0,0,0,0,0,1,0,114,72,206,134,38,12,84,0,0,0,0,0,0,2,1,16,24,10,229,223,87,181,436,1115,3132,13876,1203,0,0
0,0,0,0,0,0,0,0,0,0,0,0,0,1,102,65,202,145,38,7,81,0,0,0,0,1,0,0,1,17,38,16,243,212,99,204,414,1144,3183,14056,927,0,0
0,0,0,0,0,0,0,0,0,0,0,0,0,0,110,66,185,162,37,12,68,0,0,0,0,1,0,0,1,18,22,16,250,261,97,218,403,1133,3148,14220,768,0,0
0,0,0,0,0,0,0,0,0,0,0,0,2,2,107,72,206,152,51,7,95,0,0,0,0,0,0,0,0,13,40,18,232,275,82,214,397,1193,3116,14297,625,0,0
0,0,0,0,0,0,0,0,0,0,0,0,2,2,90,70,219,134,42,9,82,0,0,0,0,0,0,3,2,18,35,20,211,277,69,229,404,1175,2843,14822,438,0,0
0,0,0,0,0,0,0,0,0,0,0,0,1,1,95,69,221,178,52,17,101,0,0,0,0,0,1,5,1,15,27,22,219,251,61,210,391,1153,2776,14984,345,0,0
0,0,0,0,0,0,0,0,0,0,0,0,0,1,89,76,220,144,56,7,70,0,0,0,2,1,0,3,1,15,30,26,189,285,71,249,361,1151,2745,15153,251,0,0
0,0,0,0,0,0,0,0,0,0,0,0,0,2,102,52,215,138,48,8,66,0,0,0,0,0,1,0,0,24,28,33,213,251,70,190,384,1125,2681,15406,159,0,0
0,0,0,0,0,0,0,0,0,0,0,0,0,1,91,69,228,133,48,13,66,0,0,0,1,1,0,5,0,16,23,19,181,253,84,202,390,1111,3189,14973,99,0,0
0,0,0,0,0,0,0,0,0,0,0,0,2,0,99,69,200,152,46,12,68,0,0,0,0,1,0,0,1,17,40,24,203,233,96,219,397,1174,2979,15097,67,0,0
0,0,0,0,0,0,0,0,0,0,0,0,0,0,100,78,206,130,47,8,59,0,0,0,2,1,0,4,1,27,46,36,180,258,72,188,405,1118,3079,15112,39,0,0
0,0,0,0,0,0,0,0,0,0,0,0,3,2,90,75,207,166,40,10,64,0,0,0,2,0,0,3,0,27,28,29,182,248,85,182,453,1131,3231,14916,22,0,0
0,0,0,0,0,0,0,0,0,0,0,0,2,0,113,79,184,150,58,15,55,0,0,0,1,0,0,3,1,39,60,42,149,231,114,182,439,1152,3238,14876,13,0,0
0,0,0,0,0,0,0,0,0,0,0,0,4,2,116,77,181,138,46,11,60,0,0,0,1,0,0,3,0,35,43,37,159,264,86,189,405,1134,2990,15211,4,0,0
0,0,0,0,0,0,0,0,0,0,0,0,1,2,104,69,218,127,41,14,70,0,0,0,1,1,1,6,0,37,44,43,153,245,109,204,424,1127,3046,15105,4,0,0
0,0,0,0,0,0,0,0,0,0,0,0,4,4,100,76,214,122,50,15,64,0,0,0,0,0,1,5,1,38,41,54,143,232,110,170,429,1115,3256,14952,0,0,0
0,0,0,0,0,0,0,0,0,0,0,0,4,2,83,75,243,118,58,23,51,0,0,0,1,1,0,6,1,33,51,52,129,276,95,219,386,1071,2976,15241,1,0,0
0,0,0,0,0,0,0,0,0,0,0,0,2,3,94,72,243,134,50,23,58,0,0,0,0,1,2,3,1,35,39,66,137,264,100,212,373,1146,2999,15139,0,0,0
0,0,0,0,0,0,0,0,0,0,0,0,1,2,78,72,221,123,34,20,68,0,0,0,0,2,1,4,0,43,47,67,121,257,99,201,390,1070,3120,15155,0,0,0
0,0,0,0,0,0,0,0,0,0,0,0,0,2,109,70,214,131,42,30,79,0,0,0,0,2,1,6,1,56,40,75,104,291,87,190,398,1106,3089,15072,1,0,0
0,0,0,0,0,0,0,0,0,0,0,0,1,1,90,66,201,122,55,24,39,0,0,0,0,0,0,2,0,27,49,89,125,246,87,190,343,1155,3089,15194,1,0,0
0,0,0,0,0,0,0,0,0,0,0,0,3,2,80,64,212,134,43,30,47,0,0,0,1,0,0,5,2,34,46,74,96,241,93,216,347,1153,3073,15200,0,0,0
0,0,0,0,0,0,0,0,0,0,0,0,2,2,101,66,188,130,47,19,60,0,0,0,0,2,2,6,0,51,68,81,94,269,83,192,409,1095,3204,15025,0,0,0
0,0,0,0,0,0,0,0,0,0,0,0,0,1,95,54,216,134,42,21,52,0,0,0,1,1,1,9,0,54,55,90,110,268,97,149,386,1110,3285,14965,0,0,0
0,0,0,0,0,0,0,0,0,0,0,0,4,0,93,61,228,153,49,19,46,0,0,0,0,2,0,4,0,57,48,78,72,243,96,179,387,1131,3234,15012,0,0,0
0,0,0,0,0,0,0,0,0,0,0,0,5,5,93,62,203,137,56,17,48,0,0,0,1,0,2,7,2,49,64,101,92,234,87,182,371,1130,3370,14878,0,0,0
0,0,0,0,0,0,0,0,0,0,0,0,3,4,100,76,216,140,60,27,55,0,0,0,0,1,0,6,0,47,57,97,64,265,94,174,383,1166,3170,14991,0,0,0
0,0,0,0,0,0,0,0,0,0,0,0,1,5,107,81,214,171,42,36,64,0,0,0,0,1,0,14,0,52,72,122,65,262,107,177,410,1152,3142,14899,0,0,0
0,0,0,0,0,0,0,0,0,0,0,0,2,9,105,67,229,145,53,32,43,0,0,0,3,1,0,15,0,50,70,108,64,250,97,191,386,1227,3127,14922,0,0,0
0,0,0,0,0,0,0,0,0,0,0,0,3,6,105,86,240,124,60,34,38,0,0,0,1,0,0,13,2,51,51,100,64,287,88,188,380,1137,3114,15024,0,0,0
0,0,0,0,0,0,0,0,0,0,0,0,5,4,129,77,226,136,66,54,47,0,0,0,4,0,0,13,1,53,57,103,56,282,80,192,375,1122,3222,14892,0,0,0
0,0,0,0,0,0,0,0,0,0,0,0,7,8,113,89,225,162,58,43,39,0,0,0,1,0,0,7,4,61,54,99,50,271,108,191,399,1114,3237,14856,0,0,0
0,0,0,0,0,0,0,0,0,0,0,0,5,5,117,85,257,125,58,38,46,0,0,0,3,1,2,10,2,46,65,116,55,273,101,182,394,1169,3302,14739,0,0,0
0,0,0,0,0,0,0,0,0,0,0,0,8,6,132,72,227,134,37,49,41,0,0,0,2,0,2,18,4,58,79,104,46,291,105,196,393,1124,3323,14745,0,0,0
0,0,0,0,0,0,0,0,0,0,0,0,11,3,158,71,190,144,51,53,30,0,0,0,3,2,0,16,0,50,85,110,49,259,91,175,367,1138,3231,14909,0,0,0
0,0,0,0,0,0,0,0,0,0,0,0,6,6,163,72,208,154,67,53,24,0,0,0,2,2,3,19,3,61,76,124,52,257,108,157,370,1160,3191,14858,0,0,0
0,0,0,0,0,0,0,0,0,0,0,0,9,7,147,86,216,144,61,51,42,0,0,0,1,5,1,17,0,70,79,119,47,269,101,173,385,1199,3033,14934,0,0,0
0,0,0,0,0,0,0,0,0,0,0,0,6,2,155,76,263,185,85,59,36,0,0,0,2,2,3,22,2,59,77,117,35,297,100,190,352,1210,3029,14832,0,0,0
0,0,0,0,0,0,0,0,0,0,0,0,7,5,163,87,235,151,88,52,33,0,0,0,4,3,4,21,1,69,88,123,46,313,113,168,383,1169,3207,14663,0,0,0
0,0,0,0,0,0,0,0,0,0,0,0,7,9,161,80,243,162,79,45,18,0,0,0,1,3,3,28,4,81,75,136,38,313,108,159,412,1179,3219,14633,0,0,0
0,0,0,0,0,0,0,0,0,0,0,0,8,6,159,80,219,149,75,60,16,0,0,0,4,4,1,29,1,71,91,124,35,337,102,177,396,1134,3070,14848,0,0,0
0,0,0,0,0,0,0,0,0,0,0,0,7,8,140,83,225,143,78,53,17,0,0,0,1,1,4,22,2,72,83,128,42,287,103,178,392,1155,3081,14891,0,0,0
0,0,0,0,0,0,0,0,0,0,0,0,10,11,158,76,248,152,81,51,16,0,0,0,3,2,1,23,4,70,83,107,36,276,124,136,355,1091,3394,14688,0,0,0
0,0,0,0,0,0,0,0,0,0,0,0,7,10,141,94,208,150,49,66,14,0,0,0,2,1,3,18,3,58,95,117,31,304,105,151,347,1111,3365,14746,0,0,0
0,0,0,0,0,0,0,0,0,0,0,0,11,11,130,90,196,139,65,52,13,0,0,0,4,5,1,19,7,59,82,103,34,270,110,146,333,1113,3133,15070,0,0,0
0,0,0,0,0,0,0,0,0,0,0,0,8,14,134,88,223,141,67,55,6,0,0,0,1,6,1,32,2,56,82,126,45,261,119,144,338,1144,3011,15092,0,0,0
0,0,0,0,0,0,0,0,0,0,0,0,6,12,163,97,210,150,65,64,6,0,0,0,1,5,5,19,5,64,88,109,38,296,124,174,354,1178,3067,14896,0,0,0
0,0,0,0,0,0,0,0,0,0,0,0,9,14,158,108,230,174,82,59,10,0,0,0,4,2,6,35,3,69,74,118,43,323,122,173,368,1192,3233,14587,0,0,0
0,0,0,0,0,0,0,0,0,0,0,0,15,16,159,104,225,183,71,67,6,0,0,0,1,2,3,39,10,67,78,118,31,311,125,184,372,1197,3070,14742,0,0,0
0,0,0,0,0,0,0,0,0,0,0,0,17,10,142,98,245,185,69,56,5,0,0,0,5,1,4,46,6,84,98,100,33,339,144,191,374,1186,3132,14626,0,0,0
0,0,0,0,0,0,0,0,0,0,0,0,16,11,143,89,264,181,68,68,1,0,0,0,5,2,8,32,12,65,74,99,31,317,127,179,363,1181,3100,14760,0,0,0
0,0,0,0,0,0,0,0,0,0,0,0,18,17,157,99,226,188,70,59,3,0,0,0,4,4,5,43,3,81,81,105,42,311,113,174,341,1153,3171,14728,0,0,0
0,0,0,0,0,0,0,0,0,0,0,0,14,18,125,89,227,153,63,63,8,0,0,0,2,5,7,52,3,88,93,97,40,298,132,199,350,1194,3119,14757,0,0,0
0,0,0,0,0,0,0,0,0,0,0,0,13,14,123,89,210,167,67,63,5,0,0,0,7,6,8,46,6,66,103,87,44,301,119,188,338,1164,3169,14793,0,0,0
0,0,0,0,0,0,0,0,0,0,0,0,26,12,140,94,219,167,64,55,3,0,0,0,0,4,3,32,2,67,89,105,28,287,110,183,354,1111,3371,14670,0,0,0
0,0,0,0,0,0,0,0,0,0,0,0,29,14,140,95,220,139,53,59,0,0,0,0,6,7,11,47,6,77,74,82,35,302,116,168,354,1159,3230,14773,0,0,0
0,0,0,0,0,0,0,0,0,0,0,0,24,17,137,94,227,136,55,41,1,0,0,0,6,0,7,51,5,67,90,92,29,268,124,153,321,1130,3260,14861,0,0,0
0,0,0,0,0,0,0,0,0,0,0,0,16,14,134,104,255,119,72,49,1,0,0,0,7,6,10,68,4,67,96,73,45,279,128,161,342,1067,3034,15045,0,0,0
0,0,0,0,0,0,0,0,0,0,0,0,17,16,143,114,237,154,54,48,0,0,0,0,6,7,4,54,4,73,99,76,33,270,149,180,323,1105,3151,14879,0,0,0
0,0,0,0,0,0,0,0,0,0,0,0,20,9,144,109,214,143,48,53,0,0,0,0,4,5,6,59,7,90,92,69,37,263,136,159,338,1213,3077,14901,0,0,0
0,0,0,0,0,0,0,0,0,0,0,0,18,15,142,109,220,140,56,69,2,0,0,0,7,8,5,51,4,91,110,69,47,288,131,171,308,1141,2846,15090,58,0,0
0,0,0,0,0,0,0,0,0,0,0,0,17,22,156,130,229,159,64,55,0,0,0,0,9,6,5,64,6,77,72,70,18,291,128,173,279,1175,2860,15000,131,0,0
0,0,0,0,0,0,0,0,0,0,0,0,17,18,132,108,218,155,51,56,1,0,0,0,15,10,7,59,6,72,100,65,36,287,112,174,263,1107,2882,15046,199,0,0
0,0,0,0,0,0,0,0,0,0,0,0,20,24,146,106,239,153,38,38,0,0,0,0,10,10,11,61,8,73,95,62,33,274,142,189,291,1089,2877,14925,282,0,0
0,0,0,0,0,0,0,0,0,0,0,0,21,24,148,101,222,152,36,49,0,0,0,0,13,9,9,66,8,92,88,66,37,236,127,170,269,1135,2982,14853,283,0,0
0,0,0,0,0,0,0,0,0,0,0,0,28,26,141,109,234,140,44,45,0,0,0,0,12,15,9,81,10,73,107,63,38,287,138,176,298,1091,3257,14509,265,0,0
0,0,0,0,0,0,0,0,0,0,0,0,33,24,131,131,248,153,58,47,0,0,0,0,5,15,12,74,5,82,74,69,33,275,113,186,252,1190,3062,14668,256,0,0
0,0,0,0,0,0,0,0,0,0,0,0,18,35,160,138,239,142,56,45,0,0,0,0,12,17,13,86,11,82,98,41,39,284,170,188,297,1151,3280,14344,250,0,0
0,0,0,0,0,0,0,0,0,0,0,0,29,39,154,124,234,153,57,63,0,0,0,0,11,7,12,80,7,85,102,50,35,254,147,198,295,1129,3303,14380,248,0,0
0,0,0,0,0,0,0,0,0,0,0,0,28,22,160,116,260,148,54,39,0,0,0,0,13,12,12,84,11,87,103,65,36,256,156,197,299,1200,3286,14319,233,0,0
0,0,0,0,0,0,0,0,0,0,0,0,24,35,164,135,242,141,56,40,0,0,0,0,14,11,11,85,10,76,106,55,52,270,159,192,263,1146,3114,14589,206,0,0
0,0,0,0,0,0,0,0,0,0,0,0,40,34,140,146,237,124,54,40,0,0,0,0,19,16,4,102,6,83,115,50,30,259,135,190,255,1090,3216,14615,196,0,0
0,0,0,0,0,0,0,0,0,0,0,0,30,29,137,122,226,143,45,45,0,0,0,0,12,12,16,92,16,73,83,44,40,270,168,200,219,1175,3115,14704,180,0,0
0,0,0,0,0,0,0,0,0,0,0,0,35,38,140,127,233,125,38,31,0,0,0,0,10,12,10,96,11,78,98,58,40,268,134,163,217,1059,3188,14785,202,0,0
0,0,0,0,0,0,0,0,0,0,0,0,37,43,109,144,253,139,34,31,0,0,0,0,14,7,17,102,16,85,88,44,40,269,170,190,228,1089,3298,14568,181,0,0
0,0,0,0,0,0,0,0,0,0,0,0,33,41,132,147,235,135,33,38,0,0,0,0,11,15,21,102,12,67,92,57,48,260,144,190,212,1157,3165,14672,177,0,0
0,0,0,0,0,0,0,0,0,0,0,0,33,48,139,127,267,136,34,42,0,0,0,0,13,14,12,112,12,57,94,41,48,254,189,215,209,1164,3273,14504,159,0,0
0,0,0,0,0,0,0,0,0,0,0,0,33,45,132,148,294,120,37,37,0,0,0,0,16,12,9,92,13,79,80,58,42,252,172,202,254,1234,3331,14335,169,0,0
0,0,0,0,0,0,0,0,0,0,0,0,33,45,165,142,273,153,36,42,0,0,0,0,16,12,8,95,10,74,106,50,42,284,184,204,233,1148,3214,14493,134,0,0
0,0,0,0,0,0,0,0,0,0,0,0,35,40,159,176,296,144,37,38,0,0,0,0,17,19,13,103,12,95,92,52,43,262,191,228,205,1216,3257,14306,160,0,0
0,0,0,0,0,0,0,0,0,0,0,0,33,44,143,137,285,137,29,40,0,0,0,0,16,14,18,122,22,86,112,44,42,255,219,187,226,1287,3071,14494,133,0,0
0,0,0,0,0,0,0,0,0,0,0,0,37,42,159,176,285,126,44,39,0,0,0,0,20,20,19,113,12,89,95,59,51,247,182,222,274,1281,3095,14412,97,0,0
0,0,0,0,0,0,0,0,0,0,0,0,40,45,167,171,294,141,45,38,0,0,0,0,10,12,19,117,17,75,119,68,45,256,180,244,212,1196,3445,14132,108,0,0
0,0,0,0,0,0,0,0,0,0,0,0,49,48,165,168,290,121,39,27,0,0,0,0,15,15,18,115,14,79,116,60,53,251,213,219,217,1169,3470,14173,92,0,0
0,0,0,0,0,0,0,0,0,0,0,0,48,61,154,162,293,134,35,38,0,0,0,0,18,13,19,124,19,89,114,59,41,276,197,203,233,1190,3413,14185,78,0,0
0,0,0,0,0,0,0,0,0,0,0,0,38,73,168,159,300,147,44,34,0,0,0,0,17,13,30,108,20,64,106,62,47,252,193,211,222,1136,3371,14319,62,0,0
0,0,0,0,0,0,0,0,0,0,0,0,52,76,148,145,307,119,26,24,0,0,0,0,16,13,22,156,18,82,111,61,40,261,209,246,200,1175,3422,14197,70,0,0
0,0,0,0,0,0,0,0,0,0,0,0,56,72,128,159,275,135,35,20,0,0,0,0,17,14,22,151,19,77,121,65,63,234,189,268,213,1135,3422,14232,74,0,0
0,0,0,0,0,0,0,0,0,0,0,0,53,72,159,175,293,107,33,25,0,0,0,0,18,17,19,119,21,75,97,64,46,264,182,255,192,1253,3173,14430,54,0,0
0,0,0,0,0,0,0,0,0,0,0,0,49,76,135,170,272,115,21,25,0,0,0,0,21,23,15,159,20,99,89,79,41,260,229,228,176,1228,3376,14249,41,0,0
0,0,0,0,0,0,0,0,0,0,0,0,67,77,154,191,300,133,31,22,0,0,0,0,21,18,25,126,28,81,101,62,71,221,223,257,174,1256,3375,14149,33,0,0
0,0,0,0,0,0,0,0,0,0,0,0,61,92,160,228,274,145,30,21,0,0,0,0,25,15,25,149,20,82,114,75,57,255,200,239,209,1278,3358,14045,39,0,0
0,0,0,0,0,0,0,0,0,0,0,0,66,86,160,220,305,156,24,14,0,0,0,0,37,34,24,162,25,79,96,78,78,221,218,227,192,1328,3364,13963,39,0,0
0,0,0,0,0,0,0,0,0,0,0,0,73,93,149,216,314,133,26,18,0,0,0,0,25,24,20,183,31,77,102,86,56,255,239,288,173,1363,3264,13957,31,0,0
0,0,0,0,0,0,0,0,0,0,0,0,61,98,170,225,294,133,28,15,0,0,0,0,28,26,30,181,24,80,109,79,49,260,238,268,197,1301,3237,14040,25,0,0
0,0,0,0,0,0,0,0,0,0,0,0,59,103,152,209,321,133,24,23,0,0,0,0,34,29,34,166,29,76,105,87,64,262,206,290,170,1382,3205,13958,75,0,0
0,0,0,0,0,0,0,0,0,0,0,0,73,118,165,189,276,124,24,17,0,0,0,0,22,25,32,193,21,85,110,72,54,215,219,245,204,1244,3435,13840,194,0,0
0,0,0,0,0,0,0,0,0,0,0,0,61,114,156,206,306,113,21,10,0,0,0,0,28,31,37,165,23,69,96,65,48,236,205,256,162,1322,3180,14025,261,0,0
0,0,0,0,0,0,0,0,0,0,0,0,65,109,126,237,275,103,19,11,0,0,0,0,26,38,36,168,18,64,102,67,69,224,188,264,149,1250,3241,14022,325,0,0
0,0,0,0,0,0,0,0,0,0,0,0,68,96,135,233,290,102,21,5,0,0,0,0,27,34,34,178,27,60,94,77,66,195,221,297,142,1221,3097,14177,299,0,0
0,0,0,0,0,0,0,0,0,0,0,0,68,89,148,254,284,106,20,10,0,0,0,0,34,36,37,179,29,49,84,83,63,206,221,268,164,1223,3138,14149,254,0,0
0,0,0,0,0,0,0,0,0,0,0,0,69,116,149,257,306,110,19,8,0,0,0,0,33,30,39,192,25,68,69,70,64,221,229,270,148,1195,3234,14064,211,0,0
0,0,0,0,0,0,0,0,0,0,0,0,90,118,133,261,289,111,11,5,0,0,0,0,24,36,40,159,27,63,90,85,63,198,267,236,140,1213,3297,14027,213,0,0
0,0,0,0,0,0,0,0,0,0,0,0,90,120,136,253,286,103,12,1,0,0,0,0,29,46,46,180,35,61,95,104,83,175,239,251,156,1248,3249,14033,165,0,0
0,0,0,0,0,0,0,0,0,0,0,0,83,130,138,259,313,94,10,6,0,0,0,0,33,28,60,195,43,68,78,81,56,186,278,264,161,1181,3514,13777,160,0,0
0,0,0,0,0,0,0,0,0,0,0,0,84,111,144,252,264,75,8,5,0,0,0,0,29,42,49,199,36,70,70,89,57,205,288,260,150,1298,3608,13663,140,0,0
0,0,0,0,0,0,0,0,0,0,0,0,77,114,150,262,272,84,7,5,0,0,0,0,36,45,44,180,35,53,101,78,60,183,285,242,208,1287,3442,13825,121,0,0
0,0,0,0,0,0,0,0,0,0,0,0,85,122,141,271,247,72,9,0,0,0,0,0,30,40,55,196,30,56,101,83,66,191,259,241,161,1249,3364,14019,108,0,0
0,0,0,0,0,0,0,0,0,0,0,0,84,117,143,290,301,83,10,3,0,0,0,0,33,54,56,161,25,50,92,69,74,191,235,261,160,1247,3467,13906,84,0,0
0,0,0,0,0,0,0,0,0,0,0,0,90,133,158,283,277,93,10,3,0,0,0,0,37,36,56,169,41,60,97,62,70,205,283,235,157,1301,3380,13878,82,0,0
0,0,0,0,0,0,0,0,0,0,0,0,97,136,156,324,262,71,11,1,0,0,0,0,45,60,58,206,38,53,89,53,63,172,249,272,137,1381,3396,13809,57,0,0
0,0,0,0,0,0,0,0,0,0,0,0,104,135,187,289,291,68,3,1,0,0,0,0,42,45,60,208,33,52,79,67,67,209,275,300,177,1288,3645,13511,60,0,0
0,0,0,0,0,0,0,0,0,0,0,0,99,147,156,317,269,78,6,2,0,0,0,0,47,56,71,197,30,44,92,86,73,195,279,281,140,1325,3693,13467,46,0,0
0,0,0,0,0,0,0,0,0,0,0,0,95,157,162,320,243,61,5,1,0,0,0,0,62,53,65,212,28,55,89,76,70,207,279,301,144,1280,3576,13610,45,0,0
0,0,0,0,0,0,0,0,0,0,0,0,102,142,167,322,229,65,5,2,0,0,0,0,48,57,68,216,40,60,74,73,54,215,286,274,144,1370,3527,13618,38,0,0
0,0,0,0,0,0,0,0,0,0,0,0,98,175,151,302,290,55,2,0,0,0,0,0,54,76,82,219,37,43,72,95,80,212,305,272,154,1404,3584,13402,32,0,0
0,0,0,0,0,0,0,0,0,0,0,0,120,172,170,337,240,65,6,0,0,0,0,0,57,66,67,194,39,26,71,77,77,195,299,280,192,1371,3460,13599,16,0,0
0,0,0,0,0,0,0,0,0,0,0,0,101,160,174,352,271,49,6,0,0,0,0,0,59,70,86,179,34,53,70,84,59,181,252,285,179,1343,3394,13737,18,0,0
0,0,0,0,0,0,0,0,0,0,0,0,108,177,178,399,256,55,3,0,0,0,0,0,56,88,78,204,43,40,87,62,64,163,274,262,135,1403,3385,13660,16,0,0
0,0,0,0,0,0,0,0,0,0,0,0,115,149,175,370,245,44,1,0,0,0,0,0,59,68,74,202,37,49,83,64,60,178,280,276,141,1390,3495,13628,13,0,0
0,0,0,0,0,0,0,0,0,0,0,0,118,160,163,390,269,53,3,0,0,0,0,0,53,69,83,202,46,32,75,73,70,166,271,257,157,1413,3543,13525,5,0,0
0,0,0,0,0,0,0,0,0,0,0,0,104,165,152,411,279,38,4,0,0,0,0,0,61,91,80,208,35,28,80,50,73,194,269,274,168,1460,3596,13371,5,0,0
0,0,0,0,0,0,0,0,0,0,0,0,91,205,170,407,248,38,1,0,0,0,0,0,70,53,74,186,35,36,64,54,74,202,266,214,152,1417,3436,13699,4,0,0
0,0,0,0,0,0,0,0,0,0,0,0,104,166,204,384,238,35,2,0,0,0,0,0,64,60,92,194,32,45,76,42,66,197,298,261,156,1309,3495,13670,6,0,0
0,0,0,0,0,0,0,0,0,0,0,0,95,187,169,373,238,19,1,0,0,0,0,0,69,75,100,172,48,28,54,53,73,227,272,258,156,1459,3340,13727,3,0,0
0,0,0,0,0,0,0,0,0,0,0,0,98,191,179,396,227,23,1,0,0,0,0,0,77,69,91,177,36,34,64,47,56,196,289,237,160,1435,3445,13664,4,0,0
0,0,0,0,0,0,0,0,0,0,0,0,121,189,182,405,231,18,0,0,0,0,0,0,76,72,99,173,33,34,64,36,59,218,268,257,156,1420,3562,13521,2,0,0
0,0,0,0,0,0,0,0,0,0,0,0,126,202,189,413,255,19,2,0,0,0,0,0,73,74,101,181,39,38,81,37,74,219,283,264,144,1509,3458,13412,3,0,0
0,0,0,0,0,0,0,0,0,0,0,0,128,192,192,389,225,15,1,0,0,0,0,0,86,75,108,199,49,46,77,50,80,221,287,247,199,1540,3494,13296,0,0,0
0,0,0,0,0,0,0,0,0,0,0,0,153,239,200,417,218,17,2,1,0,0,0,0,78,100,93,178,47,37,84,42,88,239,327,298,185,1528,3705,12920,0,0,0
0,0,0,0,0,0,0,0,0,0,0,0,154,240,192,420,206,17,0,0,0,0,0,0,110,71,133,192,45,41,69,55,84,235,288,267,173,1547,3757,12900,0,0,0
0,0,0,0,0,0,0,0,0,0,0,0,167,244,174,429,223,17,1,0,0,0,0,0,92,83,143,199,39,43,86,76,80,222,321,267,173,1507,3804,12805,1,0,0
0,0,0,0,0,0,0,0,0,0,0,0,161,233,192,441,209,13,1,0,0,0,0,0,100,94,114,178,58,37,56,71,90,216,318,274,180,1565,3960,12635,0,0,0
0,0,0,0,0,0,0,0,0,0,0,0,136,256,195,425,195,13,0,0,0,0,0,0,97,97,130,198,54,25,71,65,100,246,313,278,170,1556,3925,12651,0,0,0
0,0,0,0,0,0,0,0,0,0,0,0,148,256,187,423,216,9,0,0,0,0,0,0,99,103,137,185,42,25,68,52,95,230,301,235,197,1579,3806,12802,1,0,0
0,0,0,0,0,0,0,0,0,0,0,0,149,283,178,462,191,13,0,0,0,0,0,0,130,95,130,159,43,34,61,52,87,217,306,237,226,1608,3882,12653,0,0,0
0,0,0,0,0,0,0,0,0,0,0,0,145,248,195,473,194,6,1,0,0,0,0,0,99,104,116,166,44,30,60,53,92,233,336,240,215,1623,4044,12479,0,0,0
0,0,0,0,0,0,0,0,0,0,0,0,142,249,211,434,182,3,1,0,0,0,0,0,116,115,151,197,36,29,67,42,93,246,316,222,182,1678,3973,12511,0,0,0
0,0,0,0,0,0,0,0,0,0,0,0,132,241,220,446,185,8,0,0,0,0,0,0,134,102,126,181,35,23,51,49,100,249,325,233,207,1639,4050,12460,0,0,0
0,0,0,0,0,0,0,0,0,0,0,0,134,226,236,481,175,8,1,0,0,0,0,0,120,90,152,162,39,28,53,36,96,270,319,234,172,1682,4008,12474,0,0,0
0,0,0,0,0,0,0,0,0,0,0,0,131,254,256,480,147,6,1,0,0,0,0,0,116,104,130,155,37,27,48,42,81,286,338,233,165,1765,3968,12426,0,0,0
0,0,0,0,0,0,0,0,0,0,0,0,130,248,258,481,180,3,0,0,0,0,0,0,118,106,171,144,41,24,43,45,80,290,329,248,154,1756,4151,12196,0,0,0
0,0,0,0,0,0,0,0,0,0,0,0,129,260,237,456,167,5,0,0,0,0,0,0,141,99,143,166,62,31,44,41,89,280,326,250,202,1799,4101,12168,0,0,0
0,0,0,0,0,0,0,0,0,0,0,0,138,283,266,450,133,6,0,0,0,0,0,0,135,101,166,161,45,23,49,36,94,262,325,232,190,1834,4287,11980,0,0,0
0,0,0,0,0,0,0,0,0,0,0,0,120,241,277,492,130,0,0,0,0,0,0,0,141,127,155,164,37,26,33,46,90,300,305,217,164,1851,4342,11938,0,0,0
0,0,0,0,0,0,0,0,0,0,0,0,140,273,273,484,151,3,0,0,0,0,0,0,110,112,145,165,33,26,37,37,88,294,323,210,207,1937,4303,11845,0,0,0
0,0,0,0,0,0,0,0,0,0,0,0,156,263,270,528,126,4,0,0,0,0,0,0,148,118,142,145,34,18,41,45,81,298,299,219,197,1948,4249,11867,0,0,0
0,0,0,0,0,0,0,0,0,0,0,0,151,259,283,473,116,1,1,0,0,0,0,0,162,115,173,164,38,18,39,41,89,276,309,248,154,1945,4269,11872,0,0,0
0,0,0,0,0,0,0,0,0,0,0,0,155,267,263,517,128,5,0,0,0,0,0,0,159,93,180,139,40,19,43,38,80,298,348,199,172,1978,4366,11709,0,0,0
0,0,0,0,0,0,0,0,0,0,0,0,156,268,278,549,133,4,0,0,0,0,0,0,153,139,172,137,35,10,45,46,97,307,306,227,192,2016,4426,11500,0,0,0
0,0,0,0,0,0,0,0,0,0,0,0,144,270,298,557,132,3,0,0,0,0,0,0,167,105,160,141,37,7,34,46,91,311,321,232,207,2110,4533,11290,0,0,0
0,0,0,0,0,0,0,0,0,0,0,0,141,273,285,571,134,1,0,0,0,0,0,0,196,132,173,138,32,12,31,37,98,351,294,212,191,2222,4598,11074,0,0,0
0,0,0,0,0,0,0,0,0,0,0,0,144,297,309,542,119,2,0,0,0,0,0,0,175,126,179,152,41,10,50,48,116,344,320,202,222,2206,4665,10927,0,0,0
0,0,0,0,0,0,0,0,0,0,0,0,145,302,329,543,106,1,0,0,0,0,0,0,196,131,201,138,46,14,33,45,112,345,336,224,212,2286,4668,10783,0,0,0
0,0,0,0,0,0,0,0,0,0,0,0,141,326,369,549,98,2,0,0,0,0,0,0,206,137,177,119,38,16,44,42,90,372,317,213,205,2357,4868,10510,0,0,0
0,0,0,0,0,0,0,0,0,0,0,0,142,293,327,550,104,1,0,0,0,0,0,0,176,136,188,122,32,11,52,39,113,392,349,205,202,2388,5010,10364,0,0,0
0,0,0,0,0,0,0,0,0,0,0,0,149,318,353,530,100,0,0,0,0,0,0,0,179,115,194,123,36,8,55,29,109,348,350,193,214,2422,5124,10247,0,0,0
0,0,0,0,0,0,0,0,0,0,0,0,172,298,349,500,91,1,1,0,0,0,0,0,205,131,167,110,47,10,55,37,122,381,358,191,197,2519,5256,9998,0,0,0
0,0,0,0,0,0,0,0,0,0,0,0,192,322,335,520,90,0,0,0,0,0,0,0,217,136,189,102,26,8,31,43,103,343,363,194,188,2599,5354,9841,0,0,0
0,0,0,0,0,0,0,0,0,0,0,0,190,305,340,515,79,0,0,0,0,0,0,0,218,121,203,102,41,16,45,36,123,368,329,174,212,2623,5533,9623,0,0,0
0,0,0,0,0,0,0,0,0,0,0,0,197,338,347,538,82,0,0,0,0,0,0,0,211,125,184,112,33,7,54,31,111,384,341,167,209,2664,5458,9603,0,0,0
0,0,0,0,0,0,0,0,0,0,0,0,182,321,384,484,68,0,0,0,0,0,0,0,220,121,211,123,24,7,53,37,107,406,329,174,219,2807,5603,9316,0,0,0
0,0,0,0,0,0,0,0,0,0,0,0,202,341,393,522,77,0,0,0,0,0,0,0,216,136,190,97,22,8,49,40,121,410,308,164,200,2888,5631,9181,0,0,0
0,0,0,0,0,0,0,0,0,0,0,0,223,324,395,527,70,0,0,0,0,0,0,0,220,129,218,99,30,9,46,43,128,400,324,151,185,2984,5739,8952,0,0,0
0,0,0,0,0,0,0,0,0,0,0,0,188,317,403,527,66,0,0,0,0,0,0,0,247,131,213,103,25,11,40,51,152,402,299,145,211,3104,5802,8759,0,0,0
0,0,0,0,0,0,0,0,0,0,0,0,197,380,381,515,53,0,0,0,0,0,0,0,235,129,218,84,24,3,42,34,144,424,341,165,192,3128,5957,8550,0,0,0
0,0,0,0,0,0,0,0,0,0,0,0,188,364,413,472,53,0,0,0,0,0,0,0,267,132,207,88,34,5,37,52,132,433,338,133,208,3194,6105,8341,0,0,0
0,0,0,0,0,0,0,0,0,0,0,0,199,348,437,513,63,0,0,0,0,0,0,0,238,140,228,81,25,5,45,31,124,412,287,126,243,3358,6211,8082,0,0,0
0,0,0,0,0,0,0,0,0,0,0,0,211,387,425,475,63,0,0,0,0,0,0,0,229,146,208,79,24,11,56,39,131,409,289,137,189,3419,6398,7871,0,0,0
0,0,0,0,0,0,0,0,0,0,0,0,226,363,422,495,61,0,0,0,0,0,0,0,238,155,218,56,24,3,57,37,154,418,308,155,243,3460,6463,7640,0,0,0
0,0,0,0,0,0,0,0,0,0,0,0,214,343,439,467,70,0,0,0,0,0,0,0,274,140,216,84,19,7,41,33,121,431,292,123,223,3575,6603,7481,0,0,0
0,0,0,0,0,0,0,0,0,0,0,0,211,333,456,522,61,0,0,0,0,0,0,0,220,162,217,78,19,5,43,36,129,411,287,138,205,3727,6603,7333,0,0,0
0,0,0,0,0,0,0,0,0,0,0,0,212,339,431,469,62,0,0,0,0,0,0,0,271,119,232,73,17,6,43,58,140,504,309,114,237,3826,6762,6972,0,0,0
0,0,0,0,0,0,0,0,0,0,0,0,209,378,477,470,58,1,0,0,0,0,0,0,273,144,209,80,14,7,54,47,132,481,270,131,210,3981,6838,6732,0,0,0
0,0,0,0,0,0,0,0,0,0,0,0,236,365,478,481,61,0,0,0,0,0,0,0,275,136,245,70,15,8,61,54,134,507,290,141,215,4020,6938,6466,0,0,0
0,0,0,0,0,0,0,0,0,0,0,0,233,367,497,469,69,0,0,0,0,0,0,0,288,143,229,61,17,4,56,45,164,494,292,129,219,4219,6816,6385,0,0,0
0,0,0,0,0,0,0,0,0,0,0,0,224,395,493,467,60,0,0,0,0,0,0,0,283,134,268,70,20,4,53,46,152,532,266,126,232,4322,6977,6072,0,0,0
0,0,0,0,0,0,0,0,0,0,0,0,217,378,519,424,74,0,0,0,0,0,0,0,302,142,234,67,17,4,50,31,168,489,261,131,225,4453,7081,5929,0,0,0
0,0,0,0,0,0,0,0,0,0,0,0,217,385,492,459,70,0,0,0,0,0,0,0,300,139,226,64,16,8,56,46,154,522,236,103,237,4555,7216,5695,0,0,0
0,0,0,0,0,0,0,0,0,0,0,0,217,394,537,446,56,0,0,0,0,0,0,0,278,154,252,60,17,6,58,46,159,501,234,92,206,4709,7330,5444,0,0,0
0,0,0,0,0,0,0,0,0,0,0,0,222,389,563,432,62,0,0,0,0,0,0,0,301,153,200,72,19,9,70,45,180,513,234,103,218,4843,7470,5098,0,0,0
0,0,0,0,0,0,0,0,0,0,0,0,227,388,565,433,70,0,0,0,0,0,0,0,301,137,229,80,8,9,55,40,167,524,223,110,215,5057,7500,4858,0,0,0
0,0,0,0,0,0,0,0,0,0,0,0,261,393,583,427,71,0,0,0,0,0,0,0,334,129,202,74,18,9,63,35,150,540,230,121,244,5224,7500,4588,0,0,0
0,0,0,0,0,0,0,0,0,0,0,0,253,404,550,422,73,0,0,0,0,0,0,0,324,143,248,65,15,4,65,35,153,536,224,87,254,5368,7602,4371,0,0,0
0,0,0,0,0,0,0,0,0,0,0,0,275,510,673,588,89,0,0,0,0,0,0,0,401,169,289,93,13,3,91,41,250,832,314,169,304,5552,6888,3652,0,0,0
0,0,0,0,0,0,0,0,0,0,0,0,223,434,604,545,77,0,0,0,0,0,0,0,348,200,283,85,15,9,91,33,237,837,307,154,305,4655,4954,2493,0,0,0
0,0,0,0,0,0,0,0,0,0,0,0,143,292,404,349,51,0,0,0,0,0,0,0,214,112,166,36,10,5,55,31,151,523,185,94,197,2906,2985,1406,0,0,0
0,0,0,0,0,0,0,0,0,0,0,0,107,273,289,320,45,0,0,0,0,0,0,0,157,87,138,47,8,2,75,10,144,490,197,97,199,1704,1022,424,0,0,0
