0,0,0,0,0,0,0,0,0,0,0,0,0,0,0,58,2090,32,637,165,97,15,0,0,0,0,0,0,0,0,57,0,1701,1354,1346,702,1712,6178,87658,0,0,0,0,0,0
0,0,0,0,0,0,0,0,0,0,0,0,0,0,0,52,2179,8,616,185,131,22,0,0,0,0,0,0,0,0,13,0,980,1768,845,848,747,5871,89537,0,0,0,0,0,0
0,0,0,0,0,0,0,0,0,0,0,0,0,0,0,18,1738,3,824,197,133,0,0,0,0,0,0,0,0,0,6,0,1178,1364,492,1210,876,6067,89696,0,0,0,0,0,0
0,0,0,0,0,0,0,0,0,0,0,0,0,0,0,45,1731,1,462,116,101,23,0,0,0,0,0,0,0,0,0,0,1069,1887,764,910,766,6223,89704,0,0,0,0,0,0
0,0,0,0,0,0,0,0,0,0,0,0,0,0,0,70,760,7,1579,78,209,45,0,0,0,0,0,0,0,0,17,0,1103,1784,730,1028,973,6562,88857,0,0,0,0,0,0
0,0,0,0,0,0,0,0,0,0,0,0,0,0,0,161,1551,76,948,254,222,30,0,0,0,0,0,0,0,0,73,0,1193,1666,751,1174,1251,6623,71413,16416,0,0,0,0,0
0,0,0,0,0,0,0,0,0,0,0,0,0,0,0,213,1213,44,1150,130,197,118,0,0,0,0,0,0,0,0,80,0,1338,1549,815,1143,1490,6807,49397,38118,0,0,0,0,0
0,0,0,0,0,0,0,0,0,0,0,0,0,0,0,494,1059,51,1105,143,132,48,0,0,0,0,0,0,0,0,106,0,1516,1507,917,1255,2000,6691,36657,50121,0,0,0,0,0
0,0,0,0,0,0,0,0,0,0,0,0,0,0,1,667,994,77,1048,159,146,68,0,0,0,0,0,0,0,1,150,0,1521,1358,874,1296,2005,6585,17956,68896,0,0,0,0,0
0,0,0,0,0,0,0,0,0,0,0,0,0,0,2,760,947,98,877,185,181,69,0,0,0,0,0,0,0,0,102,0,1618,1366,950,1214,1973,6578,17498,69384,0,0,0,0,0
0,0,0,0,0,0,0,0,0,0,0,0,1,0,8,813,958,106,847,212,211,68,0,0,0,0,0,0,0,0,130,0,1493,1468,1033,1231,1968,6610,17553,69092,0,0,0,0,0
0,0,0,0,0,0,0,0,0,0,0,0,0,0,3,855,1013,128,820,245,270,60,0,0,0,0,0,0,0,0,145,0,1500,1434,999,1301,2060,6530,17685,68754,0,0,0,0,0
0,0,0,0,0,0,0,0,0,0,0,0,0,0,11,841,972,155,882,228,265,91,0,0,0,0,0,0,0,1,138,0,1491,1506,975,1277,2031,6701,17244,68993,0,0,0,0,0
0,0,0,0,0,0,0,0,0,0,0,0,0,0,12,869,980,202,810,250,300,79,0,0,0,0,0,1,0,0,135,0,1557,1500,1004,1332,2008,6767,17860,68136,0,0,0,0,0
0,0,0,0,0,0,0,0,0,0,0,0,0,0,26,910,1005,222,828,251,250,83,0,0,0,0,0,0,0,1,162,1,1667,1487,973,1287,2112,6723,17870,67944,0,0,0,0,0
0,0,0,0,0,0,0,0,0,0,0,0,0,0,35,905,1002,251,743,198,265,77,0,0,0,0,0,0,0,0,151,1,1665,1474,1010,1293,2130,6535,18158,67909,0,0,0,0,0
0,0,0,0,0,0,0,0,0,0,0,0,0,0,48,861,966,323,773,189,284,69,0,0,0,0,0,0,0,0,124,0,1621,1516,963,1244,2007,6699,17423,68692,0,0,0,0,0
0,0,0,0,0,0,0,0,0,0,0,0,0,0,60,812,956,343,705,152,277,57,0,0,0,0,0,0,0,0,126,1,1605,1434,973,1287,2144,6488,17495,68887,0,0,0,0,0
0,0,0,0,0,0,0,0,0,0,0,0,0,0,74,834,936,435,660,156,260,53,0,0,0,0,0,0,0,2,103,0,1607,1338,983,1288,2163,6542,17786,68582,0,0,0,0,0
0,0,0,0,0,0,0,0,0,0,0,0,0,0,89,809,970,473,661,126,305,51,0,0,0,0,0,1,0,0,122,1,1653,1497,1033,1246,2012,6700,17576,68477,0,0,0,0,0
0,0,0,0,0,0,0,0,0,0,0,0,0,0,77,763,1118,527,515,105,342,53,0,0,1,0,0,0,0,0,115,3,1515,1435,982,1297,1952,6632,17398,68972,0,0,0,0,0
0,0,0,0,0,0,0,0,0,0,0,0,0,0,119,760,981,558,456,64,301,26,0,0,0,0,0,1,1,1,113,0,1618,1438,1026,1226,1968,6665,17490,68990,0,0,0,0,0
0,0,0,0,0,0,0,0,0,0,0,0,1,0,132,766,1010,660,451,59,335,24,0,0,0,0,0,1,0,3,137,0,1577,1462,1001,1251,2037,6557,17665,68673,0,0,0,0,0
0,0,0,0,0,0,0,0,0,0,0,0,1,0,147,658,961,767,353,29,284,15,0,0,0,0,0,0,0,2,114,2,1561,1468,934,1248,2010,6553,17255,69440,0,0,0,0,0
0,0,0,0,0,0,0,0,0,0,0,0,0,0,173,708,1123,826,327,14,369,15,0,0,0,0,1,0,0,5,147,2,1651,1459,1054,1227,1999,6654,18052,67996,0,0,0,0,0
0,0,0,0,0,0,0,0,0,0,0,0,0,0,223,704,1055,883,267,13,397,9,0,0,0,0,1,2,0,4,158,2,1622,1498,1048,1275,2156,6678,17798,68009,0,0,0,0,0
0,0,0,0,0,0,0,0,0,0,0,0,0,0,244,635,1062,961,232,8,361,9,0,0,0,0,0,0,0,7,129,4,1574,1433,975,1236,1985,6841,17684,68422,0,0,0,0,0
0,0,0,0,0,0,0,0,0,0,0,0,0,0,254,609,1025,922,193,3,354,4,0,0,0,0,0,2,0,3,143,4,1633,1445,919,1259,2205,6732,17486,68607,0,0,0,0,0
0,0,0,0,0,0,0,0,0,0,0,0,1,0,281,521,976,839,191,0,307,0,0,0,0,0,0,1,0,9,145,6,1542,1391,756,1172,2320,6740,17356,69248,0,0,0,0,0
0,0,0,0,0,0,0,0,0,0,0,0,1,0,311,523,1089,895,184,0,349,1,0,0,0,0,0,2,0,10,125,3,1571,1390,640,1156,2184,6567,17288,69513,0,0,0,0,0
0,0,0,0,0,0,0,0,0,0,0,0,0,0,316,511,1027,921,179,0,392,0,0,0,0,1,0,2,0,8,123,7,1543,1410,550,1168,2337,6580,17482,69245,0,0,0,0,0
0,0,0,0,0,0,0,0,0,0,0,0,1,1,350,470,1024,885,165,0,317,0,0,0,0,0,0,1,0,14,145,5,1459,1395,566,1218,2482,6557,17380,69367,0,0,0,0,0
0,0,0,0,0,0,0,0,0,0,0,0,0,1,375,436,1055,890,216,0,359,0,0,0,1,0,0,1,0,6,127,10,1556,1442,519,1158,2374,6774,17287,69215,0,0,0,0,0
0,0,0,0,0,0,0,0,0,0,0,0,0,1,395,387,973,812,152,0,307,0,0,0,0,0,0,2,0,10,128,7,1532,1438,589,1223,2487,6735,17449,69175,0,0,0,0,0
0,0,0,0,0,0,0,0,0,0,0,0,0,0,410,373,974,858,167,0,304,0,0,0,1,0,0,4,0,14,139,12,1434,1468,543,1135,2396,6690,17393,69487,0,0,0,0,0
0,0,0,0,0,0,0,0,0,0,0,0,0,1,421,382,1008,912,189,0,371,0,0,0,0,0,0,2,0,21,156,16,1460,1422,558,1171,2422,6633,17057,69600,0,0,0,0,0
0,0,0,0,0,0,0,0,0,0,0,0,0,0,444,385,1124,895,180,0,365,0,0,0,0,0,0,2,1,15,146,14,1543,1443,512,1188,2548,6643,17478,68876,0,0,0,0,0
0,0,0,0,0,0,0,0,0,0,0,0,0,0,530,364,1127,902,210,0,396,0,0,0,1,0,0,4,0,11,137,17,1568,1430,538,1232,2425,6654,17334,68922,0,0,0,0,0
0,0,0,0,0,0,0,0,0,0,0,0,1,0,504,380,1101,964,223,0,371,0,0,0,0,0,0,2,0,31,143,24,1500,1443,554,1237,2423,6872,17318,68711,0,0,0,0,0
0,0,0,0,0,0,0,0,0,0,0,0,0,0,547,366,1089,880,228,0,400,0,0,0,0,0,0,2,0,26,139,19,1594,1526,607,1187,2520,6914,17181,68577,0,0,0,0,0
0,0,0,0,0,0,0,0,0,0,0,0,0,0,561,353,1124,793,211,4,394,0,0,0,0,0,0,2,0,30,146,33,1580,1431,588,1221,2718,6920,17618,66256,1819,0,0,0,0
0,0,0,0,0,0,0,0,0,0,0,0,1,0,537,414,1140,813,202,8,431,0,0,0,0,0,0,0,0,36,183,32,1545,1537,604,1255,2814,6942,17327,63863,4118,0,0,0,0
0,0,0,0,0,0,0,0,0,0,0,0,1,2,575,386,1163,827,229,11,398,0,0,0,1,0,1,3,0,53,174,43,1504,1475,631,1159,2671,6982,17636,62477,5400,0,0,0,0
0,0,0,0,0,0,0,0,0,0,0,0,0,0,592,439,1186,828,233,20,425,0,0,0,2,0,1,1,0,49,191,48,1591,1596,579,1252,2712,6867,17060,60973,7157,0,0,0,0
0,0,0,0,0,0,0,0,0,0,0,0,2,1,570,431,1193,765,240,14,393,0,0,0,0,0,0,3,0,62,189,47,1536,1484,631,1196,2744,7029,17030,61557,6685,0,0,0,0
0,0,0,0,0,0,0,0,0,0,0,0,1,0,547,399,1184,825,203,8,382,0,0,0,1,0,1,6,0,54,163,70,1513,1474,605,1174,2751,6884,16983,62589,5985,0,0,0,0
0,0,0,0,0,0,0,0,0,0,0,0,0,1,570,374,1156,736,204,23,404,0,0,0,2,0,0,4,1,72,186,77,1542,1596,671,1256,2696,6973,17216,62874,5168,0,0,0,0
0,0,0,0,0,0,0,0,0,0,0,0,3,0,564,376,1129,691,198,21,402,0,0,0,0,0,0,5,0,146,197,78,1508,1454,595,1197,2763,7000,17258,63666,4551,0,0,0,0
0,0,0,0,0,0,0,0,0,0,0,0,2,0,575,389,1156,749,199,17,365,0,0,0,2,1,0,10,0,96,172,85,1467,1469,569,1255,2738,6938,16889,64830,3829,0,0,0,0
0,0,0,0,0,0,0,0,0,0,0,0,2,0,561,421,1220,745,221,20,395,0,0,0,0,0,0,5,1,72,192,81,1460,1441,567,1182,2745,6876,17412,64938,3245,0,0,0,0
0,0,0,0,0,0,0,0,0,0,0,0,2,1,534,358,1146,739,205,22,356,0,0,0,0,0,0,5,0,78,204,103,1491,1463,600,1270,2597,6890,17285,65930,2523,0,0,0,0
0,0,0,0,0,0,0,0,0,0,0,0,2,1,540,352,1129,759,194,32,337,0,0,0,1,1,0,6,0,91,168,133,1361,1505,595,1180,2548,6739,17362,66667,2099,0,0,0,0
0,0,0,0,0,0,0,0,0,0,0,0,2,1,544,370,1237,752,219,34,381,0,0,0,0,1,0,4,0,103,187,112,1315,1468,542,1225,2540,6949,17222,66977,1617,0,0,0,0
0,0,0,0,0,0,0,0,0,0,0,0,3,1,506,402,1152,734,200,46,356,0,0,0,1,1,0,7,1,98,180,139,1212,1520,565,1245,2481,6883,16917,67999,1153,0,0,0,0
0,0,0,0,0,0,0,0,0,0,0,0,2,1,475,350,1236,799,238,49,383,0,0,0,0,0,2,9,0,106,203,162,1215,1468,561,1253,2512,6860,16670,68395,853,0,0,0,0
0,0,0,0,0,0,0,0,0,0,0,0,3,1,494,415,1301,737,235,33,400,0,0,0,2,1,0,14,1,107,216,165,1250,1565,551,1290,2562,7070,16734,68025,630,0,0,0,0
0,0,0,0,0,0,0,0,0,0,0,0,3,2,495,362,1254,764,263,40,411,0,0,0,2,0,1,10,0,134,208,170,1280,1602,554,1208,2477,7127,16917,68155,363,0,0,0,0
0,0,0,0,0,0,0,0,0,0,0,0,3,5,514,393,1236,691,253,56,402,0,0,0,1,0,0,6,1,173,224,180,1252,1633,620,1228,2775,7142,17111,67668,235,0,0,0,0
0,0,0,0,0,0,0,0,0,0,0,0,4,4,564,375,1205,779,266,53,391,0,0,0,1,2,1,10,0,151,247,189,1253,1557,621,1295,2720,7270,16841,67850,153,0,0,0,0
0,0,0,0,0,0,0,0,0,0,0,0,7,1,535,384,1181,738,246,45,384,0,0,0,1,0,1,7,0,181,251,214,1151,1532,584,1211,2781,7097,17138,68042,90,0,0,0,0
0,0,0,0,0,0,0,0,0,0,0,0,7,3,501,355,1168,746,215,55,319,0,0,0,2,0,2,13,0,195,249,250,1073,1463,596,1136,2832,7151,17335,68089,47,0,0,0,0
0,0,0,0,0,0,0,0,0,0,0,0,6,2,575,369,1105,692,202,55,324,0,0,0,1,0,1,15,1,202,295,266,1033,1511,609,1133,2719,7021,17594,68039,32,0,0,0,0
0,0,0,0,0,0,0,0,0,0,0,0,7,4,574,329,1089,700,215,56,314,0,0,0,2,1,2,18,2,178,232,289,1005,1493,596,1135,2651,6933,17255,68711,11,0,0,0,0
0,0,0,0,0,0,0,0,0,0,0,0,6,1,520,350,1104,641,215,48,339,0,0,0,0,1,1,10,1,221,277,304,935,1482,608,1161,2546,6895,17126,69002,8,0,0,0,0
0,0,0,0,0,0,0,0,0,0,0,0,5,3,495,361,1070,676,213,61,287,0,0,0,3,1,1,9,2,217,271,314,894,1491,642,1100,2502,6719,17728,68732,5,0,0,0,0
0,0,0,0,0,0,0,0,0,0,0,0,4,2,532,328,1125,690,223,65,293,0,0,0,3,1,2,21,4,221,315,337,800,1509,604,1150,2591,6820,17292,68867,3,0,0,0,0
0,0,0,0,0,0,0,0,0,0,0,0,6,2,533,388,1167,639,234,76,284,0,0,0,1,0,2,17,0,242,266,377,817,1495,609,1186,2485,6837,17606,68532,1,0,0,0,0
0,0,0,0,0,0,0,0,0,0,0,0,8,0,519,318,1173,670,223,85,289,0,0,0,0,0,1,19,2,237,297,409,739,1511,631,1137,2493,7055,17690,68296,0,0,0,0,0
0,0,0,0,0,0,0,0,0,0,0,0,7,4,532,356,1131,710,257,85,295,0,0,0,1,1,1,20,0,292,287,438,706,1644,609,1161,2536,7074,17591,68063,1,0,0,0,0
0,0,0,0,0,0,0,0,0,0,0,0,7,3,534,330,1084,662,259,93,295,0,0,0,1,3,1,20,1,272,277,485,639,1490,614,1211,2507,6934,17313,68766,1,0,0,0,0
0,0,0,0,0,0,0,0,0,0,0,0,11,3,549,317,1135,693,232,99,264,0,0,0,2,0,1,37,0,269,322,501,631,1546,683,1137,2471,7006,17479,68414,0,0,0,0,0
0,0,0,0,0,0,0,0,0,0,0,0,4,10,544,327,1027,668,226,105,281,0,0,0,1,1,2,37,1,322,346,510,576,1488,611,1121,2647,6949,17536,68462,0,0,0,0,0
0,0,0,0,0,0,0,0,0,0,0,0,3,6,539,275,1066,658,213,93,235,0,0,0,3,0,2,33,2,296,287,571,515,1422,636,1065,2560,7027,17767,68528,0,0,0,0,0
0,0,0,0,0,0,0,0,0,0,0,0,5,6,550,310,1027,701,223,106,250,0,0,0,2,1,1,37,3,325,293,531,480,1418,631,1090,2531,6794,17462,69025,0,0,0,0,0
0,0,0,0,0,0,0,0,0,0,0,0,5,8,566,352,967,667,232,104,218,0,0,0,2,4,3,40,2,304,326,588,426,1479,646,1122,2467,6891,17786,68597,0,0,0,0,0
0,0,0,0,0,0,0,0,0,0,0,0,10,5,546,368,1042,703,270,110,221,0,0,0,0,2,3,33,2,302,353,580,431,1524,626,1077,2449,6855,17773,68517,0,0,0,0,0
0,0,0,0,0,0,0,0,0,0,0,0,5,10,543,361,1121,742,259,147,246,0,0,0,1,1,2,56,2,302,362,672,375,1548,631,1121,2372,7122,17221,68580,0,0,0,0,0
0,0,0,0,0,0,0,0,0,0,0,0,5,13,548,309,1207,722,266,156,222,0,0,0,1,4,2,61,1,285,348,724,395,1595,610,1086,2475,7267,16985,68515,0,0,0,0,0
0,0,0,0,0,0,0,0,0,0,0,0,4,9,590,350,1122,711,287,175,200,0,0,0,4,3,3,45,6,337,398,719,375,1707,638,1128,2546,7158,17380,67907,0,0,0,0,0
0,0,0,0,0,0,0,0,0,0,0,0,8,3,602,356,1160,760,297,185,235,0,0,0,2,3,3,50,4,315,443,739,319,1706,691,1181,2531,7053,17816,67340,0,0,0,0,0
0,0,0,0,0,0,0,0,0,0,0,0,10,8,588,340,1122,780,271,174,200,0,0,0,4,4,4,60,4,336,430,714,315,1656,675,1147,2570,7138,17734,67518,0,0,0,0,0
0,0,0,0,0,0,0,0,0,0,0,0,12,12,627,359,1106,756,285,205,183,0,0,0,4,4,1,65,1,327,414,756,314,1677,729,1173,2583,7120,17966,67123,0,0,0,0,0
0,0,0,0,0,0,0,0,0,0,0,0,9,10,653,404,1111,730,283,213,173,0,0,0,6,7,1,87,2,327,437,713,286,1601,726,1104,2569,7073,18185,67092,0,0,0,0,0
0,0,0,0,0,0,0,0,0,0,0,0,17,18,640,362,1050,787,249,206,160,0,0,0,4,5,4,83,5,331,405,702,304,1650,712,1123,2534,7182,17782,67487,0,0,0,0,0
0,0,0,0,0,0,0,0,0,0,0,0,15,14,693,383,1053,720,272,208,116,0,0,0,6,6,10,92,1,327,467,691,296,1659,756,1045,2457,7106,17783,67626,0,0,0,0,0
0,0,0,0,0,0,0,0,0,0,0,0,17,17,657,374,1122,727,284,217,137,0,0,0,6,6,7,92,1,338,400,693,300,1669,712,1122,2447,7179,17192,68086,0,0,0,0,0
0,0,0,0,0,0,0,0,0,0,0,0,18,12,654,386,1175,804,325,237,146,0,0,0,5,6,2,97,4,331,451,682,307,1760,716,1121,2408,7246,17435,67474,0,0,0,0,0
0,0,0,0,0,0,0,0,0,0,0,0,20,13,672,407,1242,739,326,260,120,0,0,0,6,3,5,97,3,393,473,763,286,1818,749,1046,2397,7266,17697,67001,0,0,0,0,0
0,0,0,0,0,0,0,0,0,0,0,0,17,16,684,387,1233,812,325,281,82,0,0,0,5,9,6,115,9,433,492,775,254,1816,741,1120,2552,7289,17638,66711,0,0,0,0,0
0,0,0,0,0,0,0,0,0,0,0,0,31,19,741,386,1242,772,334,273,90,0,0,0,4,9,7,138,3,385,479,743,255,1857,752,1106,2571,7266,17629,66710,0,0,0,0,0
0,0,0,0,0,0,0,0,0,0,0,0,23,15,691,377,1117,703,309,242,59,0,0,0,4,11,10,114,2,418,489,797,267,1738,793,1121,2529,7223,17796,66954,0,0,0,0,0
0,0,0,0,0,0,0,0,0,0,0,0,37,20,668,353,1189,733,326,249,66,0,0,0,4,3,6,110,9,396,458,709,252,1730,880,1105,2417,7191,18016,66875,0,0,0,0,0
0,0,0,0,0,0,0,0,0,0,0,0,36,18,652,392,1058,701,277,275,61,0,0,0,5,5,7,137,3,406,532,738,255,1800,837,970,2342,7071,18220,67004,0,0,0,0,0
0,0,0,0,0,0,0,0,0,0,0,0,41,15,616,388,1083,725,316,255,36,0,0,0,6,12,4,124,20,368,482,697,230,1671,862,1034,2328,7268,18079,67142,0,0,0,0,0
0,0,0,0,0,0,0,0,0,0,0,0,32,31,661,351,1088,680,294,288,36,0,0,0,5,4,10,181,9,350,463,694,262,1692,894,1095,2366,7231,17817,67268,0,0,0,0,0
0,0,0,0,0,0,0,0,0,0,0,0,26,27,695,357,1096,694,313,319,28,0,0,0,7,6,13,152,8,400,502,644,244,1685,888,1105,2441,7138,17571,67443,0,0,0,0,0
0,0,0,0,0,0,0,0,0,0,0,0,32,24,709,409,1179,741,366,308,32,0,0,0,10,14,11,160,7,384,534,661,280,1856,858,1115,2461,7381,17835,66435,0,0,0,0,0
0,0,0,0,0,0,0,0,0,0,0,0,59,27,714,455,1198,766,338,336,26,0,0,0,6,9,6,221,11,422,502,716,254,1889,920,1169,2441,7553,18027,65737,0,0,0,0,0
0,0,0,0,0,0,0,0,0,0,0,0,69,24,696,418,1228,802,339,330,24,0,0,0,6,12,8,211,13,423,534,700,231,1943,853,1242,2400,7468,17514,66314,0,0,0,0,0
0,0,0,0,0,0,0,0,0,0,0,0,46,65,619,390,1216,729,353,327,12,0,0,0,12,6,11,176,14,417,501,626,264,2004,923,1166,2363,7590,17634,66338,0,0,0,0,0
0,0,0,0,0,0,0,0,0,0,0,0,61,38,647,406,1032,798,297,290,9,0,0,0,11,15,14,191,12,424,542,623,253,1865,949,1148,2258,7261,17989,66551,0,0,0,0,0
0,0,0,0,0,0,0,0,0,0,0,0,32,69,643,346,1071,689,289,272,13,0,0,0,11,15,14,240,12,449,527,623,254,1737,885,1184,2257,7471,18120,66361,0,0,0,0,0
0,0,0,0,0,0,0,0,0,0,0,0,43,63,617,322,1032,653,290,281,16,0,0,0,16,13,11,224,19,405,525,593,282,1734,857,1209,2204,7324,18029,66711,0,0,0,0,0
0,0,0,0,0,0,0,0,0,0,0,0,33,73,593,396,1014,634,287,277,6,0,0,0,18,17,11,209,8,400,488,535,291,1758,969,1191,2266,7234,18262,66402,0,0,0,0,0
0,0,0,0,0,0,0,0,0,0,0,0,76,37,579,383,957,647,288,270,2,0,0,0,25,15,13,240,10,400,512,517,263,1722,973,1107,2287,7310,17906,66710,0,0,0,0,0
0,0,0,0,0,0,0,0,0,0,0,0,73,41,595,368,953,645,281,252,2,0,0,0,22,13,14,242,11,408,540,518,262,1633,971,1113,2272,7340,17777,66771,0,0,0,0,0
0,0,0,0,0,0,0,0,0,0,0,0,52,31,608,379,1024,607,296,274,2,0,0,0,20,20,19,278,13,398,535,492,282,1647,1034,1142,2221,7161,17971,66499,0,0,0,0,0
0,0,0,0,0,0,0,0,0,0,0,0,65,49,621,348,1025,656,275,249,4,0,0,0,16,20,6,274,11,386,575,479,278,1662,979,1168,2196,7166,18170,66198,0,0,0,0,0
0,0,0,0,0,0,0,0,0,0,0,0,52,36,555,387,946,674,237,237,4,0,0,0,18,31,16,262,16,397,540,458,237,1682,981,1149,2189,7282,17853,66495,0,0,0,0,0
0,0,0,0,0,0,0,0,0,0,0,0,27,58,584,377,940,615,258,273,5,0,0,0,17,28,13,279,17,433,475,468,272,1653,978,1162,2053,7295,17564,66607,159,0,0,0,0
0,0,0,0,0,0,0,0,0,0,0,0,46,52,571,420,1048,601,281,252,1,0,0,0,17,36,22,294,19,424,498,394,242,1646,971,1172,1943,7302,17180,66657,384,0,0,0,0
0,0,0,0,0,0,0,0,0,0,0,0,46,55,533,432,986,671,303,283,2,0,0,0,22,26,27,285,26,415,517,397,285,1768,987,1246,1952,7225,17183,66133,542,0,0,0,0
0,0,0,0,0,0,0,0,0,0,0,0,51,45,574,471,981,621,248,258,1,0,0,0,17,32,26,302,21,417,525,389,253,1643,956,1246,1952,7192,17355,65891,750,0,0,0,0
0,0,0,0,0,0,0,0,0,0,0,0,50,54,580,385,931,608,247,247,1,0,0,0,21,31,20,297,23,456,579,362,244,1680,993,1179,1914,7322,17141,66030,722,0,0,0,0
0,0,0,0,0,0,0,0,0,0,0,0,55,49,549,445,973,642,275,242,0,0,0,0,21,25,19,324,22,420,567,355,278,1677,1023,1180,1911,7199,17712,65338,697,0,0,0,0
0,0,0,0,0,0,0,0,0,0,0,0,49,57,545,432,972,584,233,224,0,0,0,0,13,23,24,324,20,406,528,348,272,1562,1040,1201,1892,7399,17842,65178,705,0,0,0,0
0,0,0,0,0,0,0,0,0,0,0,0,65,81,588,419,965,623,252,231,0,0,0,0,21,27,25,385,22,420,572,325,305,1657,1166,1191,1917,7063,17842,64950,641,0,0,0,0
0,0,0,0,0,0,0,0,0,0,0,0,66,87,604,370,961,652,248,239,0,0,0,0,18,25,25,382,22,425,562,351,293,1486,1169,1241,1905,7326,17480,65051,630,0,0,0,0
0,0,0,0,0,0,0,0,0,0,0,0,87,75,595,406,979,631,232,214,0,0,0,0,23,33,25,392,36,423,556,369,307,1623,1176,1221,1816,7240,17867,64514,652,0,0,0,0
0,0,0,0,0,0,0,0,0,0,0,0,95,94,586,429,983,630,217,229,0,0,0,0,24,29,31,447,25,401,603,338,301,1561,1238,1330,1740,7238,17661,64576,558,0,0,0,0
0,0,0,0,0,0,0,0,0,0,0,0,70,63,577,452,1007,593,237,195,0,0,0,0,27,37,29,418,23,422,595,314,302,1597,1109,1318,1785,7134,17948,64413,572,0,0,0,0
0,0,0,0,0,0,0,0,0,0,0,0,79,93,529,399,942,616,242,212,0,0,0,0,24,25,18,422,26,409,574,318,324,1631,1145,1322,1691,7485,17716,64351,520,0,0,0,0
0,0,0,0,0,0,0,0,0,0,0,0,89,81,483,420,929,572,201,179,0,0,0,0,28,32,36,483,30,395,579,309,327,1601,1117,1299,1581,7294,17723,64664,537,0,0,0,0
0,0,0,0,0,0,0,0,0,0,0,0,92,94,536,409,983,610,199,198,0,0,0,0,20,38,35,419,35,403,574,320,312,1589,1187,1320,1605,7352,18061,63997,477,0,0,0,0
0,0,0,0,0,0,0,0,0,0,0,0,96,92,506,451,961,621,188,217,0,0,0,0,33,39,39,414,30,382,528,331,302,1513,1136,1411,1532,7385,17758,64326,447,0,0,0,0
0,0,0,0,0,0,0,0,0,0,0,0,75,107,524,440,1017,617,195,182,0,0,0,0,30,42,27,492,30,380,566,249,334,1577,1153,1396,1566,7280,18117,63783,428,0,0,0,0
0,0,0,0,0,0,0,0,0,0,0,0,82,111,531,475,994,625,194,158,0,0,0,0,35,40,42,491,36,350,491,319,301,1537,1181,1426,1560,7532,18019,63514,435,0,0,0,0
0,0,0,0,0,0,0,0,0,0,0,0,80,98,507,459,1026,621,162,185,0,0,0,0,27,48,36,477,39,352,563,299,290,1544,1256,1380,1490,7388,18146,63487,365,0,0,0,0
0,0,0,0,0,0,0,0,0,0,0,0,86,109,510,488,1079,649,167,171,0,0,0,0,37,52,43,507,36,374,566,298,289,1561,1244,1358,1442,7390,17768,63593,372,0,0,0,0
0,0,0,0,0,0,0,0,0,0,0,0,101,112,456,490,1050,609,181,163,0,0,0,0,36,53,55,532,43,373,593,272,348,1620,1246,1391,1384,7677,17426,63533,306,0,0,0,0
0,0,0,0,0,0,0,0,0,0,0,0,99,107,519,524,1063,612,191,140,0,0,0,0,44,47,52,561,35,378,580,298,316,1512,1305,1455,1476,7519,17621,63195,270,0,0,0,0
0,0,0,0,0,0,0,0,0,0,0,0,98,149,602,500,1133,680,198,174,0,0,0,0,49,45,53,541,38,364,564,276,370,1571,1303,1487,1484,7666,17656,62523,260,0,0,0,0
0,0,0,0,0,0,0,0,0,0,0,0,99,161,539,482,1045,632,159,144,0,0,0,0,45,43,39,544,35,367,580,315,352,1524,1316,1509,1388,7652,18210,62220,241,0,0,0,0
0,0,0,0,0,0,0,0,0,0,0,0,91,130,560,447,1136,577,175,121,0,0,0,0,59,47,55,559,52,360,596,348,354,1518,1269,1440,1336,7584,17986,62475,214,0,0,0,0
0,0,0,0,0,0,0,0,0,0,0,0,120,132,510,459,1051,604,145,102,0,0,0,0,49,46,67,554,44,341,563,350,339,1426,1250,1415,1344,7385,17950,62874,192,0,0,0,0
0,0,0,0,0,0,0,0,0,0,0,0,107,116,493,434,1019,560,133,115,0,0,0,0,69,62,52,586,50,322,559,380,330,1452,1284,1458,1246,7337,17871,62935,190,0,0,0,0
0,0,0,0,0,0,0,0,0,0,0,0,123,132,494,472,996,535,136,91,0,0,0,0,47,40,51,565,52,328,562,384,412,1390,1304,1497,1326,7305,17920,62687,162,0,0,0,0
0,0,0,0,0,0,0,0,0,0,0,0,103,164,532,480,1012,568,122,86,0,0,0,0,59,57,61,528,59,307,555,350,378,1368,1366,1482,1322,7706,17780,62312,120,0,0,0,0
0,0,0,0,0,0,0,0,0,0,0,0,119,146,490,504,1014,553,119,85,0,0,0,0,62,49,60,587,50,322,544,452,364,1426,1477,1540,1232,7693,17908,61796,124,0,0,0,0
0,0,0,0,0,0,0,0,0,0,0,0,158,155,541,491,1038,553,137,74,0,0,0,0,60,52,76,564,81,332,561,411,352,1429,1438,1622,1251,7716,17986,61333,105,0,0,0,0
0,0,0,0,0,0,0,0,0,0,0,0,156,144,480,489,964,561,97,75,0,0,0,0,65,64,61,632,64,291,579,396,389,1377,1433,1533,1189,7792,17723,61699,88,0,0,0,0
0,0,0,0,0,0,0,0,0,0,0,0,144,191,483,543,1098,603,111,79,0,0,0,0,94,76,79,611,61,309,515,373,441,1398,1360,1459,1225,7619,17635,61566,91,0,0,0,0
0,0,0,0,0,0,0,0,0,0,0,0,141,185,464,529,1084,591,108,63,0,0,0,0,82,72,76,657,57,306,531,409,355,1311,1425,1529,1142,7756,17688,61375,64,0,0,0,0
0,0,0,0,0,0,0,0,0,0,0,0,141,170,507,584,1139,568,88,70,0,0,0,0,81,64,72,676,55,311,508,388,417,1458,1402,1545,1140,7835,17465,61085,62,0,0,0,0
0,0,0,0,0,0,0,0,0,0,0,0,129,201,478,546,1132,571,91,68,0,0,0,0,64,84,94,648,73,296,519,411,393,1498,1380,1581,1104,7899,17740,60384,241,0,0,0,0
0,0,0,0,0,0,0,0,0,0,0,0,111,209,501,535,1070,529,83,65,0,0,0,0,76,84,83,676,89,324,564,384,390,1305,1432,1599,1129,7862,18180,59627,541,0,0,0,0
0,0,0,0,0,0,0,0,0,0,0,0,123,179,435,565,1133,485,78,48,0,0,0,0,81,64,84,640,76,290,526,367,387,1458,1390,1609,1116,7837,18037,59560,680,0,0,0,0
0,0,0,0,0,0,0,0,0,0,0,0,132,215,409,593,1098,453,78,46,0,0,0,0,78,67,83,708,69,270,503,405,446,1400,1375,1613,1075,7527,18160,59352,914,0,0,0,0
0,0,0,0,0,0,0,0,0,0,0,0,133,198,404,540,1078,464,57,40,0,0,0,0,107,94,104,666,87,281,484,392,436,1244,1412,1651,1065,7608,18212,59268,831,0,0,0,0
0,0,0,0,0,0,0,0,0,0,0,0,137,187,388,540,1064,426,65,36,0,0,0,0,91,85,81,677,74,277,480,424,465,1271,1424,1682,1042,7734,18137,59133,757,0,0,0,0
0,0,0,0,0,0,0,0,0,0,0,0,173,225,369,532,1029,445,61,36,0,0,0,0,85,81,111,661,82,287,462,449,371,1343,1451,1667,1021,7714,18298,58924,621,0,0,0,0
0,0,0,0,0,0,0,0,0,0,0,0,173,190,367,570,1000,424,33,21,0,0,0,0,84,83,101,633,85,267,486,432,424,1266,1461,1597,1017,7475,18243,59298,570,0,0,0,0
0,0,0,0,0,0,0,0,0,0,0,0,154,206,366,533,974,390,39,16,0,0,0,0,94,75,101,610,80,277,488,503,389,1262,1460,1559,1019,7572,18449,59015,490,0,0,0,0
0,0,0,0,0,0,0,0,0,0,0,0,165,202,362,515,985,374,40,19,0,0,0,0,106,88,97,660,85,249,492,451,403,1203,1518,1540,966,7488,18606,58883,430,0,0,0,0
0,0,0,0,0,0,0,0,0,0,0,0,172,205,343,556,904,350,28,11,0,0,0,0,80,99,99,686,97,257,434,459,379,1200,1467,1519,1016,7779,18697,58374,367,0,0,0,0
0,0,0,0,0,0,0,0,0,0,0,0,137,205,378,575,935,360,25,9,0,0,0,0,98,104,117,639,82,232,438,405,413,1118,1494,1540,1110,7811,18591,58246,312,0,0,0,0
0,0,0,0,0,0,0,0,0,0,0,0,137,222,352,583,1001,332,42,6,0,0,0,0,119,111,104,659,87,208,426,414,422,1102,1444,1627,1091,7943,18556,57858,312,0,0,0,0
0,0,0,0,0,0,0,0,0,0,0,0,153,213,371,601,958,317,34,12,0,0,0,0,100,105,117,688,98,222,452,415,455,1261,1496,1499,1043,8112,18431,57533,230,0,0,0,0
0,0,0,0,0,0,0,0,0,0,0,0,142,267,392,595,909,323,39,6,0,0,0,0,91,98,123,618,104,225,458,368,389,1220,1599,1546,1078,8055,18552,57265,211,0,0,0,0
0,0,0,0,0,0,0,0,0,0,0,0,132,250,376,693,971,331,31,4,0,0,0,0,105,135,123,699,105,217,437,379,483,1204,1494,1615,1058,8296,18577,56534,159,0,0,0,0
0,0,0,0,0,0,0,0,0,0,0,0,177,264,383,633,999,283,24,7,0,0,0,0,112,138,141,701,101,194,467,365,422,1192,1588,1635,1051,8078,18538,56514,146,0,0,0,0
0,0,0,0,0,0,0,0,0,0,0,0,137,247,377,637,951,268,25,4,0,0,0,0,118,140,140,730,98,211,449,387,441,1232,1588,1613,1015,8311,18748,55905,129,0,0,0,0
0,0,0,0,0,0,0,0,0,0,0,0,157,288,420,646,930,278,21,5,0,0,0,0,131,128,155,706,125,188,468,412,390,1290,1577,1568,1005,8459,18768,55434,102,0,0,0,0
0,0,0,0,0,0,0,0,0,0,0,0,153,298,374,673,952,236,28,5,0,0,0,0,124,149,146,755,136,199,412,388,422,1229,1572,1533,1046,8559,18284,55620,75,0,0,0,0
0,0,0,0,0,0,0,0,0,0,0,0,169,307,370,670,982,212,22,3,0,0,0,0,122,141,170,709,109,165,387,366,462,1225,1534,1673,1055,8547,18235,55403,74,0,0,0,0
0,0,0,0,0,0,0,0,0,0,0,0,160,318,379,668,877,241,23,5,0,0,0,0,156,136,149,721,115,157,410,375,408,1236,1561,1613,1094,8528,18344,55137,49,0,0,0,0
0,0,0,0,0,0,0,0,0,0,0,0,160,254,353,654,915,212,23,1,0,0,0,0,155,144,145,698,124,174,388,386,410,1260,1444,1574,1055,8572,18024,55399,47,0,0,0,0
0,0,0,0,0,0,0,0,0,0,0,0,156,281,358,701,920,182,13,0,0,0,0,0,170,145,167,715,131,181,417,346,429,1265,1556,1573,1039,8882,18007,54593,47,0,0,0,0
0,0,0,0,0,0,0,0,0,0,0,0,168,291,395,737,923,177,12,1,0,0,0,0,145,166,174,703,117,175,415,328,423,1299,1550,1595,1085,8788,18306,53954,37,0,0,0,0
0,0,0,0,0,0,0,0,0,0,0,0,154,338,381,761,969,162,5,1,0,0,0,0,143,172,184,720,134,186,382,356,455,1333,1574,1519,1079,8943,18182,53527,13,0,0,0,0
0,0,0,0,0,0,0,0,0,0,0,0,162,313,324,742,901,178,10,0,0,0,0,0,152,200,189,739,166,184,407,356,461,1256,1576,1548,1066,9139,18459,52816,17,0,0,0,0
0,0,0,0,0,0,0,0,0,0,0,0,187,365,306,768,885,150,11,1,0,0,0,0,157,172,192,720,130,158,388,343,471,1301,1632,1474,1080,9260,18066,52797,11,0,0,0,0
0,0,0,0,0,0,0,0,0,0,0,0,169,280,328,685,779,124,9,0,0,0,0,0,166,193,189,676,150,166,409,320,436,1256,1540,1444,1063,9031,18354,52916,10,0,0,0,0
0,0,0,0,0,0,0,0,0,0,0,0,157,294,288,674,744,95,7,0,0,0,0,0,159,193,145,657,156,138,371,296,443,1303,1578,1450,1036,9290,17953,52939,10,0,0,0,0
0,0,0,0,0,0,0,0,0,0,0,0,148,292,282,774,704,85,5,0,0,0,0,0,152,166,176,625,129,127,342,331,442,1210,1482,1401,1027,9199,18147,52770,10,0,0,0,0
0,0,0,0,0,0,0,0,0,0,0,0,149,249,316,703,690,88,2,0,0,0,0,0,165,195,179,576,124,126,369,285,415,1284,1479,1419,1108,9209,18322,52236,4,0,0,0,0
0,0,0,0,0,0,0,0,0,0,0,0,172,339,294,772,657,92,3,1,0,0,0,0,189,156,180,663,155,117,321,246,485,1342,1465,1447,966,9347,18420,51487,9,0,0,0,0
0,0,0,0,0,0,0,0,0,0,0,0,177,276,281,746,672,91,1,1,0,0,0,0,175,170,205,639,142,125,316,325,474,1380,1491,1413,1078,9139,18607,51046,7,0,0,0,0
0,0,0,0,0,0,0,0,0,0,0,0,176,351,270,768,660,77,3,1,0,0,0,0,164,183,199,556,123,107,360,280,533,1314,1552,1477,1080,9471,18673,50161,3,0,0,0,0
0,0,0,0,0,0,0,0,0,0,0,0,201,345,272,730,627,53,0,1,0,0,0,0,215,178,186,519,156,111,328,379,467,1288,1566,1422,1034,9484,18745,49758,4,0,0,0,0
0,0,0,0,0,0,0,0,0,0,0,0,244,288,267,756,624,60,6,0,0,0,0,0,154,172,228,599,142,107,311,351,505,1338,1559,1345,1041,9503,18884,49184,2,0,0,0,0
0,0,0,0,0,0,0,0,0,0,0,0,181,338,292,735,541,37,1,0,0,0,0,0,199,195,201,557,139,109,316,333,476,1360,1510,1336,1056,9791,18714,48792,3,0,0,0,0
0,0,0,0,0,0,0,0,0,0,0,0,192,334,258,756,520,32,0,0,0,0,0,0,169,181,186,551,139,76,272,350,464,1362,1499,1321,1052,9845,19315,47869,1,0,0,0,0
0,0,0,0,0,0,0,0,0,0,0,0,160,363,295,747,517,37,0,0,0,0,0,0,194,203,179,563,165,91,334,307,492,1322,1491,1272,1154,9947,19089,47268,1,0,0,0,0
0,0,0,0,0,0,0,0,0,0,0,0,190,371,292,783,556,32,0,0,0,0,0,0,226,211,238,522,128,100,305,270,490,1323,1548,1316,1214,10180,18695,46614,1,0,0,0,0
0,0,0,0,0,0,0,0,0,0,0,0,173,347,306,766,480,24,2,0,0,0,0,0,219,201,221,500,144,97,306,272,473,1391,1537,1262,1109,10212,19016,45934,1,0,0,0,0
0,0,0,0,0,0,0,0,0,0,0,0,156,379,304,776,466,14,3,0,0,0,0,0,261,228,240,537,128,85,290,269,499,1430,1565,1243,1090,10487,18846,45152,2,0,0,0,0
0,0,0,0,0,0,0,0,0,0,0,0,163,327,268,693,403,24,1,0,0,0,0,0,252,216,216,469,141,75,277,291,546,1449,1450,1204,1185,10474,18855,44888,1,0,0,0,0
0,0,0,0,0,0,0,0,0,0,0,0,165,302,290,783,376,28,0,0,0,0,0,0,242,183,214,473,118,58,271,269,506,1397,1407,1181,1151,10676,18807,44317,1,0,0,0,0
0,0,0,0,0,0,0,0,0,0,0,0,156,310,307,767,406,17,1,0,0,0,0,0,240,212,239,405,136,64,292,256,463,1465,1465,1225,1007,10802,18555,43701,0,0,0,0,0
0,0,0,0,0,0,0,0,0,0,0,0,172,350,292,796,384,15,0,0,0,0,0,0,230,175,246,395,115,71,267,277,523,1486,1451,1151,988,10831,18942,42598,1,0,0,0,0
0,0,0,0,0,0,0,0,0,0,0,0,162,338,305,764,337,14,1,0,0,0,0,0,222,204,238,390,142,51,259,267,481,1464,1405,1164,1056,11036,18801,41913,1,0,0,0,0
0,0,0,0,0,0,0,0,0,0,0,0,144,277,258,752,307,10,1,0,0,0,0,0,241,204,246,359,129,54,259,266,514,1408,1311,1169,1067,11097,19070,41129,1,0,0,0,0
0,0,0,0,0,0,0,0,0,0,0,0,162,276,282,748,278,10,0,0,0,0,0,0,239,227,233,366,107,42,218,278,449,1473,1325,1024,1000,11228,19057,40578,0,0,0,0,0
0,0,0,0,0,0,0,0,0,0,0,0,146,251,283,714,250,4,0,0,0,0,0,0,219,217,242,351,124,45,204,270,502,1527,1344,1000,1113,11336,18809,39876,1,0,0,0,0
0,0,0,0,0,0,0,0,0,0,0,0,128,244,268,671,260,3,0,0,0,0,0,0,223,207,255,334,124,39,210,253,482,1532,1313,1049,1076,11498,18710,39116,0,0,0,0,0
0,0,0,0,0,0,0,0,0,0,0,0,122,262,282,719,257,6,1,0,0,0,0,0,239,201,230,320,100,51,232,246,488,1560,1297,1085,1040,11656,18566,38200,1,0,0,0,0
0,0,0,0,0,0,0,0,0,0,0,0,136,274,273,711,203,6,0,0,0,0,0,0,247,192,247,308,115,56,230,269,461,1548,1329,1051,1048,11827,18706,37132,0,0,0,0,0
0,0,0,0,0,0,0,0,0,0,0,0,130,283,318,739,217,1,0,0,0,0,0,0,241,224,223,312,95,48,222,234,429,1595,1302,1024,1051,11974,18559,36336,1,0,0,0,0
0,0,0,0,0,0,0,0,0,0,0,0,138,301,347,736,184,2,0,0,0,0,0,0,250,217,260,288,94,28,201,245,435,1543,1284,1008,1009,12010,18524,35430,0,0,0,0,0
0,0,0,0,0,0,0,0,0,0,0,0,140,267,303,734,166,1,0,0,0,0,0,0,276,209,229,290,105,35,200,249,440,1675,1289,948,987,12096,18534,34473,0,0,0,0,0
0,0,0,0,0,0,0,0,0,0,0,0,143,266,292,768,153,2,0,0,0,0,0,0,252,203,249,241,96,24,244,265,501,1638,1249,861,1016,12099,18349,33566,0,0,0,0,0
0,0,0,0,0,0,0,0,0,0,0,0,132,272,341,704,163,1,0,0,0,0,0,0,284,241,275,210,100,32,228,242,479,1665,1260,981,1054,11954,18441,32447,0,0,0,0,0
0,0,0,0,0,0,0,0,0,0,0,0,124,315,353,735,151,2,0,0,0,0,0,0,305,217,262,218,85,43,194,258,457,1633,1278,883,1051,12266,18403,31326,0,0,0,0,0
0,0,0,0,0,0,0,0,0,0,0,0,113,269,277,691,123,1,0,0,0,0,0,0,254,231,251,192,102,34,237,264,422,1637,1268,835,991,12365,18397,30710,0,0,0,0,0
0,0,0,0,0,0,0,0,0,0,0,0,114,244,285,641,97,0,0,0,0,0,0,0,261,216,280,192,86,34,236,232,435,1596,1224,850,954,12413,18404,29840,0,0,0,0,0
0,0,0,0,0,0,0,0,0,0,0,0,127,202,237,551,84,0,1,0,0,0,0,0,261,199,272,192,69,32,221,272,438,1550,1218,792,985,12502,18601,28912,0,0,0,0,0
0,0,0,0,0,0,0,0,0,0,0,0,97,204,239,519,80,0,0,0,0,0,0,0,273,182,226,132,69,16,210,236,440,1567,1141,758,907,12876,18504,28164,0,0,0,0,0
0,0,0,0,0,0,0,0,0,0,0,0,124,188,219,528,66,0,0,0,0,0,0,0,275,158,215,131,53,27,195,243,465,1570,1035,738,937,12924,18528,27334,0,0,0,0,0
0,0,0,0,0,0,0,0,0,0,0,0,133,219,209,575,80,0,0,0,0,0,0,0,257,160,250,120,57,20,200,228,471,1619,1064,710,900,12898,18481,26347,0,0,0,0,0
0,0,0,0,0,0,0,0,0,0,0,0,122,190,248,499,61,0,0,0,0,0,0,0,249,168,221,124,67,12,213,218,408,1595,1040,641,1036,13084,18472,25325,0,0,0,0,0
0,0,0,0,0,0,0,0,0,0,0,0,86,196,240,512,55,0,0,0,0,0,0,0,255,162,185,112,61,18,209,224,435,1570,973,608,982,13406,18535,24324,0,0,0,0,0
0,0,0,0,0,0,0,0,0,0,0,0,98,186,220,507,39,0,0,0,0,0,0,0,210,168,223,92,52,17,215,218,430,1669,952,570,950,13487,18330,23546,0,0,0,0,0
0,0,0,0,0,0,0,0,0,0,0,0,105,168,218,469,37,0,0,0,0,0,0,0,203,158,196,92,57,18,187,209,460,1593,945,604,931,13691,18150,22780,0,0,0,0,0
0,0,0,0,0,0,0,0,0,0,0,0,68,144,216,415,30,0,0,0,0,0,0,0,222,153,189,88,33,20,184,228,413,1546,902,562,898,13790,18345,21883,0,0,0,0,0
0,0,0,0,0,0,0,0,0,0,0,0,89,160,177,377,28,1,0,0,0,0,0,0,199,119,157,73,58,9,184,224,405,1538,844,569,881,13711,18347,21140,0,0,0,0,0
0,0,0,0,0,0,0,0,0,0,0,0,74,146,181,354,25,0,0,0,0,0,0,0,178,105,167,58,40,18,194,231,379,1468,831,559,833,13877,18356,20216,0,0,0,0,0
0,0,0,0,0,0,0,0,0,0,0,0,75,147,176,354,14,0,0,0,0,0,0,0,188,120,164,51,32,10,205,191,425,1536,729,544,826,13639,18202,19687,0,0,0,0,0
0,0,0,0,0,0,0,0,0,0,0,0,65,117,190,341,18,0,0,0,0,0,0,0,190,106,143,47,39,9,186,173,361,1465,726,464,909,13954,18157,18785,0,0,0,0,0
0,0,0,0,0,0,0,0,0,0,0,0,60,102,173,329,15,0,0,0,0,0,0,0,186,97,151,41,36,12,176,186,356,1552,703,507,826,14117,18082,18007,0,0,0,0,0
0,0,0,0,0,0,0,0,0,0,0,0,51,99,144,280,10,0,0,0,0,0,0,0,159,96,148,44,28,3,194,172,348,1508,693,437,893,14402,18053,17354,0,0,0,0,0
0,0,0,0,0,0,0,0,0,0,0,0,54,102,125,231,11,0,0,0,0,0,0,0,145,77,130,43,14,12,152,167,363,1472,713,431,909,14599,18309,16652,0,0,0,0,0
0,0,0,0,0,0,0,0,0,0,0,0,34,99,116,212,4,1,0,0,0,0,0,0,119,57,119,25,25,3,157,162,356,1423,641,452,814,14754,18569,16108,0,0,0,0,0
0,0,0,0,0,0,0,0,0,0,0,0,33,72,83,157,3,0,0,0,0,0,0,0,98,51,90,18,27,13,159,188,357,1405,615,475,799,14946,18673,15532,0,0,0,0,0
0,0,0,0,0,0,0,0,0,0,0,0,20,53,59,108,3,0,0,0,0,0,0,0,71,38,64,22,14,5,176,163,358,1435,569,416,772,15313,18499,15048,0,0,0,0,0
0,0,0,0,0,0,0,0,0,0,0,0,14,24,27,68,3,0,0,0,0,0,0,0,46,29,35,7,9,3,170,147,343,1411,538,369,820,15609,18540,14377,0,0,0,0,0
0,0,0,0,0,0,0,0,0,0,0,0,5,10,11,22,1,0,0,0,0,0,0,0,15,10,18,2,0,2,143,153,275,1309,452,344,776,15945,18537,13923,0,0,0,0,0
0,0,0,0,0,0,0,0,0,0,0,0,0,0,0,0,0,0,0,0,0,0,0,0,0,0,0,0,0,0,161,158,283,1223,394,301,740,16066,18770,13238,0,0,0,0,0
0,0,0,0,0,0,0,0,0,0,0,0,0,0,0,0,0,0,0,0,0,0,0,0,0,0,0,0,0,0,144,148,273,1134,342,274,661,16223,18862,12655,0,0,0,0,0
0,0,0,0,0,0,0,0,0,0,0,0,0,0,0,0,0,0,0,0,0,0,0,0,0,0,0,0,0,0,129,149,264,1151,334,268,732,16260,18796,11985,0,0,0,0,0
0,0,0,0,0,0,0,0,0,0,0,0,0,0,0,0,0,0,0,0,0,0,0,0,0,0,0,0,0,0,141,130,238,1060,348,277,675,16457,18750,11386,0,0,0,0,0
0,0,0,0,0,0,0,0,0,0,0,0,0,0,0,0,0,0,0,0,0,0,0,0,0,0,0,0,0,0,131,132,295,1118,305,296,664,16471,18720,10711,0,0,0,0,0
0,0,0,0,0,0,0,0,0,0,0,0,0,0,0,0,0,0,0,0,0,0,0,0,0,0,0,0,0,0,119,139,194,1043,261,252,677,16594,18666,10237,0,0,0,0,0
0,0,0,0,0,0,0,0,0,0,0,0,0,0,0,0,0,0,0,0,0,0,0,0,0,0,0,0,0,0,204,156,341,1891,616,373,776,16273,16525,8504,0,0,0,0,0
0,0,0,0,0,0,0,0,0,0,0,0,0,0,0,0,0,0,0,0,0,0,0,0,0,0,0,0,0,0,209,113,377,2163,635,314,703,12571,11489,5853,0,0,0,0,0
0,0,0,0,0,0,0,0,0,0,0,0,0,0,0,0,0,0,0,0,0,0,0,0,0,0,0,0,0,0,141,59,251,1403,444,222,528,7717,6826,3270,0,0,0,0,0
0,0,0,0,0,0,0,0,0,0,0,0,0,0,0,0,0,0,0,0,0,0,0,0,0,0,0,0,0,0,148,34,242,1410,463,192,395,4015,2269,998,0,0,0,0,0
