0,0,0,0,0,0,0,0,0,0,0,0,0,0,0,58,1012,23,234,114,32,8,0,0,0,0,0,0,0,0,41,0,673,570,842,239,873,3229,58910,0,0,0,0
0,0,0,0,0,0,0,0,0,0,0,0,0,0,0,6,629,5,433,49,46,22,0,0,0,0,0,0,0,0,12,0,475,693,302,366,437,2962,60421,0,0,0,0
0,0,0,0,0,0,0,0,0,0,0,0,0,0,0,18,779,3,297,23,83,0,0,0,0,0,0,0,0,0,6,0,518,635,288,529,439,3169,60071,0,0,0,0
0,0,0,0,0,0,0,0,0,0,0,0,0,0,0,45,1002,1,223,116,38,6,0,0,0,0,0,0,0,0,0,0,452,1068,675,298,318,3542,59074,0,0,0,0
0,0,0,0,0,0,0,0,0,0,0,0,0,0,0,70,760,7,351,78,94,7,0,0,0,0,0,0,0,0,17,0,578,859,563,361,569,3479,59065,0,0,0,0
0,0,0,0,0,0,0,0,0,0,0,0,0,0,0,108,562,18,482,52,61,30,0,0,0,0,0,0,0,0,39,0,564,842,425,539,640,3619,47609,11268,0,0,0
0,0,0,0,0,0,0,0,0,0,0,0,0,0,0,163,533,29,405,52,63,13,0,0,0,0,0,0,0,0,67,0,629,647,550,462,931,3544,34006,24764,0,0,0
0,0,0,0,0,0,0,0,0,0,0,0,0,0,0,382,598,45,239,98,38,9,0,0,0,0,0,0,0,0,90,0,772,622,648,453,1454,3489,26017,31904,0,0,0
0,0,0,0,0,0,0,0,0,0,0,0,0,0,1,401,468,41,345,102,53,27,0,0,0,0,0,0,0,1,78,0,670,637,546,565,1098,3530,12364,45931,0,0,0
0,0,0,0,0,0,0,0,0,0,0,0,0,0,2,392,426,46,324,86,73,28,0,0,0,0,0,0,0,0,59,0,688,655,541,592,1092,3563,12036,46255,0,0,0
0,0,0,0,0,0,0,0,0,0,0,0,1,0,8,427,429,63,385,106,90,27,0,0,0,0,0,0,0,0,72,0,663,678,619,575,1067,3654,12081,45913,0,0,0
0,0,0,0,0,0,0,0,0,0,0,0,0,0,3,404,471,64,340,142,123,27,0,0,0,0,0,0,0,0,77,0,687,649,592,620,1103,3595,11972,45989,0,0,0
0,0,0,0,0,0,0,0,0,0,0,0,0,0,9,422,433,90,336,114,130,44,0,0,0,0,0,0,0,1,70,0,709,740,582,606,1155,3690,11695,46032,0,0,0
0,0,0,0,0,0,0,0,0,0,0,0,0,0,12,426,400,105,342,129,124,41,0,0,0,0,0,1,0,0,77,0,755,702,581,665,1117,3800,12399,45182,0,0,0
0,0,0,0,0,0,0,0,0,0,0,0,0,0,21,392,438,121,301,102,112,24,0,0,0,0,0,0,0,1,85,1,770,674,547,623,1191,3722,12411,45322,0,0,0
0,0,0,0,0,0,0,0,0,0,0,0,0,0,23,382,423,119,297,87,130,30,0,0,0,0,0,0,0,0,85,1,752,670,573,640,1210,3603,12518,45315,0,0,0
0,0,0,0,0,0,0,0,0,0,0,0,0,0,26,369,395,150,315,69,129,23,0,0,0,0,0,0,0,0,67,0,697,700,539,606,1120,3682,11964,46007,0,0,0
0,0,0,0,0,0,0,0,0,0,0,0,0,0,21,354,386,154,260,59,119,13,0,0,0,0,0,0,0,0,61,0,674,616,554,620,1056,3600,11754,46557,0,0,0
0,0,0,0,0,0,0,0,0,0,0,0,0,0,38,331,405,203,233,52,107,17,0,0,0,0,0,0,0,2,48,0,677,604,535,625,1152,3550,11831,46448,0,0,0
0,0,0,0,0,0,0,0,0,0,0,0,0,0,37,323,405,204,221,39,123,17,0,0,0,0,0,1,0,0,62,1,702,686,570,600,1064,3644,11889,46270,0,0,0
0,0,0,0,0,0,0,0,0,0,0,0,0,0,49,305,427,250,185,25,136,14,0,0,1,0,0,0,0,0,59,3,635,600,535,563,1072,3635,11879,46485,0,0,0
0,0,0,0,0,0,0,0,0,0,0,0,0,0,56,281,437,247,163,14,140,7,0,0,0,0,0,1,1,1,53,0,659,631,581,549,1031,3598,11560,46848,0,0,0
0,0,0,0,0,0,0,0,0,0,0,0,0,0,62,305,393,290,148,15,114,4,0,0,0,0,0,1,0,2,65,0,679,662,555,579,1085,3500,11696,46703,0,0,0
0,0,0,0,0,0,0,0,0,0,0,0,0,0,74,273,411,335,117,14,118,6,0,0,0,0,0,0,0,2,57,1,648,689,505,587,1039,3546,11417,47019,0,0,0
0,0,0,0,0,0,0,0,0,0,0,0,0,0,76,270,464,393,152,6,146,4,0,0,0,0,0,0,0,2,85,2,710,724,582,577,1050,3663,11846,46106,0,0,0
0,0,0,0,0,0,0,0,0,0,0,0,0,0,102,291,503,386,119,5,177,6,0,0,0,0,0,1,0,3,80,1,754,714,603,616,1098,3826,11897,45676,0,0,0
0,0,0,0,0,0,0,0,0,0,0,0,0,0,124,277,449,412,87,3,180,4,0,0,0,0,0,0,0,5,75,2,677,674,556,632,1120,3718,11704,46159,0,0,0
0,0,0,0,0,0,0,0,0,0,0,0,0,0,139,271,454,432,97,2,174,2,0,0,0,0,0,0,0,1,80,4,731,678,504,597,1192,3783,11618,46099,0,0,0
0,0,0,0,0,0,0,0,0,0,0,0,1,0,138,196,425,356,86,0,122,0,0,0,0,0,0,0,0,2,68,5,687,642,384,567,1236,3685,11566,46692,0,0,0
0,0,0,0,0,0,0,0,0,0,0,0,1,0,127,206,399,318,55,0,134,0,0,0,0,0,0,0,0,6,62,1,678,608,330,560,1163,3527,11511,47172,0,0,0
0,0,0,0,0,0,0,0,0,0,0,0,0,0,145,179,402,356,60,0,147,0,0,0,0,0,0,1,0,5,65,5,635,616,295,494,1279,3596,11672,46906,0,0,0
0,0,0,0,0,0,0,0,0,0,0,0,1,1,156,186,407,338,70,0,127,0,0,0,0,0,0,0,0,11,86,2,612,587,298,528,1264,3474,11557,47153,0,0,0
0,0,0,0,0,0,0,0,0,0,0,0,0,1,154,183,432,367,95,0,155,0,0,0,1,0,0,1,0,3,77,6,646,639,301,552,1320,3639,11544,46742,0,0,0
0,0,0,0,0,0,0,0,0,0,0,0,0,0,179,177,421,350,78,0,155,0,0,0,0,0,0,2,0,4,70,3,656,688,335,592,1423,3709,11764,46252,0,0,0
0,0,0,0,0,0,0,0,0,0,0,0,0,0,187,169,439,373,75,0,150,0,0,0,0,0,0,2,0,4,88,10,642,713,312,528,1337,3782,11840,46207,0,0,0
0,0,0,0,0,0,0,0,0,0,0,0,0,0,197,171,429,379,89,0,158,0,0,0,0,0,0,1,0,13,85,12,658,661,298,576,1394,3650,11645,46442,0,0,0
0,0,0,0,0,0,0,0,0,0,0,0,0,0,207,173,452,344,75,0,138,0,0,0,0,0,0,1,1,8,91,8,698,681,291,549,1416,3727,11877,46121,0,0,0
0,0,0,0,0,0,0,0,0,0,0,0,0,0,219,161,455,341,90,0,153,0,0,0,0,0,0,3,0,8,77,11,660,645,276,578,1357,3760,11712,46352,0,0,0
0,0,0,0,0,0,0,0,0,0,0,0,0,0,221,174,438,381,89,0,167,0,0,0,0,0,0,1,0,21,77,12,624,673,302,614,1320,3826,11745,46173,0,0,0
0,0,0,0,0,0,0,0,0,0,0,0,0,0,218,164,437,426,104,0,174,0,0,0,0,0,0,1,0,15,77,12,695,731,309,582,1407,3812,11466,46228,0,0,0
0,0,0,0,0,0,0,0,0,0,0,0,0,0,226,146,498,384,96,3,173,0,0,0,0,0,0,2,0,22,84,18,701,697,307,594,1519,4014,11671,44639,1064,0,0
0,0,0,0,0,0,0,0,0,0,0,0,0,0,225,187,496,350,112,6,215,0,0,0,0,0,0,0,0,17,94,25,685,782,314,651,1455,4005,11533,43387,2319,0,0
0,0,0,0,0,0,0,0,0,0,0,0,1,1,241,164,490,380,104,4,195,0,0,0,0,0,0,2,0,27,93,29,662,749,335,568,1422,3911,11825,42646,3009,0,0
0,0,0,0,0,0,0,0,0,0,0,0,0,0,242,183,502,369,121,14,215,0,0,0,0,0,1,1,0,20,106,30,718,797,319,664,1473,4018,11338,41668,4059,0,0
0,0,0,0,0,0,0,0,0,0,0,0,2,0,247,185,497,327,114,11,202,0,0,0,0,0,0,2,0,23,105,20,687,709,315,573,1542,4018,11479,42043,3757,0,0
0,0,0,0,0,0,0,0,0,0,0,0,1,0,247,170,535,386,104,5,190,0,0,0,1,0,0,5,0,20,99,44,699,709,354,587,1528,3900,11515,42479,3280,0,0
0,0,0,0,0,0,0,0,0,0,0,0,0,1,267,161,511,336,105,15,206,0,0,0,1,0,0,1,1,36,97,40,700,818,361,641,1529,4089,11728,42448,2766,0,0
0,0,0,0,0,0,0,0,0,0,0,0,1,0,246,187,528,325,100,13,231,0,0,0,0,0,0,4,0,35,103,45,737,756,337,585,1526,4017,11713,42899,2470,0,0
0,0,0,0,0,0,0,0,0,0,0,0,1,0,268,179,566,316,117,11,212,0,0,0,2,1,0,4,0,33,100,48,692,748,296,633,1547,3988,11483,43570,2043,0,0
0,0,0,0,0,0,0,0,0,0,0,0,2,0,242,186,563,318,108,12,204,0,0,0,0,0,0,4,0,28,102,44,693,717,290,610,1559,3948,11805,43777,1646,0,0
0,0,0,0,0,0,0,0,0,0,0,0,2,0,197,155,507,308,98,10,179,0,0,0,0,0,0,3,0,40,100,53,657,743,311,634,1444,4012,11627,44494,1284,0,0
0,0,0,0,0,0,0,0,0,0,0,0,2,1,212,138,458,322,86,19,153,0,0,0,1,1,0,4,0,44,88,73,595,678,318,563,1409,3804,11836,44984,1069,0,0
0,0,0,0,0,0,0,0,0,0,0,0,2,1,190,147,509,302,112,16,161,0,0,0,0,1,0,4,0,46,96,63,557,661,311,564,1431,3911,11631,45340,802,0,0
0,0,0,0,0,0,0,0,0,0,0,0,0,1,216,161,482,302,93,22,169,0,0,0,1,1,0,5,0,44,99,62,501,732,311,586,1355,3796,11620,45740,559,0,0
0,0,0,0,0,0,0,0,0,0,0,0,1,1,223,168,508,313,115,22,164,0,0,0,0,0,0,3,0,53,124,75,522,686,349,579,1387,3893,11397,45872,403,0,0
0,0,0,0,0,0,0,0,0,0,0,0,1,1,247,185,562,342,124,24,181,0,0,0,1,0,0,10,1,55,132,76,587,754,324,600,1498,3986,11547,45334,286,0,0
0,0,0,0,0,0,0,0,0,0,0,0,1,1,242,181,604,365,162,25,212,0,0,0,1,0,1,6,0,69,126,83,565,803,304,607,1473,4141,11634,45088,164,0,0
0,0,0,0,0,0,0,0,0,0,0,0,3,3,261,192,593,344,145,40,228,0,0,0,0,0,0,3,0,98,136,90,578,849,349,647,1589,4168,11472,44964,106,0,0
0,0,0,0,0,0,0,0,0,0,0,0,1,1,250,188,584,372,159,37,221,0,0,0,0,1,1,8,0,81,138,101,612,823,351,666,1550,4252,11295,45103,63,0,0
0,0,0,0,0,0,0,0,0,0,0,0,3,0,265,193,549,361,158,31,217,0,0,0,0,0,1,3,0,81,128,115,535,789,337,660,1547,4169,11511,45165,40,0,0
0,0,0,0,0,0,0,0,0,0,0,0,3,0,243,161,544,323,119,38,158,0,0,0,1,0,2,9,0,95,154,137,490,758,309,578,1558,4126,11482,45551,19,0,0
0,0,0,0,0,0,0,0,0,0,0,0,3,0,243,161,521,313,104,34,160,0,0,0,0,0,1,4,1,81,148,145,478,812,308,587,1532,4000,11757,45451,14,0,0
0,0,0,0,0,0,0,0,0,0,0,0,1,4,271,125,508,303,99,41,161,0,0,0,1,1,1,14,1,84,117,151,443,739,332,559,1461,3978,11683,45776,4,0,0
0,0,0,0,0,0,0,0,0,0,0,0,2,0,249,140,458,286,116,33,156,0,0,0,0,0,0,8,0,99,156,144,385,732,315,544,1413,3935,11612,46072,3,0,0
0,0,0,0,0,0,0,0,0,0,0,0,1,0,224,129,460,303,105,39,151,0,0,0,2,1,1,5,2,99,132,157,386,734,338,552,1346,3833,11739,46117,2,0,0
0,0,0,0,0,0,0,0,0,0,0,0,1,1,242,148,503,316,112,34,138,0,0,0,2,1,2,12,0,89,150,167,353,713,314,544,1446,3978,11671,45919,2,0,0
0,0,0,0,0,0,0,0,0,0,0,0,3,1,251,169,505,298,113,42,143,0,0,0,1,0,1,10,0,122,154,177,319,716,320,573,1377,3947,11857,45759,0,0,0
0,0,0,0,0,0,0,0,0,0,0,0,5,0,245,145,537,318,116,48,142,0,0,0,0,0,1,12,2,99,162,188,342,748,357,549,1410,4118,11890,45424,0,0,0
0,0,0,0,0,0,0,0,0,0,0,0,5,2,239,159,545,327,153,46,152,0,0,0,0,0,1,11,0,110,150,190,311,783,377,596,1414,4172,11911,45204,0,0,0
0,0,0,0,0,0,0,0,0,0,0,0,6,3,259,133,518,325,126,64,160,0,0,0,0,1,1,10,0,142,163,215,289,773,362,612,1445,3936,11612,45703,0,0,0
0,0,0,0,0,0,0,0,0,0,0,0,6,2,270,161,501,305,127,56,130,0,0,0,2,0,0,21,0,129,172,248,295,799,387,585,1373,4043,11825,45421,0,0,0
0,0,0,0,0,0,0,0,0,0,0,0,2,6,255,161,470,295,125,60,147,0,0,0,1,0,2,24,1,143,165,228,267,733,333,584,1446,4106,11615,45689,0,0,0
0,0,0,0,0,0,0,0,0,0,0,0,1,2,254,131,491,302,117,48,128,0,0,0,2,0,0,17,2,132,144,252,231,696,357,534,1364,4115,11834,45704,0,0,0
0,0,0,0,0,0,0,0,0,0,0,0,4,4,244,146,439,333,119,68,134,0,0,0,0,0,0,20,3,137,144,255,228,710,345,547,1379,3953,11484,46162,0,0,0
0,0,0,0,0,0,0,0,0,0,0,0,4,3,263,151,409,296,104,58,106,0,0,0,2,1,2,22,1,122,166,254,184,726,352,596,1304,4042,11722,45968,0,0,0
0,0,0,0,0,0,0,0,0,0,0,0,7,4,229,142,424,303,142,60,103,0,0,0,0,1,1,19,2,151,186,256,198,762,344,569,1358,3919,11901,45777,0,0,0
0,0,0,0,0,0,0,0,0,0,0,0,3,6,241,164,522,306,141,82,114,0,0,0,1,0,2,32,1,141,177,284,175,753,324,586,1285,4148,11438,45932,0,0,0
0,0,0,0,0,0,0,0,0,0,0,0,3,6,265,122,541,323,136,88,121,0,0,0,0,2,0,32,1,126,187,313,189,825,350,557,1362,4204,11289,45816,0,0,0
0,0,0,0,0,0,0,0,0,0,0,0,2,6,287,157,500,336,146,98,100,0,0,0,3,1,2,30,3,136,240,368,186,842,375,584,1444,4182,11565,45265,0,0,0
0,0,0,0,0,0,0,0,0,0,0,0,3,2,303,156,547,354,149,98,117,0,0,0,1,2,2,28,4,119,236,361,152,885,405,637,1423,4212,11884,44778,0,0,0
0,0,0,0,0,0,0,0,0,0,0,0,6,5,263,141,531,335,149,94,97,0,0,0,2,3,3,36,3,132,240,338,154,888,374,593,1426,4207,11764,45074,0,0,0
0,0,0,0,0,0,0,0,0,0,0,0,8,11,272,155,477,380,153,123,83,0,0,0,1,1,1,35,0,165,215,345,159,850,391,622,1468,4195,11895,44853,0,0,0
0,0,0,0,0,0,0,0,0,0,0,0,6,7,298,170,482,378,158,116,89,0,0,0,5,4,0,44,1,156,229,318,137,831,380,584,1439,4191,12070,44765,0,0,0
0,0,0,0,0,0,0,0,0,0,0,0,12,13,277,167,533,386,142,119,76,0,0,0,4,5,3,43,2,160,204,321,143,832,387,555,1438,4259,11910,44867,0,0,0
0,0,0,0,0,0,0,0,0,0,0,0,12,11,280,191,496,325,133,117,60,0,0,0,2,3,7,53,0,150,246,305,141,859,403,552,1373,4158,11904,45077,0,0,0
0,0,0,0,0,0,0,0,0,0,0,0,10,14,268,172,518,321,137,119,58,0,0,0,3,3,5,52,1,136,207,322,158,816,383,571,1343,4204,11569,45468,0,0,0
0,0,0,0,0,0,0,0,0,0,0,0,12,7,305,193,478,317,162,108,67,0,0,0,4,4,0,51,3,155,229,303,188,891,389,580,1412,4221,11853,44926,0,0,0
0,0,0,0,0,0,0,0,0,0,0,0,14,8,321,175,546,306,166,136,51,0,0,0,3,1,5,59,2,166,253,323,159,906,420,556,1380,4276,11924,44702,0,0,0
0,0,0,0,0,0,0,0,0,0,0,0,13,12,340,183,567,370,175,171,38,0,0,0,2,5,5,62,6,173,260,349,151,899,413,630,1422,4336,11826,44450,0,0,0
0,0,0,0,0,0,0,0,0,0,0,0,22,13,359,180,575,353,181,152,48,0,0,0,2,5,5,81,2,188,263,369,149,913,446,593,1430,4340,11972,44217,0,0,0
0,0,0,0,0,0,0,0,0,0,0,0,14,12,316,185,527,314,168,140,25,0,0,0,2,9,7,62,2,184,275,337,157,892,449,629,1417,4329,11909,44497,0,0,0
0,0,0,0,0,0,0,0,0,0,0,0,26,13,282,172,566,348,167,146,30,0,0,0,1,2,4,66,5,174,245,332,136,919,500,623,1386,4294,11899,44522,0,0,0
0,0,0,0,0,0,0,0,0,0,0,0,24,12,321,196,493,328,159,154,28,0,0,0,3,3,5,66,3,182,261,317,150,918,464,552,1297,4197,12167,44558,0,0,0
0,0,0,0,0,0,0,0,0,0,0,0,30,10,309,175,500,376,168,135,15,0,0,0,5,9,2,70,14,159,282,290,133,882,466,556,1341,4377,12188,44366,0,0,0
0,0,0,0,0,0,0,0,0,0,0,0,19,25,308,162,497,335,159,157,17,0,0,0,4,3,9,96,5,152,263,309,147,863,500,605,1318,4336,12072,44497,0,0,0
0,0,0,0,0,0,0,0,0,0,0,0,13,20,294,175,520,326,170,174,10,0,0,0,5,5,7,77,7,168,277,299,140,864,479,613,1387,4209,11843,44776,0,0,0
0,0,0,0,0,0,0,0,0,0,0,0,16,18,324,205,543,328,203,176,11,0,0,0,9,11,8,72,5,177,305,303,145,958,469,600,1392,4421,11963,44196,0,0,0
0,0,0,0,0,0,0,0,0,0,0,0,18,18,347,214,560,336,177,186,11,0,0,0,6,7,6,95,5,187,266,337,144,984,551,661,1398,4552,12216,43576,0,0,0
0,0,0,0,0,0,0,0,0,0,0,0,24,20,306,189,529,365,181,180,9,0,0,0,3,10,5,105,6,182,265,313,132,996,462,675,1412,4512,11715,44262,0,0,0
0,0,0,0,0,0,0,0,0,0,0,0,35,19,295,189,525,328,187,163,6,0,0,0,4,5,9,92,6,156,262,317,141,1031,547,653,1315,4528,11882,44163,0,0,0
0,0,0,0,0,0,0,0,0,0,0,0,34,26,299,175,490,336,171,140,4,0,0,0,7,13,8,91,9,156,284,271,137,931,530,624,1295,4346,12052,44364,0,0,0
0,0,0,0,0,0,0,0,0,0,0,0,15,28,303,168,457,306,159,141,0,0,0,0,7,14,9,114,10,176,286,310,148,904,517,652,1223,4495,12247,44045,0,0,0
0,0,0,0,0,0,0,0,0,0,0,0,31,22,275,144,447,288,150,160,8,0,0,0,10,11,8,109,15,166,262,274,147,879,481,644,1250,4399,12093,44386,0,0,0
0,0,0,0,0,0,0,0,0,0,0,0,25,26,293,197,469,306,166,148,2,0,0,0,13,10,7,113,5,170,249,249,169,920,542,646,1245,4380,12143,44102,0,0,0
0,0,0,0,0,0,0,0,0,0,0,0,33,28,279,183,445,325,151,154,2,0,0,0,10,11,8,113,10,160,288,240,148,913,549,610,1240,4437,11948,44246,0,0,0
0,0,0,0,0,0,0,0,0,0,0,0,26,32,316,195,434,337,153,142,0,0,0,0,16,10,11,115,6,186,286,239,164,845,553,654,1292,4438,11809,44199,0,0,0
0,0,0,0,0,0,0,0,0,0,0,0,18,23,291,181,460,315,152,165,0,0,0,0,14,16,15,135,11,176,280,245,185,892,573,631,1274,4371,12233,43732,0,0,0
0,0,0,0,0,0,0,0,0,0,0,0,28,30,296,167,485,338,158,127,2,0,0,0,11,11,5,133,8,165,305,212,173,877,538,653,1272,4316,12394,43603,0,0,0
0,0,0,0,0,0,0,0,0,0,0,0,23,26,276,195,449,318,142,108,2,0,0,0,14,14,12,129,14,162,289,207,136,911,562,687,1283,4338,12045,43884,0,0,0
0,0,0,0,0,0,0,0,0,0,0,0,19,33,296,195,409,277,143,141,2,0,0,0,9,13,9,140,14,207,243,243,153,847,580,672,1159,4404,12115,43756,82,0,0
0,0,0,0,0,0,0,0,0,0,0,0,33,32,271,196,481,273,152,124,0,0,0,0,10,6,11,136,12,195,281,191,155,853,552,652,1114,4382,11717,44046,198,0,0
0,0,0,0,0,0,0,0,0,0,0,0,34,36,277,235,493,326,183,169,0,0,0,0,17,13,15,145,13,193,283,213,181,921,574,718,1154,4448,11565,43518,277,0,0
0,0,0,0,0,0,0,0,0,0,0,0,34,30,272,228,498,289,157,157,0,0,0,0,12,14,15,149,15,178,290,204,150,878,532,734,1137,4425,11721,43443,369,0,0
0,0,0,0,0,0,0,0,0,0,0,0,35,38,299,224,477,312,156,134,0,0,0,0,12,15,10,157,16,192,332,193,135,907,566,686,1132,4442,11403,43639,353,0,0
0,0,0,0,0,0,0,0,0,0,0,0,36,30,273,229,459,328,158,128,0,0,0,0,14,13,15,165,15,203,320,182,176,927,575,682,1101,4437,11546,43427,353,0,0
0,0,0,0,0,0,0,0,0,0,0,0,31,42,259,221,447,261,121,118,0,0,0,0,10,10,14,176,16,190,288,174,162,813,597,698,1089,4510,12139,42983,355,0,0
0,0,0,0,0,0,0,0,0,0,0,0,42,32,256,190,454,284,127,131,0,0,0,0,15,15,15,173,12,173,326,160,159,846,655,677,1107,4283,11889,43309,324,0,0
0,0,0,0,0,0,0,0,0,0,0,0,41,38,267,195,445,308,116,117,0,0,0,0,15,15,17,185,19,198,293,181,171,769,678,656,1052,4506,11582,43411,303,0,0
0,0,0,0,0,0,0,0,0,0,0,0,43,48,278,190,452,310,127,123,0,0,0,0,12,19,18,193,26,199,305,155,186,865,673,676,995,4392,11910,42971,337,0,0
0,0,0,0,0,0,0,0,0,0,0,0,42,66,277,223,515,297,113,144,0,0,0,0,12,11,18,229,21,179,302,163,175,832,697,795,1046,4422,11782,42779,285,0,0
0,0,0,0,0,0,0,0,0,0,0,0,32,42,297,235,495,314,129,106,0,0,0,0,17,12,23,217,16,189,303,156,172,871,636,789,1061,4427,11979,42541,295,0,0
0,0,0,0,0,0,0,0,0,0,0,0,37,59,281,221,482,295,148,110,0,0,0,0,15,12,12,205,17,189,330,149,185,938,634,760,1017,4639,11833,42451,270,0,0
0,0,0,0,0,0,0,0,0,0,0,0,37,51,249,239,471,301,121,99,0,0,0,0,17,15,24,242,24,190,311,162,189,874,662,762,923,4568,11854,42580,263,0,0
0,0,0,0,0,0,0,0,0,0,0,0,42,65,302,244,491,303,125,127,0,0,0,0,11,22,23,219,23,189,341,169,176,853,709,769,932,4660,12015,42123,223,0,0
0,0,0,0,0,0,0,0,0,0,0,0,46,58,271,229,476,301,116,133,0,0,0,0,15,28,24,226,20,173,292,180,175,841,660,864,907,4580,11921,42325,219,0,0
0,0,0,0,0,0,0,0,0,0,0,0,48,64,268,234,491,309,114,94,0,0,0,0,14,28,14,254,21,180,341,141,198,855,660,814,976,4484,12142,42041,220,0,0
0,0,0,0,0,0,0,0,0,0,0,0,58,68,271,241,494,324,114,87,0,0,0,0,18,28,26,252,25,160,277,174,179,819,693,829,938,4619,12023,42013,206,0,0
0,0,0,0,0,0,0,0,0,0,0,0,52,65,245,247,475,300,86,96,0,0,0,0,11,29,22,241,27,167,297,160,182,821,693,788,901,4575,12245,41966,175,0,0
0,0,0,0,0,0,0,0,0,0,0,0,56,76,235,231,510,295,98,88,0,0,0,0,20,33,24,240,25,164,310,157,177,815,727,766,872,4520,11848,42346,166,0,0
0,0,0,0,0,0,0,0,0,0,0,0,59,73,223,221,492,301,105,78,0,0,0,0,22,37,35,251,30,151,308,143,221,878,701,807,828,4714,11705,42193,137,0,0
0,0,0,0,0,0,0,0,0,0,0,0,61,74,254,254,486,323,97,74,0,0,0,0,23,28,35,269,23,160,317,159,178,801,759,831,833,4621,11793,42069,126,0,0
0,0,0,0,0,0,0,0,0,0,0,0,53,82,279,251,535,345,119,81,0,0,0,0,26,28,33,248,25,158,288,145,204,863,742,909,891,4826,11580,41765,100,0,0
0,0,0,0,0,0,0,0,0,0,0,0,53,95,246,244,489,334,82,84,0,0,0,0,24,27,30,263,24,156,308,167,200,825,713,894,884,4851,11972,41421,112,0,0
0,0,0,0,0,0,0,0,0,0,0,0,47,68,256,227,551,277,96,60,0,0,0,0,24,28,40,278,39,156,319,172,215,810,708,846,814,4865,11861,41568,97,0,0
0,0,0,0,0,0,0,0,0,0,0,0,51,84,229,214,508,288,72,51,0,0,0,0,29,27,41,262,24,161,272,160,188,750,688,824,801,4628,11984,41891,96,0,0
0,0,0,0,0,0,0,0,0,0,0,0,44,60,216,220,443,267,75,59,0,0,0,0,36,32,30,261,32,143,270,173,177,746,736,798,788,4591,11826,42126,85,0,0
0,0,0,0,0,0,0,0,0,0,0,0,51,77,235,240,465,267,75,48,0,0,0,0,24,22,29,237,32,143,280,182,218,775,774,810,823,4618,11825,41840,67,0,0
0,0,0,0,0,0,0,0,0,0,0,0,75,91,226,243,484,285,61,46,0,0,0,0,24,37,46,266,34,137,304,189,207,770,784,862,813,4793,11990,41260,52,0,0
0,0,0,0,0,0,0,0,0,0,0,0,57,80,229,288,485,287,70,51,0,0,0,0,27,32,38,286,28,130,302,187,224,776,827,885,796,4911,11910,41021,63,0,0
0,0,0,0,0,0,0,0,0,0,0,0,56,87,270,252,479,273,76,43,0,0,0,0,29,33,42,269,39,159,312,210,196,784,809,971,809,4931,12011,40692,54,0,0
0,0,0,0,0,0,0,0,0,0,0,0,54,84,198,244,404,252,50,33,0,0,0,0,30,43,38,321,33,122,297,174,226,708,803,852,729,4925,11824,41321,39,0,0
0,0,0,0,0,0,0,0,0,0,0,0,57,102,228,259,472,265,56,40,0,0,0,0,34,36,42,264,29,129,247,168,227,781,735,870,754,4775,11731,41372,42,0,0
0,0,0,0,0,0,0,0,0,0,0,0,56,92,199,265,453,255,60,25,0,0,0,0,33,37,45,259,33,135,271,188,191,655,773,836,718,4798,11842,41377,30,0,0
0,0,0,0,0,0,0,0,0,0,0,0,75,90,203,271,461,261,34,36,0,0,0,0,34,38,42,302,28,119,261,178,234,771,779,917,710,4942,11642,41072,30,0,0
0,0,0,0,0,0,0,0,0,0,0,0,78,111,225,276,529,280,49,28,0,0,0,0,29,50,56,286,38,117,263,208,253,797,789,912,739,4853,11865,40446,136,0,0
0,0,0,0,0,0,0,0,0,0,0,0,57,122,237,294,517,250,50,27,0,0,0,0,36,58,52,306,55,142,306,214,231,713,838,940,727,4947,12029,39892,278,0,0
0,0,0,0,0,0,0,0,0,0,0,0,73,100,214,307,530,250,45,24,0,0,0,0,48,41,52,315,36,132,302,181,226,803,792,948,740,4902,12234,39562,342,0,0
0,0,0,0,0,0,0,0,0,0,0,0,78,126,220,330,560,253,50,26,0,0,0,0,45,40,48,338,38,123,253,226,259,820,811,916,722,4743,12164,39437,467,0,0
0,0,0,0,0,0,0,0,0,0,0,0,62,116,214,305,528,231,35,27,0,0,0,0,49,62,62,340,55,124,280,205,244,728,834,950,728,4826,12461,39083,426,0,0
0,0,0,0,0,0,0,0,0,0,0,0,71,102,196,305,526,218,45,15,0,0,0,0,46,46,49,322,42,127,266,230,262,728,790,980,706,4984,12374,39017,412,0,0
0,0,0,0,0,0,0,0,0,0,0,0,67,116,182,279,479,224,37,17,0,0,0,0,52,50,58,310,37,128,249,212,224,763,828,949,684,4969,12537,38972,332,0,0
0,0,0,0,0,0,0,0,0,0,0,0,64,94,162,296,468,200,18,12,0,0,0,0,45,46,54,293,52,128,242,216,261,703,799,955,670,4797,12383,39385,295,0,0
0,0,0,0,0,0,0,0,0,0,0,0,64,107,180,280,423,189,18,10,0,0,0,0,47,26,50,281,37,125,268,245,222,745,811,870,665,4866,12533,39212,259,0,0
0,0,0,0,0,0,0,0,0,0,0,0,58,102,164,266,436,186,24,10,0,0,0,0,50,55,61,281,40,115,264,195,248,629,818,891,622,4891,12347,39450,214,0,0
0,0,0,0,0,0,0,0,0,0,0,0,80,117,176,279,444,178,14,5,0,0,0,0,43,50,52,329,51,96,237,193,241,693,797,857,717,4973,12577,38913,182,0,0
0,0,0,0,0,0,0,0,0,0,0,0,75,115,193,328,455,194,15,3,0,0,0,0,59,58,73,310,48,104,212,211,215,638,825,885,667,5004,12606,38732,154,0,0
0,0,0,0,0,0,0,0,0,0,0,0,70,114,200,318,531,185,26,3,0,0,0,0,70,62,66,311,51,101,215,194,241,647,808,954,709,5186,12555,38267,171,0,0
0,0,0,0,0,0,0,0,0,0,0,0,84,118,179,335,491,167,23,5,0,0,0,0,54,65,73,349,53,120,250,202,283,766,846,866,696,5313,12475,37983,113,0,0
0,0,0,0,0,0,0,0,0,0,0,0,81,146,186,322,457,168,22,3,0,0,0,0,54,55,72,300,64,101,242,195,262,692,920,938,693,5152,12649,37885,100,0,0
0,0,0,0,0,0,0,0,0,0,0,0,74,131,180,389,496,182,17,3,0,0,0,0,55,82,79,325,54,103,232,220,303,714,855,951,744,5311,12595,37417,78,0,0
0,0,0,0,0,0,0,0,0,0,0,0,92,144,169,353,505,159,17,3,0,0,0,0,61,72,104,337,55,108,275,198,261,687,899,921,650,5216,12399,37689,70,0,0
0,0,0,0,0,0,0,0,0,0,0,0,79,124,181,357,488,142,13,2,0,0,0,0,64,72,94,361,66,105,234,202,273,701,878,930,701,5406,12565,37191,68,0,0
0,0,0,0,0,0,0,0,0,0,0,0,88,158,193,349,464,151,10,3,0,0,0,0,65,72,104,337,77,90,256,215,221,763,871,888,690,5631,12640,36766,49,0,0
0,0,0,0,0,0,0,0,0,0,0,0,86,171,178,393,470,131,21,2,0,0,0,0,58,74,99,354,71,93,221,205,267,690,864,884,726,5724,12214,36954,32,0,0
0,0,0,0,0,0,0,0,0,0,0,0,85,171,180,344,457,105,15,1,0,0,0,0,66,79,102,334,66,82,217,178,261,692,852,996,715,5557,12323,36937,32,0,0
0,0,0,0,0,0,0,0,0,0,0,0,79,191,177,357,441,127,13,2,0,0,0,0,83,77,76,342,69,80,221,171,242,724,852,924,764,5647,12525,36491,23,0,0
0,0,0,0,0,0,0,0,0,0,0,0,75,143,189,336,436,94,13,0,0,0,0,0,75,82,86,328,72,85,213,197,254,754,829,911,708,5636,12254,36737,23,0,0
0,0,0,0,0,0,0,0,0,0,0,0,83,158,184,379,438,84,8,0,0,0,0,0,91,81,106,338,65,92,227,178,271,764,883,892,739,5850,12304,36130,22,0,0
0,0,0,0,0,0,0,0,0,0,0,0,98,165,201,427,505,91,9,0,0,0,0,0,88,103,115,342,57,100,229,174,274,820,896,961,736,5806,12505,35442,20,0,0
0,0,0,0,0,0,0,0,0,0,0,0,93,187,230,428,505,99,2,0,0,0,0,0,87,92,127,384,82,102,229,201,291,824,927,916,762,6017,12281,35116,7,0,0
0,0,0,0,0,0,0,0,0,0,0,0,100,180,183,400,446,96,5,0,0,0,0,0,90,112,131,392,102,102,243,210,304,751,927,935,704,6064,12512,34816,11,0,0
0,0,0,0,0,0,0,0,0,0,0,0,106,206,189,459,456,91,8,1,0,0,0,0,87,106,119,384,68,90,241,204,306,775,968,916,730,6186,12388,34520,5,0,0
0,0,0,0,0,0,0,0,0,0,0,0,87,157,178,387,378,66,5,0,0,0,0,0,97,105,115,328,92,83,246,195,271,755,873,867,731,6137,12563,34688,3,0,0
0,0,0,0,0,0,0,0,0,0,0,0,95,166,152,370,378,53,4,0,0,0,0,0,84,101,88,318,92,77,210,171,293,797,951,877,717,6135,12398,34694,7,0,0
0,0,0,0,0,0,0,0,0,0,0,0,101,171,150,442,344,49,4,0,0,0,0,0,86,103,106,319,76,73,193,194,284,692,830,854,721,6136,12417,34677,6,0,0
0,0,0,0,0,0,0,0,0,0,0,0,87,136,156,377,351,35,2,0,0,0,0,0,94,101,110,279,69,64,224,161,270,734,878,820,793,6172,12538,34381,2,0,0
0,0,0,0,0,0,0,0,0,0,0,0,87,182,154,421,300,45,2,0,0,0,0,0,99,87,114,319,83,57,164,139,294,801,820,842,661,6305,12738,33933,6,0,0
0,0,0,0,0,0,0,0,0,0,0,0,84,156,131,382,303,52,1,0,0,0,0,0,95,95,123,292,78,67,163,167,288,815,857,809,711,6179,12872,33733,7,0,0
0,0,0,0,0,0,0,0,0,0,0,0,91,173,133,393,295,27,2,0,0,0,0,0,79,102,119,260,55,54,192,168,299,761,851,806,745,6424,12835,33382,3,0,0
0,0,0,0,0,0,0,0,0,0,0,0,102,184,135,381,272,31,0,0,0,0,0,0,109,94,104,244,75,43,167,172,301,742,887,838,720,6442,12865,33071,4,0,0
0,0,0,0,0,0,0,0,0,0,0,0,100,163,154,394,267,30,4,0,0,0,0,0,86,104,105,260,67,39,155,161,322,791,885,805,727,6516,12969,32642,1,0,0
0,0,0,0,0,0,0,0,0,0,0,0,95,170,163,393,224,18,0,0,0,0,0,0,101,110,116,261,58,47,185,139,278,802,827,781,711,6732,12759,32493,3,0,0
0,0,0,0,0,0,0,0,0,0,0,0,85,174,137,358,232,15,0,0,0,0,0,0,81,99,104,252,66,33,142,161,270,810,865,765,718,6813,13159,31847,1,0,0
0,0,0,0,0,0,0,0,0,0,0,0,83,202,163,403,233,18,0,0,0,0,0,0,112,107,102,243,81,46,177,124,303,793,851,759,786,6852,13173,31215,0,0,0
0,0,0,0,0,0,0,0,0,0,0,0,81,189,190,442,261,12,0,0,0,0,0,0,110,115,137,268,71,50,180,140,283,820,929,776,781,7129,12774,30739,1,0,0
0,0,0,0,0,0,0,0,0,0,0,0,93,198,183,450,247,13,1,0,0,0,0,0,127,119,128,246,89,64,183,145,281,849,872,738,724,7077,12862,30391,1,0,0
0,0,0,0,0,0,0,0,0,0,0,0,91,218,164,451,249,6,3,0,0,0,0,0,133,131,155,244,74,47,171,174,322,892,954,758,723,7290,12813,29660,2,0,0
0,0,0,0,0,0,0,0,0,0,0,0,105,162,141,382,206,9,1,0,0,0,0,0,130,126,144,225,79,43,159,164,345,904,871,712,773,7321,12854,29504,0,0,0
0,0,0,0,0,0,0,0,0,0,0,0,92,149,142,431,195,13,0,0,0,0,0,0,141,113,123,236,68,28,156,158,308,826,804,718,816,7412,12966,29039,1,0,0
0,0,0,0,0,0,0,0,0,0,0,0,90,161,155,418,209,10,0,0,0,0,0,0,122,120,152,182,70,35,174,151,308,896,872,737,687,7450,12826,28596,0,0,0
0,0,0,0,0,0,0,0,0,0,0,0,102,200,144,421,209,9,0,0,0,0,0,0,122,95,135,187,69,41,160,164,334,876,843,689,693,7525,13022,27969,0,0,0
0,0,0,0,0,0,0,0,0,0,0,0,97,192,151,449,161,6,1,0,0,0,0,0,129,111,153,174,77,31,157,161,327,888,832,680,702,7711,12913,27418,1,0,0
0,0,0,0,0,0,0,0,0,0,0,0,72,147,149,409,157,6,1,0,0,0,0,0,136,110,142,172,57,28,139,161,309,856,771,714,710,7738,13074,27002,1,0,0
0,0,0,0,0,0,0,0,0,0,0,0,95,167,150,401,137,6,0,0,0,0,0,0,132,125,143,183,60,28,130,157,282,882,750,609,695,7763,13099,26652,0,0,0
0,0,0,0,0,0,0,0,0,0,0,0,75,137,153,374,127,3,0,0,0,0,0,0,119,114,151,164,62,24,113,156,299,945,811,601,755,7894,12879,26196,0,0,0
0,0,0,0,0,0,0,0,0,0,0,0,71,140,149,353,132,1,0,0,0,0,0,0,118,97,161,165,69,22,113,136,313,938,745,634,742,8041,12941,25538,0,0,0
0,0,0,0,0,0,0,0,0,0,0,0,78,152,164,429,136,2,0,0,0,0,0,0,139,110,136,150,58,27,143,133,305,952,775,642,729,8129,12874,24818,1,0,0
0,0,0,0,0,0,0,0,0,0,0,0,73,162,172,397,104,2,0,0,0,0,0,0,140,116,154,163,73,31,141,143,310,976,795,658,762,8238,12957,23990,0,0,0
0,0,0,0,0,0,0,0,0,0,0,0,72,165,172,414,101,1,0,0,0,0,0,0,148,117,143,152,51,31,149,112,259,977,833,651,740,8380,12855,23506,1,0,0
0,0,0,0,0,0,0,0,0,0,0,0,79,173,178,414,91,1,0,0,0,0,0,0,145,128,166,157,49,16,137,116,277,899,769,592,709,8419,12829,22972,0,0,0
0,0,0,0,0,0,0,0,0,0,0,0,84,155,172,390,74,1,0,0,0,0,0,0,142,114,138,132,61,19,107,125,283,973,781,574,677,8454,12874,22422,0,0,0
0,0,0,0,0,0,0,0,0,0,0,0,81,134,164,408,70,1,0,0,0,0,0,0,135,125,148,107,44,17,153,131,316,936,741,513,684,8524,12692,21893,0,0,0
0,0,0,0,0,0,0,0,0,0,0,0,79,171,183,355,79,1,0,0,0,0,0,0,149,125,174,94,46,18,145,124,305,992,760,606,740,8432,12814,21014,0,0,0
0,0,0,0,0,0,0,0,0,0,0,0,79,197,203,404,79,1,0,0,0,0,0,0,160,121,150,110,49,24,125,130,317,1005,773,547,747,8606,12760,20204,0,0,0
0,0,0,0,0,0,0,0,0,0,0,0,65,153,156,377,65,1,0,0,0,0,0,0,148,123,157,93,65,20,151,135,281,1007,722,523,701,8690,12700,19915,0,0,0
0,0,0,0,0,0,0,0,0,0,0,0,66,134,190,375,48,0,0,0,0,0,0,0,151,124,175,85,44,22,147,118,305,981,694,549,685,8693,12797,19252,0,0,0
0,0,0,0,0,0,0,0,0,0,0,0,57,117,148,327,42,0,0,0,0,0,0,0,152,108,170,94,27,17,127,123,288,924,712,512,717,8895,12936,18579,0,0,0
0,0,0,0,0,0,0,0,0,0,0,0,47,113,127,282,35,0,0,0,0,0,0,0,143,90,132,63,33,12,127,114,275,974,697,470,659,9186,12868,18085,0,0,0
0,0,0,0,0,0,0,0,0,0,0,0,56,108,127,283,38,0,0,0,0,0,0,0,137,92,121,63,33,15,127,126,315,964,614,438,653,9245,12938,17490,0,0,0
0,0,0,0,0,0,0,0,0,0,0,0,69,136,111,307,41,0,0,0,0,0,0,0,139,88,152,64,27,12,105,125,301,1014,612,431,625,9233,12962,16793,0,0,0
0,0,0,0,0,0,0,0,0,0,0,0,58,110,142,270,30,0,0,0,0,0,0,0,143,100,117,59,30,8,129,115,247,971,582,417,705,9353,12941,16140,0,0,0
0,0,0,0,0,0,0,0,0,0,0,0,44,130,130,258,28,0,0,0,0,0,0,0,136,92,107,57,41,9,138,112,288,960,573,401,716,9477,12940,15497,0,0,0
0,0,0,0,0,0,0,0,0,0,0,0,56,112,124,272,24,0,0,0,0,0,0,0,115,85,133,41,27,11,142,102,276,1047,571,365,704,9578,12767,14950,0,0,0
0,0,0,0,0,0,0,0,0,0,0,0,55,105,140,253,16,0,0,0,0,0,0,0,112,79,124,43,30,7,122,102,310,997,565,408,645,9727,12601,14490,0,0,0
0,0,0,0,0,0,0,0,0,0,0,0,37,76,125,220,15,0,0,0,0,0,0,0,117,79,105,48,21,15,130,107,263,969,540,371,661,9816,12756,13869,0,0,0
0,0,0,0,0,0,0,0,0,0,0,0,40,96,106,241,14,1,0,0,0,0,0,0,126,59,93,33,39,7,118,96,274,943,448,404,636,9791,12817,13307,0,0,0
0,0,0,0,0,0,0,0,0,0,0,0,40,96,110,195,9,0,0,0,0,0,0,0,101,63,103,30,27,12,128,107,241,888,483,401,580,9895,12857,12734,0,0,0
0,0,0,0,0,0,0,0,0,0,0,0,49,92,105,205,9,0,0,0,0,0,0,0,106,72,98,32,23,4,124,105,300,956,431,371,601,9650,12670,12493,0,0,0
0,0,0,0,0,0,0,0,0,0,0,0,32,82,120,195,9,0,0,0,0,0,0,0,104,62,90,26,17,7,113,83,228,908,421,313,655,9986,12644,11859,0,0,0
0,0,0,0,0,0,0,0,0,0,0,0,38,81,116,212,6,0,0,0,0,0,0,0,120,65,96,19,19,9,110,90,240,1023,418,361,572,10070,12534,11280,0,0,0
0,0,0,0,0,0,0,0,0,0,0,0,34,59,96,174,6,0,0,0,0,0,0,0,105,63,100,26,18,1,131,84,236,989,418,308,660,10265,12564,10808,0,0,0
0,0,0,0,0,0,0,0,0,0,0,0,38,66,79,147,6,0,0,0,0,0,0,0,83,50,82,22,9,6,103,87,237,930,416,309,664,10471,12645,10484,0,0,0
0,0,0,0,0,0,0,0,0,0,0,0,23,52,68,118,1,0,0,0,0,0,0,0,69,33,77,20,18,3,92,88,237,872,389,306,594,10641,12851,10150,0,0,0
0,0,0,0,0,0,0,0,0,0,0,0,22,45,49,88,3,0,0,0,0,0,0,0,64,32,60,10,19,8,112,102,240,877,356,313,556,10708,12981,9812,0,0,0
0,0,0,0,0,0,0,0,0,0,0,0,14,27,36,66,0,0,0,0,0,0,0,0,41,15,36,8,9,3,117,83,247,864,346,314,557,11021,13008,9301,0,0,0
0,0,0,0,0,0,0,0,0,0,0,0,9,14,17,42,0,0,0,0,0,0,0,0,26,17,17,3,6,2,114,76,240,878,321,242,606,11211,12994,8907,0,0,0
0,0,0,0,0,0,0,0,0,0,0,0,3,7,6,14,0,0,0,0,0,0,0,0,6,6,9,1,0,1,92,69,176,838,284,233,571,11542,12935,8553,0,0,0
0,0,0,0,0,0,0,0,0,0,0,0,0,0,0,0,0,0,0,0,0,0,0,0,0,0,0,0,0,0,105,66,188,806,248,214,523,11607,13101,8085,0,0,0
0,0,0,0,0,0,0,0,0,0,0,0,0,0,0,0,0,0,0,0,0,0,0,0,0,0,0,0,0,0,82,67,195,739,196,200,489,11725,13106,7751,0,0,0
0,0,0,0,0,0,0,0,0,0,0,0,0,0,0,0,0,0,0,0,0,0,0,0,0,0,0,0,0,0,76,60,195,732,206,193,556,11744,13035,7332,0,0,0
0,0,0,0,0,0,0,0,0,0,0,0,0,0,0,0,0,0,0,0,0,0,0,0,0,0,0,0,0,0,90,51,168,678,213,202,490,11928,12991,6960,0,0,0
0,0,0,0,0,0,0,0,0,0,0,0,0,0,0,0,0,0,0,0,0,0,0,0,0,0,0,0,0,0,93,60,215,708,189,216,488,11884,12989,6534,0,0,0
0,0,0,0,0,0,0,0,0,0,0,0,0,0,0,0,0,0,0,0,0,0,0,0,0,0,0,0,0,0,74,64,132,676,162,195,503,11986,12903,6242,0,0,0
0,0,0,0,0,0,0,0,0,0,0,0,0,0,0,0,0,0,0,0,0,0,0,0,0,0,0,0,0,0,145,83,245,1327,428,274,569,11648,11237,5094,0,0,0
0,0,0,0,0,0,0,0,0,0,0,0,0,0,0,0,0,0,0,0,0,0,0,0,0,0,0,0,0,0,152,56,282,1558,435,226,487,8751,7596,3529,0,0,0
0,0,0,0,0,0,0,0,0,0,0,0,0,0,0,0,0,0,0,0,0,0,0,0,0,0,0,0,0,0,104,31,192,1046,302,168,398,5290,4536,1966,0,0,0
0,0,0,0,0,0,0,0,0,0,0,0,0,0,0,0,0,0,0,0,0,0,0,0,0,0,0,0,0,0,108,17,184,1034,319,135,272,2685,1390,567,0,0,0
