0,0,3373,0,0,0,0,0,0,0,0,0,0,147595,0,0,0,0,0,0,0,0,0,0,0,0,0,129589,0,0,0,0,179317,0,0,0,0,0,538737,0,0,0,0
0,0,16,0,0,0,0,0,0,0,0,0,0,110399,0,0,0,0,0,0,0,0,0,0,0,0,0,170478,0,0,0,0,153373,0,0,0,0,0,564345,0,0,0,0
0,0,0,0,0,0,0,0,0,0,0,0,0,29314,0,0,0,0,0,0,0,0,0,0,0,0,0,139088,0,0,0,0,111790,0,0,0,0,0,718419,0,0,0,0
0,0,12,0,0,0,0,0,0,0,0,0,0,96514,0,0,0,0,0,0,0,0,0,0,0,0,0,81405,0,0,0,0,172281,0,0,0,0,0,648399,0,0,0,0
0,0,8,0,0,0,0,0,0,0,0,0,0,19871,0,0,0,0,0,0,0,0,0,0,0,0,0,76826,0,0,0,0,118843,0,0,0,0,0,783063,0,0,0,0
0,0,13,0,0,0,0,0,0,0,0,0,0,29536,0,0,0,0,0,0,0,0,0,0,0,0,0,57243,0,0,0,0,74874,0,0,0,0,0,626321,0,210624,0,0
0,0,0,0,0,0,0,0,0,0,0,0,0,39431,0,0,0,0,0,0,0,0,0,0,0,0,0,34689,0,0,0,0,67865,0,0,0,0,0,586770,0,269856,0,0
0,0,1,0,0,0,0,0,0,0,0,0,0,30457,0,0,0,0,0,0,0,0,0,0,0,0,0,32923,0,0,0,0,54820,0,0,0,0,0,509965,0,370445,0,0
0,0,0,0,0,0,0,0,0,0,0,0,0,28150,0,0,0,0,0,0,0,0,0,0,0,0,0,28946,0,0,0,0,49606,0,0,0,0,0,444037,0,447872,0,0
0,0,6,0,0,0,0,0,0,0,0,0,0,29690,0,0,0,0,0,0,0,0,0,0,0,0,0,28270,0,0,0,0,51716,0,0,0,0,0,419089,0,469840,0,0
0,0,1,0,0,0,0,0,0,0,0,0,0,30498,0,0,0,0,0,0,0,0,0,0,0,0,0,26091,0,0,0,0,48802,0,0,0,0,0,399551,0,493668,0,0
0,0,8,0,0,0,0,0,0,0,0,0,0,29636,0,0,0,0,0,0,0,0,0,0,0,0,0,27205,0,0,0,0,49423,0,0,0,0,0,383210,0,509129,0,0
0,0,57,0,0,0,0,0,0,0,0,0,0,33895,0,0,0,0,0,0,0,0,0,0,0,0,0,33346,0,0,0,0,49949,0,0,0,0,0,387507,0,493857,0,0
0,0,0,0,0,0,0,0,0,0,0,0,0,28645,0,0,0,0,0,0,0,0,0,0,0,0,0,29860,0,0,0,0,45133,0,0,0,0,0,409576,0,485397,0,0
0,0,0,0,0,0,0,0,0,0,0,0,0,23491,0,0,0,0,0,0,0,0,0,0,0,0,0,40394,0,0,0,0,61572,0,0,0,0,0,579487,0,293667,0,0
0,0,0,0,0,0,0,0,0,0,0,0,0,29272,0,0,0,0,0,0,0,0,0,0,0,0,0,26924,0,0,0,0,57335,0,0,0,0,0,565045,0,320035,0,0
0,0,15,0,0,0,0,0,0,0,0,0,0,20302,0,0,0,0,0,0,0,0,0,0,0,0,0,21981,0,0,0,0,41682,0,0,0,0,0,490275,0,424356,0,0
0,0,10,0,0,0,0,0,0,0,0,0,0,24245,0,0,0,0,0,0,0,0,0,0,0,0,0,19090,0,0,0,0,44981,0,0,0,0,0,451794,0,458491,0,0
0,0,0,0,0,0,0,0,0,0,0,0,0,21287,0,0,0,0,0,0,0,0,0,0,0,0,0,19429,0,0,0,0,43875,0,0,0,0,0,426165,0,487855,0,0
0,0,0,0,0,0,0,0,0,0,0,0,0,23426,0,0,0,0,0,0,0,0,0,0,0,0,0,18386,0,0,0,0,43628,0,0,0,0,0,410650,0,502521,0,0
0,0,0,0,0,0,0,0,0,0,0,0,0,22926,0,0,0,0,0,0,0,0,0,0,0,0,0,19538,0,0,0,0,43947,0,0,0,0,0,402397,0,509803,0,0
0,0,0,0,0,0,0,0,0,0,0,0,0,20689,0,0,0,0,0,0,0,0,0,0,0,0,0,18538,0,0,0,0,42503,0,0,0,0,0,402865,0,514016,0,0
0,0,11,0,0,0,0,0,0,0,0,0,0,20886,0,0,0,0,0,0,0,0,0,0,0,0,0,17227,0,0,0,0,42969,0,0,0,0,0,399745,0,517773,0,0
0,0,0,0,0,0,0,0,0,0,0,0,0,22590,0,0,0,0,0,0,0,0,0,0,0,0,0,17479,0,0,0,0,42490,0,0,0,0,0,395863,0,520189,0,0
0,0,28,0,0,0,0,0,0,0,0,0,0,24799,0,0,0,0,0,0,0,0,0,0,0,0,0,19449,0,0,0,0,43360,0,0,0,0,0,393902,0,517073,0,0
0,0,0,0,0,0,0,0,0,0,0,0,0,31287,0,0,0,0,0,0,0,0,0,0,0,0,0,21555,0,0,0,0,45517,0,0,0,0,0,394662,0,505590,0,0
0,0,20,0,0,0,0,0,0,0,0,0,0,23522,0,0,0,0,0,0,0,0,0,0,0,0,0,22254,0,0,0,0,42574,0,0,0,0,0,402344,0,507897,0,0
0,0,1,0,0,0,0,0,0,0,0,0,0,26377,0,0,0,0,0,0,0,0,0,0,0,0,0,20254,0,0,0,0,42750,0,0,0,0,0,397395,0,511834,0,0
0,0,1,0,0,0,0,0,0,0,0,0,0,27501,0,0,0,0,0,0,0,0,0,0,0,0,0,21838,0,0,0,0,43509,0,0,0,0,0,398386,0,507376,0,0
0,0,0,0,0,0,0,0,0,0,0,0,0,26132,0,0,0,0,0,0,0,0,0,0,0,0,0,22075,0,0,0,0,44115,0,0,0,0,0,399900,0,506389,0,0
0,0,26,0,0,0,0,0,0,0,0,0,0,23579,0,0,0,0,0,0,0,0,0,0,0,0,0,20008,0,0,0,0,42866,0,0,0,0,0,405268,0,506864,0,0
0,0,34,0,0,0,0,0,0,0,0,0,0,24154,0,0,0,0,0,0,0,0,0,0,0,0,0,18715,0,0,0,0,42705,0,0,0,0,0,402819,0,510184,0,0
0,0,34,0,0,0,0,0,0,0,0,0,0,28829,0,0,0,0,0,0,0,0,0,0,0,0,0,20105,0,0,0,0,42996,0,0,0,0,0,396654,0,509993,0,0
0,0,32,0,0,0,0,0,0,0,0,0,0,28082,0,0,0,0,0,0,0,0,0,0,0,0,0,22587,0,0,0,0,42985,0,0,0,0,0,396499,0,508426,0,0
0,0,35,0,0,0,0,0,0,0,0,0,0,26847,0,0,0,0,0,0,0,0,0,0,0,0,0,22258,0,0,0,0,42929,0,0,0,0,0,396523,0,510019,0,0
0,0,67,0,0,0,0,0,0,0,0,0,0,25435,0,0,0,0,0,0,0,0,0,0,0,0,0,20896,0,0,0,0,43265,0,0,0,0,0,399608,0,509340,0,0
0,0,1,0,0,0,0,0,0,0,0,0,0,25688,0,0,0,0,0,0,0,0,0,0,0,0,0,20024,0,0,0,0,42996,0,0,0,0,0,402481,0,507421,0,0
0,0,26,0,0,0,0,0,0,0,0,0,0,26620,0,0,0,0,0,0,0,0,0,0,0,0,0,20284,0,0,0,0,43430,0,0,0,0,0,401406,0,506845,0,0
0,0,0,0,0,0,0,0,0,0,0,0,0,25512,0,0,0,0,0,0,0,0,0,0,0,0,0,20270,0,0,0,0,43206,0,0,0,0,0,400330,0,509293,0,0
0,0,34,0,0,0,0,0,0,0,0,0,0,27417,0,0,0,0,0,0,0,0,0,0,0,0,0,19996,0,0,0,0,43549,0,0,0,0,0,399103,0,508512,0,0
0,0,32,0,0,0,0,0,0,0,0,0,0,24562,0,0,0,0,0,0,0,0,0,0,0,0,0,20433,0,0,0,0,42702,0,0,0,0,0,402549,0,508333,0,0
0,0,48,0,0,0,0,0,0,0,0,0,0,26946,0,0,0,0,0,0,0,0,0,0,0,0,0,20377,0,0,0,0,43710,0,0,0,0,0,400522,0,507008,0,0
0,0,87,0,0,0,0,0,0,0,0,0,0,25264,0,0,0,0,0,0,0,0,0,0,0,0,0,20529,0,0,0,0,42937,0,0,0,0,0,401161,0,508633,0,0
0,0,3,0,0,0,0,0,0,0,0,0,0,25709,0,0,0,0,0,0,0,0,0,0,0,0,0,19557,0,0,0,0,44006,0,0,0,0,0,403360,0,505976,0,0
0,0,45,0,0,0,0,0,0,0,0,0,0,25820,0,0,0,0,0,0,0,0,0,0,0,0,0,19354,0,0,0,0,43830,0,0,0,0,0,404563,0,504999,0,0
0,0,7,0,0,0,0,0,0,0,0,0,0,25873,0,0,0,0,0,0,0,0,0,0,0,0,0,19440,0,0,0,0,43687,0,0,0,0,0,406639,0,502965,0,0
0,0,21,0,0,0,0,0,0,0,0,0,0,25742,0,0,0,0,0,0,0,0,0,0,0,0,0,19167,0,0,0,0,43217,0,0,0,0,0,404856,0,505608,0,0
0,0,11,0,0,0,0,0,0,0,0,0,0,26102,0,0,0,0,0,0,0,0,0,0,0,0,0,19417,0,0,0,0,43282,0,0,0,0,0,403175,0,506624,0,0
0,0,49,0,0,0,0,0,0,0,0,0,0,25913,0,0,0,0,0,0,0,0,0,0,0,0,0,19773,0,0,0,0,44095,0,0,0,0,0,405174,0,503607,0,0
0,0,47,0,0,0,0,0,0,0,0,0,0,26251,0,0,0,0,0,0,0,0,0,0,0,0,0,20023,0,0,0,0,43651,0,0,0,0,0,407730,0,500909,0,0
0,0,66,0,0,0,0,0,0,0,0,0,0,26312,0,0,0,0,0,0,0,0,0,0,0,0,0,19344,0,0,0,0,44490,0,0,0,0,0,405571,0,502828,0,0
0,0,3,0,0,0,0,0,0,0,0,0,0,27922,0,0,0,0,0,0,0,0,0,0,0,0,0,20394,0,0,0,0,43527,0,0,0,0,0,405786,0,500979,0,0
0,0,36,0,0,0,0,0,0,0,0,0,0,28819,0,0,0,0,0,0,0,0,0,0,0,0,0,21716,0,0,0,0,44996,0,0,0,0,0,408353,0,494691,0,0
0,0,30,0,0,0,0,0,0,0,0,0,0,29550,0,0,0,0,0,0,0,0,0,0,0,0,0,22427,0,0,0,0,45972,0,0,0,0,0,410481,0,490151,0,0
0,0,22,0,0,0,0,0,0,0,0,0,0,26969,0,0,0,0,0,0,0,0,0,0,0,0,0,22681,0,0,0,0,46004,0,0,0,0,0,412683,0,490252,0,0
0,0,46,0,0,0,0,0,0,0,0,0,0,27476,0,0,0,0,0,0,0,0,0,0,0,0,0,21185,0,0,0,0,46881,0,0,0,0,0,414877,0,488146,0,0
0,0,40,0,0,0,0,0,0,0,0,0,0,29634,0,0,0,0,0,0,0,0,0,0,0,0,0,22044,0,0,0,0,46577,0,0,0,0,0,412140,0,488176,0,0
0,0,37,0,0,0,0,0,0,0,0,0,0,27686,0,0,0,0,0,0,0,0,0,0,0,0,0,22201,0,0,0,0,46148,0,0,0,0,0,412728,0,489811,0,0
0,0,26,0,0,0,0,0,0,0,0,0,0,30082,0,0,0,0,0,0,0,0,0,0,0,0,0,21701,0,0,0,0,47157,0,0,0,0,0,412235,0,487410,0,0
0,0,9,0,0,0,0,0,0,0,0,0,0,27499,0,0,0,0,0,0,0,0,0,0,0,0,0,22209,0,0,0,0,46471,0,0,0,0,0,414103,0,488320,0,0
0,0,14,0,0,0,0,0,0,0,0,0,0,27615,0,0,0,0,0,0,0,0,0,0,0,0,0,20758,0,0,0,0,46461,0,0,0,0,0,415722,0,488041,0,0
0,0,30,0,0,0,0,0,0,0,0,0,0,26941,0,0,0,0,0,0,0,0,0,0,0,0,0,20643,0,0,0,0,45853,0,0,0,0,0,417042,0,488102,0,0
0,0,37,0,0,0,0,0,0,0,0,0,0,27349,0,0,0,0,0,0,0,0,0,0,0,0,0,20459,0,0,0,0,45624,0,0,0,0,0,414934,0,490208,0,0
0,0,47,0,0,0,0,0,0,0,0,0,0,28889,0,0,0,0,0,0,0,0,0,0,0,0,0,20889,0,0,0,0,45979,0,0,0,0,0,414939,0,487868,0,0
0,0,53,0,0,0,0,0,0,0,0,0,0,28494,0,0,0,0,0,0,0,0,0,0,0,0,0,22352,0,0,0,0,46366,0,0,0,0,0,420466,0,480880,0,0
0,0,18,0,0,0,0,0,0,0,0,0,0,28629,0,0,0,0,0,0,0,0,0,0,0,0,0,21082,0,0,0,0,46063,0,0,0,0,0,421838,0,480981,0,0
0,0,36,0,0,0,0,0,0,0,0,0,0,28354,0,0,0,0,0,0,0,0,0,0,0,0,0,20964,0,0,0,0,46152,0,0,0,0,0,419427,0,483678,0,0
0,0,15,0,0,0,0,0,0,0,0,0,0,28612,0,0,0,0,0,0,0,0,0,0,0,0,0,21035,0,0,0,0,46975,0,0,0,0,0,419650,0,482324,0,0
0,0,22,0,0,0,0,0,0,0,0,0,0,28894,0,0,0,0,0,0,0,0,0,0,0,0,0,21160,0,0,0,0,47406,0,0,0,0,0,421083,0,480046,0,0
0,0,17,0,0,0,0,0,0,0,0,0,0,29137,0,0,0,0,0,0,0,0,0,0,0,0,0,21275,0,0,0,0,47522,0,0,0,0,0,422974,0,477686,0,0
0,0,3,0,0,0,0,0,0,0,0,0,0,28800,0,0,0,0,0,0,0,0,0,0,0,0,0,21748,0,0,0,0,47445,0,0,0,0,0,424459,0,476156,0,0
0,0,32,0,0,0,0,0,0,0,0,0,0,29125,0,0,0,0,0,0,0,0,0,0,0,0,0,21717,0,0,0,0,47839,0,0,0,0,0,426401,0,473497,0,0
0,0,21,0,0,0,0,0,0,0,0,0,0,29961,0,0,0,0,0,0,0,0,0,0,0,0,0,21669,0,0,0,0,49037,0,0,0,0,0,428249,0,469674,0,0
0,0,12,0,0,0,0,0,0,0,0,0,0,29293,0,0,0,0,0,0,0,0,0,0,0,0,0,21785,0,0,0,0,48822,0,0,0,0,0,429291,0,469408,0,0
0,0,4,0,0,0,0,0,0,0,0,0,0,29246,0,0,0,0,0,0,0,0,0,0,0,0,0,21085,0,0,0,0,48791,0,0,0,0,0,427103,0,472382,0,0
0,0,19,0,0,0,0,0,0,0,0,0,0,31787,0,0,0,0,0,0,0,0,0,0,0,0,0,21868,0,0,0,0,49360,0,0,0,0,0,429968,0,465609,0,0
0,0,25,0,0,0,0,0,0,0,0,0,0,31715,0,0,0,0,0,0,0,0,0,0,0,0,0,22869,0,0,0,0,49103,0,0,0,0,0,430430,0,464469,0,0
0,0,43,0,0,0,0,0,0,0,0,0,0,30414,0,0,0,0,0,0,0,0,0,0,0,0,0,23286,0,0,0,0,49066,0,0,0,0,0,431981,0,463821,0,0
0,0,11,0,0,0,0,0,0,0,0,0,0,30658,0,0,0,0,0,0,0,0,0,0,0,0,0,22838,0,0,0,0,50459,0,0,0,0,0,437923,0,456722,0,0
0,0,3,0,0,0,0,0,0,0,0,0,0,30422,0,0,0,0,0,0,0,0,0,0,0,0,0,22904,0,0,0,0,50933,0,0,0,0,0,440808,0,453541,0,0
0,0,30,0,0,0,0,0,0,0,0,0,0,30821,0,0,0,0,0,0,0,0,0,0,0,0,0,22331,0,0,0,0,50877,0,0,0,0,0,440296,0,454256,0,0
0,0,39,0,0,0,0,0,0,0,0,0,0,33512,0,0,0,0,0,0,0,0,0,0,0,0,0,23316,0,0,0,0,52190,0,0,0,0,0,438156,0,451398,0,0
0,0,17,0,0,0,0,0,0,0,0,0,0,31180,0,0,0,0,0,0,0,0,0,0,0,0,0,23806,0,0,0,0,51045,0,0,0,0,0,439314,0,453249,0,0
0,0,29,0,0,0,0,0,0,0,0,0,0,31823,0,0,0,0,0,0,0,0,0,0,0,0,0,23299,0,0,0,0,52182,0,0,0,0,0,438778,0,452500,0,0
0,0,40,0,0,0,0,0,0,0,0,0,0,31729,0,0,0,0,0,0,0,0,0,0,0,0,0,23062,0,0,0,0,51088,0,0,0,0,0,442615,0,450077,0,0
0,0,41,0,0,0,0,0,0,0,0,0,0,31636,0,0,0,0,0,0,0,0,0,0,0,0,0,23487,0,0,0,0,52355,0,0,0,0,0,441001,0,450091,0,0
0,0,68,0,0,0,0,0,0,0,0,0,0,31824,0,0,0,0,0,0,0,0,0,0,0,0,0,23691,0,0,0,0,52438,0,0,0,0,0,442939,0,447651,0,0
0,0,68,0,0,0,0,0,0,0,0,0,0,32026,0,0,0,0,0,0,0,0,0,0,0,0,0,22951,0,0,0,0,52479,0,0,0,0,0,441964,0,449123,0,0
0,0,58,0,0,0,0,0,0,0,0,0,0,32283,0,0,0,0,0,0,0,0,0,0,0,0,0,23367,0,0,0,0,53061,0,0,0,0,0,444733,0,445109,0,0
0,0,78,0,0,0,0,0,0,0,0,0,0,32509,0,0,0,0,0,0,0,0,0,0,0,0,0,23693,0,0,0,0,53259,0,0,0,0,0,446978,0,442094,0,0
0,0,76,0,0,0,0,0,0,0,0,0,0,33515,0,0,0,0,0,0,0,0,0,0,0,0,0,23542,0,0,0,0,53250,0,0,0,0,0,447415,0,440813,0,0
0,0,69,0,0,0,0,0,0,0,0,0,0,33311,0,0,0,0,0,0,0,0,0,0,0,0,0,24040,0,0,0,0,53290,0,0,0,0,0,448505,0,439396,0,0
0,0,70,0,0,0,0,0,0,0,0,0,0,33126,0,0,0,0,0,0,0,0,0,0,0,0,0,23848,0,0,0,0,52693,0,0,0,0,0,447564,0,441310,0,0
0,0,98,0,0,0,0,0,0,0,0,0,0,32651,0,0,0,0,0,0,0,0,0,0,0,0,0,23869,0,0,0,0,53211,0,0,0,0,0,450946,0,437836,0,0
0,0,61,0,0,0,0,0,0,0,0,0,0,33771,0,0,0,0,0,0,0,0,0,0,0,0,0,23379,0,0,0,0,53208,0,0,0,0,0,447878,0,440314,0,0
0,0,62,0,0,0,0,0,0,0,0,0,0,33011,0,0,0,0,0,0,0,0,0,0,0,0,0,23629,0,0,0,0,52629,0,0,0,0,0,446762,0,442518,0,0
0,0,100,0,0,0,0,0,0,0,0,0,0,32582,0,0,0,0,0,0,0,0,0,0,0,0,0,23348,0,0,0,0,54201,0,0,0,0,0,447685,0,440695,0,0
0,0,128,0,0,0,0,0,0,0,0,0,0,34186,0,0,0,0,0,0,0,0,0,0,0,0,0,23824,0,0,0,0,55431,0,0,0,0,0,453285,0,431757,0,0
0,0,87,0,0,0,0,0,0,0,0,0,0,33691,0,0,0,0,0,0,0,0,0,0,0,0,0,24094,0,0,0,0,55186,0,0,0,0,0,457652,0,427901,0,0
0,0,76,0,0,0,0,0,0,0,0,0,0,36230,0,0,0,0,0,0,0,0,0,0,0,0,0,24998,0,0,0,0,56420,0,0,0,0,0,455734,0,425153,0,0
0,0,111,0,0,0,0,0,0,0,0,0,0,34657,0,0,0,0,0,0,0,0,0,0,0,0,0,26784,0,0,0,0,56729,0,0,0,0,0,461118,0,419212,0,0
0,0,120,0,0,0,0,0,0,0,0,0,0,39954,0,0,0,0,0,0,0,0,0,0,0,0,0,90814,0,0,0,0,110940,0,0,0,0,0,694584,0,62199,0,0
0,0,148,0,0,0,0,0,0,0,0,0,0,37329,0,0,0,0,0,0,0,0,0,0,0,0,0,40083,0,0,0,0,80288,0,0,0,0,0,732862,0,107901,0,0
0,0,81,0,0,0,0,0,0,0,0,0,0,36024,0,0,0,0,0,0,0,0,0,0,0,0,0,30335,0,0,0,0,64762,0,0,0,0,0,621243,0,246166,0,0
0,0,188,0,0,0,0,0,0,0,0,0,0,36789,0,0,0,0,0,0,0,0,0,0,0,0,0,27812,0,0,0,0,59259,0,0,0,0,0,522848,0,351715,0,0
0,0,123,0,0,0,0,0,0,0,0,0,0,36026,0,0,0,0,0,0,0,0,0,0,0,0,0,27443,0,0,0,0,56276,0,0,0,0,0,476444,0,402299,0,0
0,0,157,0,0,0,0,0,0,0,0,0,0,36197,0,0,0,0,0,0,0,0,0,0,0,0,0,26697,0,0,0,0,55137,0,0,0,0,0,457485,0,422938,0,0
0,0,135,0,0,0,0,0,0,0,0,0,0,36644,0,0,0,0,0,0,0,0,0,0,0,0,0,26785,0,0,0,0,54349,0,0,0,0,0,445566,0,435132,0,0
0,0,144,0,0,0,0,0,0,0,0,0,0,34381,0,0,0,0,0,0,0,0,0,0,0,0,0,27250,0,0,0,0,54414,0,0,0,0,0,447018,0,435404,0,0
0,0,158,0,0,0,0,0,0,0,0,0,0,36001,0,0,0,0,0,0,0,0,0,0,0,0,0,25949,0,0,0,0,54188,0,0,0,0,0,444471,0,437844,0,0
0,0,196,0,0,0,0,0,0,0,0,0,0,36510,0,0,0,0,0,0,0,0,0,0,0,0,0,26155,0,0,0,0,54307,0,0,0,0,0,441647,0,439796,0,0
0,0,95,0,0,0,0,0,0,0,0,0,0,37185,0,0,0,0,0,0,0,0,0,0,0,0,0,27245,0,0,0,0,54186,0,0,0,0,0,445278,0,434622,0,0
0,0,142,0,0,0,0,0,0,0,0,0,0,35106,0,0,0,0,0,0,0,0,0,0,0,0,0,27647,0,0,0,0,55093,0,0,0,0,0,448474,0,432149,0,0
0,0,205,0,0,0,0,0,0,0,0,0,0,37903,0,0,0,0,0,0,0,0,0,0,0,0,0,26184,0,0,0,0,55330,0,0,0,0,0,447075,0,431914,0,0
0,0,235,0,0,0,0,0,0,0,0,0,0,35013,0,0,0,0,0,0,0,0,0,0,0,0,0,26813,0,0,0,0,55054,0,0,0,0,0,450820,0,430676,0,0
0,0,203,0,0,0,0,0,0,0,0,0,0,35551,0,0,0,0,0,0,0,0,0,0,0,0,0,25649,0,0,0,0,55167,0,0,0,0,0,451364,0,430677,0,0
0,0,200,0,0,0,0,0,0,0,0,0,0,38217,0,0,0,0,0,0,0,0,0,0,0,0,0,25656,0,0,0,0,55675,0,0,0,0,0,449025,0,429838,0,0
0,0,216,0,0,0,0,0,0,0,0,0,0,38447,0,0,0,0,0,0,0,0,0,0,0,0,0,27772,0,0,0,0,56641,0,0,0,0,0,453758,0,421777,0,0
0,0,193,0,0,0,0,0,0,0,0,0,0,36470,0,0,0,0,0,0,0,0,0,0,0,0,0,27456,0,0,0,0,57128,0,0,0,0,0,459044,0,418320,0,0
0,0,188,0,0,0,0,0,0,0,0,0,0,36656,0,0,0,0,0,0,0,0,0,0,0,0,0,25845,0,0,0,0,56558,0,0,0,0,0,460697,0,418667,0,0
0,0,174,0,0,0,0,0,0,0,0,0,0,36797,0,0,0,0,0,0,0,0,0,0,0,0,0,25737,0,0,0,0,56931,0,0,0,0,0,460667,0,418305,0,0
0,0,163,0,0,0,0,0,0,0,0,0,0,39162,0,0,0,0,0,0,0,0,0,0,0,0,0,26330,0,0,0,0,57021,0,0,0,0,0,461039,0,414896,0,0
0,0,230,0,0,0,0,0,0,0,0,0,0,37135,0,0,0,0,0,0,0,0,0,0,0,0,0,26674,0,0,0,0,57313,0,0,0,0,0,463082,0,414177,0,0
0,0,191,0,0,0,0,0,0,0,0,0,0,39527,0,0,0,0,0,0,0,0,0,0,0,0,0,26786,0,0,0,0,58384,0,0,0,0,0,462602,0,411121,0,0
0,0,226,0,0,0,0,0,0,0,0,0,0,37692,0,0,0,0,0,0,0,0,0,0,0,0,0,27354,0,0,0,0,57346,0,0,0,0,0,463172,0,412821,0,0
0,0,225,0,0,0,0,0,0,0,0,0,0,38079,0,0,0,0,0,0,0,0,0,0,0,0,0,26253,0,0,0,0,57925,0,0,0,0,0,465148,0,410981,0,0
0,0,221,0,0,0,0,0,0,0,0,0,0,38130,0,0,0,0,0,0,0,0,0,0,0,0,0,26670,0,0,0,0,58652,0,0,0,0,0,467745,0,407193,0,0
0,0,198,0,0,0,0,0,0,0,0,0,0,37946,0,0,0,0,0,0,0,0,0,0,0,0,0,26680,0,0,0,0,58750,0,0,0,0,0,469609,0,405428,0,0
0,0,243,0,0,0,0,0,0,0,0,0,0,38899,0,0,0,0,0,0,0,0,0,0,0,0,0,26281,0,0,0,0,59530,0,0,0,0,0,469750,0,403908,0,0
0,0,271,0,0,0,0,0,0,0,0,0,0,39483,0,0,0,0,0,0,0,0,0,0,0,0,0,26505,0,0,0,0,60306,0,0,0,0,0,472812,0,399234,0,0
0,0,221,0,0,0,0,0,0,0,0,0,0,39614,0,0,0,0,0,0,0,0,0,0,0,0,0,27048,0,0,0,0,59658,0,0,0,0,0,471982,0,400088,0,0
0,0,208,0,0,0,0,0,0,0,0,0,0,39614,0,0,0,0,0,0,0,0,0,0,0,0,0,27217,0,0,0,0,60375,0,0,0,0,0,469769,0,401428,0,0
0,0,182,0,0,0,0,0,0,0,0,0,0,39872,0,0,0,0,0,0,0,0,0,0,0,0,0,27098,0,0,0,0,60056,0,0,0,0,0,472504,0,398899,0,0
0,0,174,0,0,0,0,0,0,0,0,0,0,40273,0,0,0,0,0,0,0,0,0,0,0,0,0,27494,0,0,0,0,60714,0,0,0,0,0,475114,0,394842,0,0
0,0,186,0,0,0,0,0,0,0,0,0,0,42165,0,0,0,0,0,0,0,0,0,0,0,0,0,28455,0,0,0,0,61910,0,0,0,0,0,476921,0,388974,0,0
0,0,185,0,0,0,0,0,0,0,0,0,0,40902,0,0,0,0,0,0,0,0,0,0,0,0,0,29092,0,0,0,0,61450,0,0,0,0,0,479765,0,387217,0,0
0,0,205,0,0,0,0,0,0,0,0,0,0,43628,0,0,0,0,0,0,0,0,0,0,0,0,0,30042,0,0,0,0,63746,0,0,0,0,0,482036,0,378954,0,0
0,0,226,0,0,0,0,0,0,0,0,0,0,41893,0,0,0,0,0,0,0,0,0,0,0,0,0,30281,0,0,0,0,63711,0,0,0,0,0,484707,0,377793,0,0
0,0,216,0,0,0,0,0,0,0,0,0,0,41852,0,0,0,0,0,0,0,0,0,0,0,0,0,28874,0,0,0,0,63321,0,0,0,0,0,484363,0,379985,0,0
0,0,209,0,0,0,0,0,0,0,0,0,0,42138,0,0,0,0,0,0,0,0,0,0,0,0,0,29583,0,0,0,0,63951,0,0,0,0,0,483601,0,379129,0,0
0,0,221,0,0,0,0,0,0,0,0,0,0,42150,0,0,0,0,0,0,0,0,0,0,0,0,0,29555,0,0,0,0,64018,0,0,0,0,0,484998,0,377669,0,0
0,0,174,0,0,0,0,0,0,0,0,0,0,42581,0,0,0,0,0,0,0,0,0,0,0,0,0,29489,0,0,0,0,63520,0,0,0,0,0,487416,0,375431,0,0
0,0,193,0,0,0,0,0,0,0,0,0,0,42966,0,0,0,0,0,0,0,0,0,0,0,0,0,30024,0,0,0,0,64730,0,0,0,0,0,485515,0,375183,0,0
0,0,188,0,0,0,0,0,0,0,0,0,0,45743,0,0,0,0,0,0,0,0,0,0,0,0,0,30374,0,0,0,0,66188,0,0,0,0,0,487499,0,368619,0,0
0,0,173,0,0,0,0,0,0,0,0,0,0,43622,0,0,0,0,0,0,0,0,0,0,0,0,0,31288,0,0,0,0,65236,0,0,0,0,0,489782,0,368510,0,0
0,0,165,0,0,0,0,0,0,0,0,0,0,43259,0,0,0,0,0,0,0,0,0,0,0,0,0,29591,0,0,0,0,64508,0,0,0,0,0,490952,0,370136,0,0
0,0,182,0,0,0,0,0,0,0,0,0,0,43923,0,0,0,0,0,0,0,0,0,0,0,0,0,29519,0,0,0,0,65664,0,0,0,0,0,490016,0,369307,0,0
0,0,174,0,0,0,0,0,0,0,0,0,0,44331,0,0,0,0,0,0,0,0,0,0,0,0,0,30106,0,0,0,0,65739,0,0,0,0,0,492928,0,365333,0,0
0,0,226,0,0,0,0,0,0,0,0,0,0,44502,0,0,0,0,0,0,0,0,34,0,0,0,0,30741,0,0,0,0,66439,0,0,0,0,0,494159,0,362510,0,0
0,0,210,0,0,0,0,0,0,0,0,0,0,46614,0,0,0,0,0,0,0,0,37,0,0,0,0,31029,0,0,0,0,66835,0,0,0,0,0,497525,0,356361,0,0
0,0,233,0,0,0,0,0,0,0,0,0,0,45893,0,0,0,0,0,0,0,0,133,0,0,0,0,31713,0,0,0,0,67564,0,0,0,0,0,497296,0,355779,0,0
0,0,296,0,0,0,0,0,0,0,0,0,0,50866,0,0,0,0,0,0,0,0,121,0,0,0,0,32723,0,0,0,0,68574,0,0,0,0,0,495988,0,350043,0,0
0,0,173,0,0,0,0,0,0,0,0,0,0,48451,0,0,0,0,0,0,0,0,78,0,0,0,0,35949,0,0,0,0,69059,0,0,0,0,0,499777,0,345124,0,0
0,0,166,0,0,0,0,0,0,0,0,0,0,46835,0,0,0,0,0,0,0,0,41,0,0,0,0,34743,0,0,0,0,68947,0,0,0,0,0,503275,0,344604,0,0
0,0,152,0,0,0,0,0,0,0,0,0,0,47673,0,0,0,0,0,0,0,0,203,0,0,0,0,33606,0,0,0,0,71004,0,0,0,0,0,508206,0,337767,0,0
0,0,125,0,0,0,0,0,0,0,0,0,0,48238,0,0,0,0,0,0,0,0,423,0,0,0,0,33287,0,0,0,0,71657,0,0,0,0,0,507886,0,336995,0,0
0,0,91,0,0,0,0,0,0,0,0,0,0,47146,0,0,0,0,0,0,0,0,737,0,0,0,0,33140,0,0,0,0,71722,0,0,0,0,0,508104,0,337671,0,0
0,0,129,0,0,0,0,0,0,0,0,0,0,49099,0,0,0,0,0,0,0,0,714,0,0,0,0,33352,0,0,0,0,72858,0,0,0,0,0,509043,0,333416,0,0
0,0,106,0,0,0,0,0,0,0,0,0,0,48990,0,0,0,0,0,0,0,0,536,0,0,0,0,33248,0,0,0,0,72711,0,0,0,0,0,512761,0,330259,0,0
0,0,125,0,0,0,0,0,0,0,0,0,0,49331,0,0,0,0,0,0,0,0,638,0,0,0,0,33282,0,0,0,0,72245,0,0,0,0,0,512277,0,330713,0,0
0,0,92,0,0,0,0,0,0,0,0,0,0,50531,0,0,0,0,0,0,0,0,886,0,0,0,0,33293,0,0,0,0,73731,0,0,0,0,0,513179,0,326899,0,0
0,0,131,0,0,0,0,0,0,0,0,0,0,51678,0,0,0,0,0,0,0,0,825,0,0,0,0,33885,0,0,0,0,75614,0,0,0,0,0,513648,0,322830,0,0
0,0,142,0,0,0,0,0,0,0,0,0,0,50524,0,0,0,0,0,0,0,0,846,0,0,0,0,34347,0,0,0,0,74895,0,0,0,0,0,516099,0,321758,0,0
0,0,69,0,0,0,0,0,0,0,0,0,0,50901,0,0,0,0,0,0,0,0,1087,0,0,0,0,33311,0,0,0,0,75394,0,0,0,0,0,513935,0,323914,0,0
0,0,55,0,0,0,0,0,0,0,0,0,0,50687,0,0,0,0,0,0,0,0,1205,0,0,0,0,33290,0,0,0,0,74650,0,0,0,0,0,514185,0,324539,0,0
0,0,8,0,0,0,0,0,0,0,0,0,0,51217,0,0,0,0,0,0,0,0,1572,0,0,0,0,32267,0,0,0,0,74978,0,0,0,0,0,514520,0,324049,0,0
0,0,49,0,0,0,0,0,0,0,0,0,0,52206,0,0,0,0,0,0,0,0,1470,0,0,0,0,32879,0,0,0,0,75350,0,0,0,0,0,517391,0,319266,0,0
0,0,39,0,0,0,0,0,0,0,0,0,0,52255,0,0,0,0,0,0,0,0,1979,0,0,0,0,33300,0,0,0,0,77012,0,0,0,0,0,518929,0,315097,0,0
0,0,46,0,0,0,0,0,0,0,0,0,0,52700,0,0,0,0,0,0,0,0,1813,0,0,0,0,33023,0,0,0,0,76971,0,0,0,0,0,519336,0,314722,0,0
0,0,65,0,0,0,0,0,0,0,0,0,0,53826,0,0,0,0,0,0,0,0,1846,0,0,0,0,34098,0,0,0,0,77786,0,0,0,0,0,519515,0,311475,0,0
0,0,115,0,0,0,0,0,0,0,0,0,0,54464,0,0,0,0,0,0,0,0,2181,0,0,0,0,34234,0,0,0,0,78666,0,0,0,0,0,520574,0,308377,0,0
0,0,83,0,0,0,0,0,0,0,0,0,0,55272,0,0,0,0,0,0,0,0,2298,0,0,0,0,34640,0,0,0,0,79931,0,0,0,0,0,520787,0,305600,0,0
0,0,107,0,0,0,0,0,0,0,0,0,0,63902,0,0,0,0,0,0,0,0,2315,0,0,0,0,38504,0,0,0,0,84167,0,0,0,0,0,518799,0,290817,0,0
0,0,92,0,0,0,0,0,0,0,0,0,0,56548,0,0,0,0,0,0,0,0,3349,0,0,0,0,39012,0,0,0,0,83506,0,0,0,0,0,526307,0,289797,0,0
0,0,81,0,0,0,0,0,0,0,0,0,0,56160,0,0,0,0,0,0,0,0,3611,0,0,0,0,36106,0,0,0,0,83759,0,0,0,0,0,527183,0,291711,0,0
0,0,41,0,0,0,0,0,0,0,0,0,0,57271,0,0,0,0,0,0,0,0,3561,0,0,0,0,35341,0,0,0,0,84106,0,0,0,0,0,527224,0,291067,0,0
0,0,19,0,0,0,0,0,0,0,0,0,0,57959,0,0,0,0,0,0,0,0,3706,0,0,0,0,35307,0,0,0,0,84899,0,0,0,0,0,527624,0,289097,0,0
0,0,54,0,0,0,0,0,0,0,0,0,0,57835,0,0,0,0,0,0,0,0,4060,0,0,0,0,34928,0,0,0,0,84330,0,0,0,0,0,527570,0,289834,0,0
0,0,88,0,0,0,0,0,0,0,0,0,0,58056,0,0,0,0,0,0,0,0,4305,0,0,0,0,35016,0,0,0,0,85237,0,0,0,0,0,527868,0,288041,0,0
0,0,16,0,0,0,0,0,0,0,0,0,0,59024,0,0,0,0,0,0,0,0,4316,0,0,0,0,35235,0,0,0,0,85639,0,0,0,0,0,526370,0,288011,0,0
0,0,7,0,0,0,0,0,0,0,0,0,0,59897,0,0,0,0,0,0,0,0,4724,0,0,0,0,35016,0,0,0,0,87429,0,0,0,0,0,528222,0,283316,0,0
0,0,16,0,0,0,0,0,0,0,0,0,0,60504,0,0,0,0,0,0,0,0,5284,0,0,0,0,35197,0,0,0,0,88495,0,0,0,0,0,528070,0,281045,0,0
0,0,0,0,0,0,0,0,0,0,0,0,0,61114,0,0,0,0,0,0,0,0,5334,0,0,0,0,35133,0,0,0,0,88347,0,0,0,0,0,531923,0,276760,0,0
0,0,1,0,0,0,0,0,0,0,0,0,0,62016,0,0,0,0,0,0,0,0,6248,0,0,0,0,35202,0,0,0,0,90923,0,0,0,0,0,533902,0,270319,0,0
0,0,0,0,0,0,0,0,0,0,0,0,0,61454,0,0,0,0,0,0,0,0,6819,0,0,0,0,35272,0,0,0,0,91485,0,0,0,0,0,534936,0,268645,0,0
0,0,1,0,0,0,0,0,0,0,0,0,0,62822,0,0,0,0,0,0,0,0,7007,0,0,0,0,34605,0,0,0,0,91597,0,0,0,0,0,535730,0,266849,0,0
0,0,0,0,0,0,0,0,0,0,0,0,0,61997,0,0,0,0,0,0,0,0,7639,0,0,0,0,35065,0,0,0,0,91699,0,0,0,0,0,536058,0,266153,0,0
0,0,0,0,0,0,0,0,0,0,0,0,0,64205,0,0,0,0,0,0,0,0,7998,0,0,0,0,34515,0,0,0,0,93988,0,0,0,0,0,533453,0,264452,0,0
0,0,0,0,0,0,0,0,0,0,0,0,0,64233,0,0,0,0,0,0,0,0,8452,0,0,0,0,34822,0,0,0,0,94295,0,0,0,0,0,533854,0,262955,0,0
0,0,0,0,0,0,0,0,0,0,0,0,0,66373,0,0,0,0,0,0,0,0,9277,0,0,0,0,34758,0,0,0,0,96869,0,0,0,0,0,534169,0,257165,0,0
0,0,0,0,0,0,0,0,0,0,0,0,0,64838,0,0,0,0,0,0,0,0,10272,0,0,0,0,33926,0,0,0,0,96501,0,0,0,0,0,535217,0,257857,0,0
0,0,0,0,0,0,0,0,0,0,0,0,0,66659,0,0,0,0,0,0,0,0,10173,0,0,0,0,34011,0,0,0,0,97808,0,0,0,0,0,533910,0,256050,0,0
0,0,1,0,0,0,0,0,0,0,0,0,0,68181,0,0,0,0,0,0,0,0,11353,0,0,0,0,34466,0,0,0,0,100016,0,0,0,0,0,534224,0,250370,0,0
0,0,0,0,0,0,0,0,0,0,0,0,0,67751,0,0,0,0,0,0,0,0,12041,0,0,0,0,35298,0,0,0,0,100555,0,0,0,0,0,535933,0,247033,0,0
0,0,0,0,0,0,0,0,0,0,0,0,0,67751,0,0,0,0,0,0,0,0,13358,0,0,0,0,32546,0,0,0,0,101629,0,0,0,0,0,535898,0,247429,0,0
0,0,0,0,0,0,0,0,0,0,0,0,0,68220,0,0,0,0,0,0,0,0,14692,0,0,0,0,32171,0,0,0,0,102222,0,0,0,0,0,536230,0,245076,0,0
0,0,0,0,0,0,0,0,0,0,0,0,0,68471,0,0,0,0,0,0,0,0,14825,0,0,0,0,31117,0,0,0,0,101896,0,0,0,0,0,538106,0,244196,0,0
0,0,0,0,0,0,0,0,0,0,0,0,0,68782,0,0,0,0,0,0,0,0,14918,0,0,0,0,30632,0,0,0,0,101594,0,0,0,0,0,537957,0,244728,0,0
0,0,0,0,0,0,0,0,0,0,0,0,0,71505,0,0,0,0,0,0,0,0,15374,0,0,0,0,31542,0,0,0,0,104255,0,0,0,0,0,536346,0,239589,0,0
0,0,0,0,0,0,0,0,0,0,0,0,0,72170,0,0,0,0,0,0,0,0,15354,0,0,0,0,32673,0,0,0,0,105945,0,0,0,0,0,537078,0,235391,0,0
0,0,6,0,0,0,0,0,0,0,0,0,0,74779,0,0,0,0,0,0,0,0,15614,0,0,0,0,32736,0,0,0,0,107831,0,0,0,0,0,536395,0,231250,0,0
0,0,0,0,0,0,0,0,0,0,0,0,0,73639,0,0,0,0,0,0,0,0,17630,0,0,0,0,31898,0,0,0,0,109760,0,0,0,0,0,537600,0,228084,0,0
0,0,0,0,0,0,0,0,0,0,0,0,0,72410,0,0,0,0,0,0,0,0,19639,0,0,0,0,29543,0,0,0,0,111134,0,0,0,0,0,537729,0,228156,0,0
0,0,0,0,0,0,0,0,0,0,0,0,0,74067,0,0,0,0,0,0,0,0,19992,0,0,0,0,28642,0,0,0,0,110547,0,0,0,0,0,536591,0,228772,0,0
0,0,1,0,0,0,0,0,0,0,0,0,0,75260,0,0,0,0,0,0,0,0,21515,0,0,0,0,28745,0,0,0,0,112850,0,0,0,0,0,534207,0,226033,0,0
0,0,2,0,0,0,0,0,0,0,0,0,0,76181,0,0,0,0,0,0,0,0,23013,0,0,0,0,28210,0,0,0,0,114676,0,0,0,0,0,532336,0,224193,0,0
0,0,0,0,0,0,0,0,0,0,0,0,0,77470,0,0,0,0,0,0,0,0,23338,0,0,0,0,28804,0,0,0,0,115367,0,0,0,0,0,533048,0,220584,0,0
0,0,0,0,0,0,0,0,0,0,0,0,0,77066,0,0,0,0,0,0,0,0,25376,0,0,0,0,26685,0,0,0,0,116429,0,0,0,0,0,533706,0,219349,0,0
0,0,0,0,0,0,0,0,0,0,0,0,0,78879,0,0,0,0,0,0,0,0,25033,0,0,0,0,27162,0,0,0,0,116896,0,0,0,0,0,534438,0,216203,0,0
0,0,18,0,0,0,0,0,0,0,0,0,0,80375,0,0,0,0,0,0,0,0,26645,0,0,0,0,28565,0,0,0,0,118365,0,0,0,0,0,533137,0,211506,0,0
0,0,0,0,0,0,0,0,0,0,0,0,0,81822,0,0,0,0,0,0,0,0,28575,0,0,0,0,29211,0,0,0,0,120026,0,0,0,0,0,530647,0,208330,0,0
0,0,3,0,0,0,0,0,0,0,0,0,0,82215,0,0,0,0,0,0,0,0,29337,0,0,0,0,29043,0,0,0,0,123218,0,0,0,0,0,531206,0,203589,0,0
0,0,11,0,0,0,0,0,0,0,0,0,0,83721,0,0,0,0,0,0,0,0,30501,0,0,0,0,28165,0,0,0,0,126003,0,0,0,0,0,532095,0,198115,0,0
0,0,18,0,0,0,0,0,0,0,0,0,0,83965,0,0,0,0,0,0,0,0,30481,0,0,0,0,28047,0,0,0,0,127850,0,0,0,0,0,533013,0,195237,0,0
0,0,22,0,0,0,0,0,0,0,0,0,0,85011,0,0,0,0,0,0,0,0,32295,0,0,0,0,26708,0,0,0,0,127843,0,0,0,0,0,532716,0,194016,0,0
0,0,32,0,0,0,0,0,0,0,0,0,0,86621,0,0,0,0,0,0,0,0,33623,0,0,0,0,26518,0,0,0,0,131164,0,0,0,0,0,530787,0,189866,0,0
0,0,13,0,0,0,0,0,0,0,0,0,0,86791,0,0,0,0,0,0,0,0,35422,0,0,0,0,26141,0,0,0,0,130094,0,0,0,0,0,532594,0,187556,0,0
0,0,37,0,0,0,0,0,0,0,0,0,0,86461,0,0,0,0,0,0,0,0,35788,0,0,0,0,25192,0,0,0,0,133367,0,0,0,0,0,532097,0,185669,0,0
0,0,13,0,0,0,0,0,0,0,0,0,0,89573,0,0,0,0,0,0,0,0,35658,0,0,0,0,26380,0,0,0,0,133994,0,0,0,0,0,529653,0,183340,0,0
0,0,61,0,0,0,0,0,0,0,0,0,0,90061,0,0,0,0,0,0,0,0,36349,0,0,0,0,27175,0,0,0,0,134838,0,0,0,0,0,529405,0,180722,0,0
0,0,51,0,0,0,0,0,0,0,0,0,0,90883,0,0,0,0,0,0,0,0,37778,0,0,0,0,25194,0,0,0,0,135672,0,0,0,0,0,529262,0,179771,0,0
0,0,17,0,0,0,0,0,0,0,0,0,0,96860,0,0,0,0,0,0,0,0,38997,0,0,0,0,26193,0,0,0,0,139140,0,0,0,0,0,524754,0,172650,0,0
0,0,10,0,0,0,0,0,0,0,0,0,0,93573,0,0,0,0,0,0,0,0,43397,0,0,0,0,24699,0,0,0,0,140899,0,0,0,0,0,526163,0,169870,0,0
0,0,0,0,0,0,0,0,0,0,0,0,0,94654,0,0,0,0,0,0,0,0,43828,0,0,0,0,23578,0,0,0,0,140072,0,0,0,0,0,527321,0,169158,0,0
0,0,1,0,0,0,0,0,0,0,0,0,0,94876,0,0,0,0,0,0,0,0,44318,0,0,0,0,24939,0,0,0,0,141935,0,0,0,0,0,524519,0,168023,0,0
0,0,9,0,0,0,0,0,0,0,0,0,0,95343,0,0,0,0,0,0,0,0,44966,0,0,0,0,25037,0,0,0,0,140193,0,0,0,0,0,526035,0,167028,0,0
0,0,12,0,0,0,0,0,0,0,0,0,0,96342,0,0,0,0,0,0,0,0,45291,0,0,0,0,25656,0,0,0,0,141710,0,0,0,0,0,522482,0,167118,0,0
0,0,12,0,0,0,0,0,0,0,0,0,0,98743,0,0,0,0,0,0,0,0,46596,0,0,0,0,26549,0,0,0,0,144569,0,0,0,0,0,519183,0,162959,0,0
0,0,0,0,0,0,0,0,0,0,0,0,0,96857,0,0,0,0,0,0,0,0,47698,0,0,0,0,26205,0,0,0,0,144087,0,0,0,0,0,522105,0,161659,0,0
0,0,57,0,0,0,0,0,0,0,0,0,0,99636,0,0,0,0,0,0,0,0,47743,0,0,0,0,25324,0,0,0,0,146346,0,0,0,0,0,519620,0,159885,0,0
0,0,32,0,0,0,0,0,0,0,0,0,0,102963,0,0,0,0,0,0,0,0,49793,0,0,0,0,24062,0,0,0,0,149581,0,0,0,0,0,516883,0,155297,0,0
0,0,0,0,0,0,0,0,0,0,0,0,0,102252,0,0,0,0,0,0,0,0,51099,0,0,0,0,23079,0,0,0,0,150363,0,0,0,0,0,518076,0,153742,0,0
0,0,11,0,0,0,0,0,0,0,0,0,0,105283,0,0,0,0,0,0,0,0,53155,0,0,0,0,22678,0,0,0,0,151581,0,0,0,0,0,515511,0,150392,0,0
0,0,6,0,0,0,0,0,0,0,0,0,0,109055,0,0,0,0,0,0,0,0,54562,0,0,0,0,22461,0,0,0,0,154824,0,0,0,0,0,511016,0,146687,0,0
0,0,0,0,0,0,0,0,0,0,0,0,0,110098,0,0,0,0,0,0,0,0,54893,0,0,0,0,23114,0,0,0,0,157289,0,0,0,0,0,509522,0,143695,0,0
0,0,0,0,0,0,0,0,0,0,0,0,0,109258,0,0,0,0,0,0,0,0,56985,0,0,0,0,20832,0,0,0,0,157019,0,0,0,0,0,511038,0,143479,0,0
0,0,0,0,0,0,0,0,0,0,0,0,0,108288,0,0,0,0,0,0,0,0,56914,0,0,0,0,21565,0,0,0,0,157420,0,0,0,0,0,512726,0,141698,0,0
0,0,18,0,0,0,0,0,0,0,0,0,0,108789,0,0,0,0,0,0,0,0,56698,0,0,0,0,20924,0,0,0,0,157527,0,0,0,0,0,512845,0,141810,0,0
0,0,1,0,0,0,0,0,0,0,0,0,0,112867,0,0,0,0,0,0,0,0,56324,0,0,0,0,21903,0,0,0,0,160205,0,0,0,0,0,508846,0,138465,0,0
0,0,9,0,0,0,0,0,0,0,0,0,0,117164,0,0,0,0,0,0,0,0,59048,0,0,0,0,21256,0,0,0,0,161926,0,0,0,0,0,506024,0,133184,0,0
0,0,0,0,0,0,0,0,0,0,0,0,0,117246,0,0,0,0,0,0,0,0,61648,0,0,0,0,21144,0,0,0,0,163454,0,0,0,0,0,504826,0,130293,0,0
0,0,0,0,0,0,0,0,0,0,0,0,0,116059,0,0,0,0,0,0,0,0,64605,0,0,0,0,19681,0,0,0,0,162579,0,0,0,0,0,507114,0,128573,0,0
0,0,0,0,0,0,0,0,0,0,0,0,0,113079,0,0,0,0,0,0,0,0,63315,0,0,0,0,19837,0,0,0,0,160901,0,0,0,0,0,510005,0,131474,0,0
0,0,0,0,0,0,0,0,0,0,0,0,0,113112,0,0,0,0,0,0,0,0,62351,0,0,0,0,20162,0,0,0,0,162141,0,0,0,0,0,508441,0,132404,0,0
0,0,1,0,0,0,0,0,0,0,0,0,0,116424,0,0,0,0,0,0,0,0,61902,0,0,0,0,19954,0,0,0,0,162868,0,0,0,0,0,505781,0,131681,0,0
0,0,0,0,0,0,0,0,0,0,0,0,0,116497,0,0,0,0,0,0,0,0,64263,0,0,0,0,18652,0,0,0,0,162504,0,0,0,0,0,505268,0,131427,0,0
0,0,0,0,0,0,0,0,0,0,0,0,0,118572,0,0,0,0,0,0,0,0,65178,0,0,0,0,17747,0,0,0,0,162187,0,0,0,0,0,504997,0,129930,0,0
0,0,4,0,0,0,0,0,0,0,0,0,0,129220,0,0,0,0,0,0,0,0,66142,0,0,0,0,19248,0,0,0,0,165920,0,0,0,0,0,493614,0,124463,0,0
0,0,0,0,0,0,0,0,0,0,0,0,0,126056,0,0,0,0,0,0,0,0,71001,0,0,0,0,18025,0,0,0,0,166816,0,0,0,0,0,493753,0,122960,0,0
0,0,1,0,0,0,0,0,0,0,0,0,0,307680,0,0,0,0,0,0,0,0,137023,0,0,0,0,25987,0,0,0,0,205309,0,0,0,0,0,287106,0,35505,0,0
