0,0,0,0,0,0,0,0,0,0,0,0,0,0,0,0,11231,0,5783,0,0,0,0,0,0,0,0,0,0,15642,5178,1718,157562,257680,400982,134151,43680,0,0,0,0,0,0
0,0,0,0,0,0,0,0,0,0,0,0,0,0,0,0,6449,0,2247,0,0,0,0,0,0,0,0,0,0,12501,4019,1932,136026,248784,379157,173154,69338,0,0,0,0,0,0
0,0,0,0,0,0,0,0,0,0,0,0,0,0,0,0,7436,0,2073,0,0,0,0,0,0,0,0,0,0,8673,5507,3238,125241,246988,356797,190505,87149,0,0,0,0,0,0
0,0,0,0,0,0,0,0,0,0,0,0,0,0,0,0,6292,0,1530,0,0,0,0,0,0,0,0,0,0,7639,4774,2790,121946,247924,361620,191551,87541,0,0,0,0,0,0
0,0,0,0,0,0,0,0,0,0,0,0,0,0,0,0,8455,0,1956,0,0,0,0,0,0,0,0,0,0,7073,6168,3922,121339,243029,370041,190307,81317,0,0,0,0,0,0
0,0,0,0,0,0,0,0,0,0,0,0,0,0,43,9,7749,1,1161,855,563,0,0,0,0,0,0,0,0,3058,1937,3792,30420,75703,112005,63531,22405,710375,0,0,0,0,0
0,0,0,0,0,0,0,0,0,0,0,0,0,0,62,0,7052,6,2347,923,724,0,0,0,0,0,0,17,0,2959,2519,4602,20911,71849,101225,74419,25947,718045,0,0,0,0,0
0,0,0,0,0,0,0,0,0,0,0,0,67,0,0,4,6870,81,2444,789,658,0,0,0,13,2,1,0,0,3352,2301,4755,27644,75919,108939,76094,24815,698859,0,0,0,0,0
0,0,0,0,0,0,0,0,0,0,0,0,106,0,0,4,7919,174,2464,922,1082,0,0,0,13,0,105,124,42,2499,2393,5163,26618,72148,97411,73279,25548,715593,0,0,0,0,0
0,0,0,0,0,0,0,0,0,0,0,0,122,0,0,23,10267,438,2034,1649,1264,0,0,0,30,0,129,119,50,3173,2404,5771,21555,66806,89347,68994,23912,735520,0,0,0,0,0
0,0,0,0,0,0,0,0,0,0,0,0,103,0,0,16,6845,208,2141,877,790,0,0,0,24,0,94,105,37,3143,1782,5118,22516,61783,87904,61478,18493,760150,0,0,0,0,0
0,0,0,0,0,0,0,0,0,0,0,0,121,0,5,30,9405,448,1461,1336,717,0,0,0,28,0,115,133,55,2996,2723,5151,26448,73328,107637,70655,23239,707576,0,0,0,0,0
0,0,0,0,0,0,0,0,0,0,0,0,150,0,3,51,8070,293,1796,1077,781,134,0,0,37,0,113,138,46,21,931,252,8747,8243,8114,3862,15395,45507,929846,0,0,0,0
0,0,0,0,0,0,0,0,0,0,0,0,172,0,4,222,7835,276,1886,994,638,100,0,0,35,2,130,138,65,31,650,204,7664,8868,7766,3789,10828,48379,932931,0,0,0,0
0,0,0,0,0,0,0,0,0,0,0,0,209,0,3,209,6793,140,1982,905,464,157,0,0,41,0,125,127,65,27,571,225,8164,7425,7377,3769,11467,43987,939375,0,0,0,0
0,0,0,0,0,0,0,0,0,0,0,0,240,0,8,216,9984,392,2908,1346,1329,118,0,0,51,0,144,151,57,31,653,227,8997,7952,7516,5752,12678,49518,923339,0,0,0,0
0,0,0,0,0,0,0,0,0,0,0,0,204,0,5,132,5546,134,2972,544,723,49,0,0,28,1,114,92,63,36,489,281,6851,7842,4893,5240,9450,43154,944764,0,0,0,0
0,0,0,0,0,0,0,0,0,0,0,0,238,0,2,516,7651,72,3021,1001,856,129,0,0,51,0,122,95,67,38,374,190,5727,8530,5084,6446,6631,45598,941168,0,0,0,0
0,0,0,0,0,0,0,0,0,0,0,0,505,0,13,401,9292,253,3010,2054,1092,228,0,0,82,2,206,135,74,34,483,119,5949,10348,5362,7782,6539,50445,929199,0,0,0,0
0,0,0,0,0,0,0,0,0,0,0,0,397,1,19,517,6631,461,4153,1588,1487,124,0,0,109,0,151,84,85,48,544,191,6830,8582,3374,7342,7769,45168,937952,0,0,0,0
0,0,0,0,0,0,0,0,0,0,0,0,657,1,25,688,4951,2432,4998,6150,5914,2377,0,0,168,11,179,73,103,69,542,184,7297,10002,3964,6455,9449,46892,920026,0,0,0,0
0,0,0,0,0,0,0,0,0,0,0,0,387,0,20,830,4634,218,5272,779,1230,444,0,0,216,19,258,58,79,65,425,290,8434,15587,4167,6721,10292,56803,916379,0,0,0,0
0,0,0,0,0,0,0,0,0,0,0,0,393,0,18,1320,5013,280,4930,906,1287,479,0,0,121,7,158,74,101,62,621,247,7296,9253,4688,9722,11041,51980,119549,804061,0,0,0
0,0,0,0,0,0,0,0,0,0,0,0,325,1,25,1501,3437,230,3721,568,821,358,0,0,108,1,155,89,78,43,577,204,6736,7015,4009,7664,10816,45668,126648,812809,0,0,0
0,0,0,0,0,0,0,0,0,0,0,0,349,0,24,2199,3639,360,4077,752,973,406,0,0,77,1,177,104,75,34,753,191,6968,7548,5203,7650,11410,47143,143734,789760,0,0,0
0,0,0,0,0,0,0,0,0,0,0,0,387,0,26,3199,3984,763,4005,1661,1865,656,0,0,79,1,208,103,76,40,1054,180,7652,8141,6349,7884,12707,48615,156264,767708,0,0,0
0,0,0,0,0,0,0,0,0,0,0,0,386,1,39,2949,3354,669,3291,1322,1462,410,0,0,76,1,152,119,80,44,861,174,7402,7520,5373,7350,12718,46294,155389,776171,0,0,0
0,0,0,0,0,0,0,0,0,0,0,0,377,0,34,2286,2770,568,2615,930,1136,335,0,0,76,1,173,114,76,38,735,163,6766,6555,4639,6472,12165,42958,155531,786094,0,0,0
0,0,0,0,0,0,0,0,0,0,0,0,464,0,70,3489,4047,1164,3824,1915,2270,629,0,0,69,3,192,140,74,35,1063,175,7713,8545,6794,7889,12603,48830,156233,765377,0,0,0
0,0,0,0,0,0,0,0,0,0,0,0,475,0,137,3312,3897,1101,3523,1591,1871,528,0,0,85,1,167,125,64,37,932,164,7945,8060,6066,7740,12887,47599,156040,769260,0,0,0
0,0,0,0,0,0,0,0,0,0,0,0,528,1,178,3683,4092,1386,3707,1827,2132,603,0,0,83,1,194,114,83,50,1009,161,8586,8606,6644,8158,13385,49633,156781,761982,0,0,0
0,0,0,0,0,0,0,0,0,0,0,0,543,0,212,3224,3758,1358,3080,1282,1712,451,0,0,89,3,182,106,68,61,865,156,8701,7895,5808,7749,14440,48113,162215,761536,0,0,0
0,0,0,0,0,0,0,0,0,0,0,0,546,0,251,3044,3442,1476,2822,1049,1639,374,0,0,89,0,190,103,65,55,816,163,8238,7474,5547,7206,14558,46739,164387,763334,0,0,0
0,0,0,0,0,0,0,0,0,0,0,0,548,0,351,3461,4046,1999,3191,1225,2030,487,0,0,106,4,172,119,80,51,1002,163,8595,8309,6357,7850,14700,48432,165530,754799,0,0,0
0,0,0,0,0,0,0,0,0,0,0,0,570,1,344,3240,3907,2168,2797,938,2045,435,0,0,109,2,188,120,88,46,911,183,8491,8059,6248,7568,14677,48140,166409,755923,0,0,0
0,0,0,0,0,0,0,0,0,0,0,0,582,1,370,3054,3552,2130,2438,698,1709,276,0,0,103,7,190,112,76,64,898,180,8158,7691,5718,7517,14016,46744,164912,762411,0,0,0
0,0,0,0,0,0,0,0,0,0,0,0,684,2,560,3964,5063,3739,3245,1020,3062,494,0,0,101,1,200,110,88,57,1166,165,9271,9714,7696,8596,13947,52661,163331,744670,0,0,0
0,0,0,0,0,0,0,0,0,0,0,0,613,2,524,2883,3557,2617,2015,401,1819,191,0,0,118,4,185,98,94,70,842,175,8156,7772,5341,7504,13790,47313,166396,761127,0,0,0
0,0,0,0,0,0,0,0,0,0,0,0,679,1,684,2927,4113,3400,2144,290,2277,196,0,0,105,2,190,98,74,69,1035,161,8497,8098,6082,7700,13924,48658,168243,753960,0,0,0
0,0,0,0,0,0,0,0,0,0,0,0,638,1,711,2511,3666,3201,1581,120,1925,108,0,0,123,4,198,108,81,88,960,172,8053,7399,5600,7080,13416,45712,167454,762697,0,0,0
0,0,0,0,0,0,0,0,0,0,0,0,749,0,1016,3003,4475,4429,1719,84,2857,89,0,0,100,4,205,112,80,80,1042,173,8466,8292,6759,8018,13649,49143,168539,750524,0,0,0
0,0,0,0,0,0,0,0,0,0,0,0,732,0,1024,2724,4207,4457,1486,38,2596,50,0,0,120,7,194,116,83,90,999,186,8662,8305,6304,8019,14323,48112,167712,753061,0,0,0
0,0,0,0,0,0,0,0,0,0,0,0,718,3,1002,2444,3681,3659,1184,9,2058,15,0,0,126,8,222,88,75,98,917,214,8024,7354,5530,7294,13722,46142,164962,764058,0,0,0
0,0,0,0,0,0,0,0,0,0,0,0,719,5,1196,2389,4086,4017,1224,2,2358,10,0,0,136,11,197,99,80,104,969,201,8020,7612,5900,7349,13521,47066,164525,761811,0,0,0
0,0,0,0,0,0,0,0,0,0,0,0,708,4,1109,2023,3664,3361,1016,0,1872,3,0,0,126,10,192,92,76,95,885,208,7434,6728,3206,6306,15456,44701,162595,771737,0,0,0
0,0,0,0,0,0,0,0,0,0,0,0,822,3,1536,2409,4805,4517,1503,0,2824,3,0,0,113,7,204,108,84,112,1039,191,7944,8399,3908,7204,16727,49080,163743,756322,0,0,0
0,0,0,0,0,0,0,0,0,0,0,0,930,3,1994,2657,5837,5804,2193,0,4279,2,0,0,129,9,193,100,93,106,1211,207,9310,9954,4185,8267,18168,54163,164713,739100,0,0,0
0,0,0,0,0,0,0,0,0,0,0,0,806,6,1519,1775,3954,3610,1180,0,2019,0,0,0,170,6,220,95,108,132,815,233,8272,7852,3093,7188,16438,47791,165149,761176,0,0,0
0,0,0,0,0,0,0,0,0,0,0,0,835,7,1576,1465,3759,3390,1182,0,2050,0,0,0,151,12,215,97,89,137,815,224,7604,7415,3216,6737,15839,46029,161412,769351,0,0,0
0,0,0,0,0,0,0,0,0,0,0,0,838,7,1570,1406,3683,3234,1067,0,1927,0,0,0,154,13,199,103,82,144,817,235,7163,6927,3127,6306,15087,44803,158269,776446,0,0,0
0,0,0,0,0,0,0,0,0,0,0,0,858,7,1692,1341,3723,3475,1124,0,2093,0,0,0,147,8,231,103,85,129,881,259,6972,7071,3128,6341,14947,44195,156483,778314,0,0,0
0,0,0,0,0,0,0,0,0,0,0,0,969,7,2059,1631,4461,3995,1404,0,2538,0,0,0,136,10,204,101,69,172,991,265,7500,7993,3359,7007,15758,47023,156149,769806,0,0,0
0,0,0,0,0,0,0,0,0,0,0,0,1031,13,2415,1827,5532,5049,1963,0,3499,0,0,0,144,18,198,98,65,177,1143,316,8499,9363,3891,8025,17497,51070,159964,751810,0,0,0
0,0,0,0,0,0,0,0,0,0,0,0,1011,20,2366,1718,5152,4291,1751,0,2933,0,0,0,163,13,209,96,65,177,1001,341,8589,8771,3594,7687,17224,49184,163337,753914,0,0,0
0,0,0,0,0,0,0,0,0,0,0,0,947,20,2090,1477,4159,3370,1554,0,2272,0,0,0,165,21,215,90,87,210,962,348,7832,7839,3273,6828,16910,46067,166126,760745,0,0,0
0,0,0,0,0,0,0,0,0,0,0,0,977,19,2387,1646,4571,3520,1628,0,2357,0,0,0,158,13,223,127,63,210,1083,375,7792,7989,3701,6894,16859,46982,170353,753680,0,0,0
0,0,0,0,0,0,0,0,0,0,0,0,1014,21,2434,1621,4739,3592,1683,0,2515,0,0,0,163,14,206,100,70,220,1154,350,7931,8002,3742,7161,17065,47018,172562,750230,0,0,0
0,0,0,0,0,0,0,0,0,0,0,0,1033,23,2318,1657,4597,3275,1385,198,2306,0,0,0,166,14,224,44,83,264,951,376,7968,7773,3668,6866,17110,46373,170141,628505,126289,0,0
0,0,0,0,0,0,0,0,0,0,0,0,1114,20,2610,1957,5387,3893,1759,272,2984,0,0,0,158,17,204,51,68,306,1231,469,8243,8488,4123,7199,17994,49048,168362,630669,116981,0,0
0,0,0,0,0,0,0,0,0,0,0,0,1077,30,2578,1849,5238,3535,1698,255,2619,0,0,0,195,23,212,52,93,382,1133,518,8180,8481,3759,7200,17533,48535,165056,644514,108862,0,0
0,0,0,0,0,0,0,0,0,0,0,0,1099,34,2676,2025,5682,3873,1848,277,2896,0,0,0,167,23,216,60,82,390,1153,576,8252,8815,4082,7485,17622,49688,162884,652982,98720,0,0
0,0,0,0,0,0,0,0,0,0,0,0,1061,36,2299,1657,4531,3010,1421,307,2227,0,0,0,185,15,211,57,83,515,980,570,7652,7647,3371,6807,17465,46493,159778,674433,90796,0,0
0,0,0,0,0,0,0,0,0,0,0,0,1114,30,2242,1640,4665,2944,1366,309,2151,0,0,0,183,23,226,67,75,549,949,674,7237,7590,3416,6559,16923,45846,159406,687673,79750,0,0
0,0,0,0,0,0,0,0,0,0,0,0,1156,42,2701,1881,5508,3327,1619,375,2715,0,0,0,192,21,196,74,81,692,1159,702,7502,8445,3772,7042,18170,48521,162327,687050,68337,0,0
0,0,0,0,0,0,0,0,0,0,0,0,1095,50,2288,1497,4352,2806,1279,348,1994,0,0,0,196,24,250,77,87,638,1033,675,7059,7513,3451,6603,17278,45554,163952,705266,58242,0,0
0,0,0,0,0,0,0,0,0,0,0,0,1142,54,2340,1601,4730,2938,1363,399,2081,0,0,0,191,22,227,80,79,539,1068,723,6911,7409,3406,6526,16533,45772,166085,714227,47161,0,0
0,0,0,0,0,0,0,0,0,0,0,0,1270,53,3047,1998,6282,3810,1901,469,3189,0,0,0,163,38,234,77,73,550,1310,816,7622,9202,4061,7685,17834,50377,167068,707861,36617,0,0
0,0,0,0,0,0,0,0,0,0,0,0,1244,47,2580,1645,4951,3140,1497,443,2323,0,0,0,216,29,247,76,72,613,1159,883,7150,8239,3418,7041,16454,47211,163711,730632,28586,0,0
0,0,0,0,0,0,0,0,0,0,0,0,1272,61,2740,1823,5780,3602,1805,491,2987,0,0,0,207,36,213,85,82,627,1258,988,6988,8881,3637,7674,16992,49661,158862,735667,21188,0,0
0,0,0,0,0,0,0,0,0,0,0,0,1252,82,2631,1839,5695,3612,1931,511,2883,0,0,0,184,42,226,128,85,651,1292,1001,6937,9099,3532,7616,16933,50178,155158,745108,15001,0,0
0,0,0,0,0,0,0,0,0,0,0,0,1271,82,2420,1601,5489,3394,1736,509,2531,0,0,0,221,30,204,112,79,692,1220,1081,6816,8835,3314,7785,16572,49562,150630,757160,10261,0,0
0,0,0,0,0,0,0,0,0,0,0,0,1266,89,2409,1623,5073,3041,1457,496,2358,0,0,0,226,45,227,109,91,731,1188,1182,6107,7962,3310,7048,15882,47183,154072,763713,6719,0,0
0,0,0,0,0,0,0,0,0,0,0,0,1256,88,2501,1517,4991,3016,1477,540,2171,0,0,0,238,36,222,138,67,771,1234,1098,5894,7791,3298,6665,15738,46881,154206,767561,4212,0,0
0,0,0,0,0,0,0,0,0,0,0,0,1281,94,2527,1591,4904,2840,1503,506,2016,0,0,0,211,38,225,149,64,877,1280,1167,5692,7570,3396,6600,16166,45747,161161,763702,2300,0,0
0,0,0,0,0,0,0,0,0,0,0,0,1315,110,2811,1772,5295,3179,1621,606,2187,0,0,0,202,53,224,160,74,905,1622,1246,5638,8000,3648,6834,16573,47664,166285,754318,1265,0,0
0,0,0,0,0,0,0,0,0,0,0,0,1294,115,2740,1733,4684,2814,1487,547,1974,0,0,0,226,39,235,148,87,996,1609,1380,5487,7730,3412,6400,16893,46607,168666,755637,667,0,0
0,0,0,0,0,0,0,0,0,0,0,0,1347,115,2620,1704,4919,2903,1482,629,1915,0,0,0,213,45,228,157,86,1016,1536,1377,5228,7524,3654,6273,16978,45856,168163,757329,310,0,0
0,0,0,0,0,0,0,0,0,0,0,0,1387,111,2751,1740,4819,2949,1681,660,1965,0,0,0,194,42,253,148,61,1119,1809,1594,5048,7829,3748,6245,16876,46389,166029,758004,156,0,0
0,0,0,0,0,0,0,0,0,0,0,0,1423,148,2854,1872,5306,3093,1798,700,2097,0,0,0,201,45,228,169,70,1134,1778,1634,5003,8112,3930,6444,16743,46866,166049,755826,84,0,0
0,0,0,0,0,0,0,0,0,0,0,0,1401,135,2734,1851,5308,3019,1710,681,1982,0,0,0,258,66,230,211,87,1262,1844,1776,4888,8239,3902,6392,16208,47222,161052,761101,48,0,0
0,0,0,0,0,0,0,0,0,0,0,0,1412,150,2774,1826,5061,2892,1728,767,1857,0,0,0,222,56,250,237,91,1243,1843,1838,4549,7975,3681,6325,15806,47040,162649,761308,27,0,0
0,0,0,0,0,0,0,0,0,0,0,0,1375,163,2450,1541,4381,2546,1427,740,1618,0,0,0,243,71,232,193,78,1249,1691,1895,3974,7438,3472,5855,15126,44454,160290,771089,16,0,0
0,0,0,0,0,0,0,0,0,0,0,0,1474,177,3110,2060,6023,3366,1984,953,2294,0,0,0,212,58,232,229,80,1342,2041,2297,4251,9043,4181,7154,16468,49263,158467,756839,9,0,0
0,0,0,0,0,0,0,0,0,0,0,0,1440,181,2849,1722,5057,2952,1689,880,1827,0,0,0,256,83,237,291,74,1449,1917,2323,4006,8378,3652,6448,15624,47096,158448,764723,5,0,0
0,0,0,0,0,0,0,0,0,0,0,0,1511,184,2745,1665,4756,2889,1574,831,1710,0,0,0,225,70,226,269,91,1425,1914,2405,3370,7627,3491,6225,15344,45375,159032,768650,3,0,0
0,0,0,0,0,0,0,0,0,0,0,0,1449,214,2780,1552,4588,2861,1614,842,1586,0,0,0,238,73,249,268,101,1415,1864,2495,3239,7601,3454,6046,15068,44982,159926,769101,1,0,0
0,0,0,0,0,0,0,0,0,0,0,0,1511,234,3026,1816,5327,3322,1812,967,1872,0,0,0,238,82,233,286,85,1414,2045,2705,3101,8525,3860,6572,15751,47140,164098,757585,0,0,0
0,0,0,0,0,0,0,0,0,0,0,0,1501,223,2925,1737,4708,3092,1634,961,1571,0,0,0,266,73,240,346,88,1579,2077,2806,2844,8088,3673,6228,15363,45174,167910,758500,0,0,0
0,0,0,0,0,0,0,0,0,0,0,0,1497,210,2723,1634,4316,2767,1493,933,1277,0,0,0,262,86,245,366,112,1543,1967,2862,2495,7411,3513,5838,15254,43641,169904,761258,0,0,0
0,0,0,0,0,0,0,0,0,0,0,0,1551,218,2871,1650,4417,2871,1537,980,1358,0,0,0,228,72,281,418,82,1463,1962,2733,2386,7402,3566,5748,15092,44135,168194,762392,0,0,0
0,0,0,0,0,0,0,0,0,0,0,0,1614,261,3541,2085,5946,3797,2175,1342,1998,0,0,0,261,78,239,424,108,1603,2561,3238,2682,9494,4353,6744,16653,49664,167572,745174,0,0,0
0,0,0,0,0,0,0,0,0,0,0,0,1522,278,3320,1901,5362,3370,1944,1211,1531,0,0,0,286,96,271,438,92,1712,2463,3409,2438,9066,3802,6603,15740,47843,164797,754112,0,0,0
0,0,0,0,0,0,0,0,0,0,0,0,1639,293,2995,1707,4895,3161,1801,1169,1357,0,0,0,251,91,238,478,109,1690,2352,3279,2075,8606,3587,6158,15119,46013,163174,761370,0,0,0
0,0,0,0,0,0,0,0,0,0,0,0,1624,322,3391,1948,5600,3642,2097,1356,1458,0,0,0,264,100,261,464,71,1697,2573,3513,2139,9110,4050,6850,15746,47902,164327,753102,0,0,0
0,0,0,0,0,0,0,0,0,0,0,0,1642,360,3148,1909,5076,3249,1913,1286,1200,0,0,0,256,103,276,478,123,1766,2555,3213,1862,8535,3746,6299,15540,46431,167323,755318,0,0,0
0,0,0,0,0,0,0,0,0,0,0,0,1639,320,3311,1991,5386,3277,1976,1471,1229,0,0,0,308,110,274,549,106,1752,2660,3601,1846,9013,4037,6467,15550,47170,169130,750434,0,0,0
0,0,0,0,0,0,0,0,0,0,0,0,1674,372,3498,2064,5571,3521,2133,1536,1210,0,0,0,269,103,282,591,110,1824,2801,3545,1836,9048,4183,6676,16099,47561,171967,745133,0,0,0
0,0,0,0,0,0,0,0,0,0,0,0,1646,353,3688,2056,5407,3503,2070,1478,1118,0,0,0,321,120,287,605,108,1816,2786,3818,1717,8952,4199,6607,15897,47538,171266,746251,0,0,0
0,0,0,0,0,0,0,0,0,0,0,0,1702,384,3795,1948,5055,3329,1813,1505,934,0,0,0,303,121,276,689,125,1800,2684,3571,1585,8697,4148,6209,15751,46290,173167,747726,0,0,0
0,0,0,0,0,0,0,0,0,0,0,0,1683,395,3508,1826,4559,3032,1608,1429,853,0,0,0,309,151,273,732,128,1910,2694,3254,1425,8031,4083,5731,15133,44971,169447,756442,0,0,0
0,0,0,0,0,0,0,0,0,0,0,0,1663,371,4230,2190,5534,3753,2086,1754,963,0,0,0,325,111,272,809,137,1902,2913,3703,1639,8858,4572,6486,15822,47898,167361,748255,0,0,0
0,0,0,0,0,0,0,0,0,0,0,0,1688,471,4386,2290,5874,3909,2320,1773,926,0,0,0,341,129,299,875,132,2002,3054,3830,1554,9700,4602,6789,16009,49305,166056,745293,0,0,0
0,0,0,0,0,0,0,0,0,0,0,0,1725,502,4625,2395,6056,3977,2420,1959,912,0,0,0,323,134,291,979,121,2098,3212,3906,1498,10170,4554,6774,16159,50274,166550,741993,0,0,0
0,0,0,0,0,0,0,0,0,0,0,0,1774,491,4873,2456,6471,4028,3022,2228,925,0,0,0,326,152,305,1105,134,2232,3508,4213,1577,10470,4738,7189,16573,50805,165108,738904,0,0,0
0,0,0,0,0,0,0,0,0,0,0,0,1770,505,4157,2151,5187,3169,2371,1621,561,0,0,0,355,149,318,1105,149,2168,3298,3612,1307,9358,4276,6211,15703,46820,168623,748663,0,0,0
0,0,0,0,0,0,0,0,0,0,0,0,1816,523,4470,2227,5559,3484,2585,1868,550,0,0,0,324,146,312,1127,167,2090,3198,3625,1472,9140,4762,6527,15284,47647,169330,745374,0,0,0
0,0,0,0,0,0,0,0,0,0,0,0,1788,503,4439,2282,5457,3566,2613,1824,470,0,0,0,382,156,311,1130,139,2040,3243,3631,1387,9341,4914,6386,15071,47412,172330,742792,0,0,0
0,0,0,0,0,0,0,0,0,0,0,0,1772,537,4310,2222,5145,3506,2461,1829,379,0,0,0,412,161,323,1136,156,1905,3193,3326,1379,8973,4770,6139,14321,46249,170240,748763,0,0,0
0,0,0,0,0,0,0,0,0,0,0,0,1779,573,4164,2275,5143,3459,2320,1773,342,0,0,0,357,163,327,1154,189,1827,3134,3213,1336,8521,4678,5966,13753,45398,167759,754004,0,0,0
0,0,0,0,0,0,0,0,0,0,0,0,1873,578,4219,2363,5101,3481,2361,1842,283,0,0,0,358,178,320,1174,172,1849,3125,3222,1266,8646,4755,5953,13701,45368,163077,758342,0,0,0
0,0,0,0,0,0,0,0,0,0,0,0,1850,604,4258,2385,5323,3630,2441,1911,251,0,0,0,392,188,356,1200,215,1857,3122,3194,1366,8771,5008,6185,13552,45901,161763,757884,0,0,0
0,0,0,0,0,0,0,0,0,0,0,0,1903,710,4729,2712,6072,4175,2849,2261,277,0,0,0,385,163,312,1330,204,1958,3619,3475,1552,9727,5572,6878,14648,49428,163883,744785,0,0,0
0,0,0,0,0,0,0,0,0,0,0,0,1912,732,4830,2767,6303,4348,2974,2261,230,0,0,0,410,164,400,1446,205,2118,3835,3452,1621,10145,5577,7219,15028,49493,165592,740545,0,0,0
0,0,0,0,0,0,0,0,0,0,0,0,2029,787,4810,2795,6579,4295,2862,2509,215,0,0,0,376,188,387,1486,245,2185,3566,3820,1560,10389,5469,7130,15181,50423,165432,738889,0,0,0
0,0,0,0,0,0,0,0,0,0,0,0,1987,826,4625,2831,6431,4184,2765,2313,154,0,0,0,406,206,349,1647,252,2383,3616,3681,1466,10378,5409,7361,14831,50098,164042,741366,0,0,0
0,0,0,0,0,0,0,0,0,0,0,0,1923,882,4754,2873,6418,4387,2785,2463,142,0,0,0,434,244,392,1711,235,2318,3654,3557,1602,10204,5341,7530,14891,50644,163875,740348,0,0,0
0,0,0,0,0,0,0,0,0,0,0,0,1952,853,4323,2620,5575,3850,2273,1919,90,0,0,0,442,231,400,1612,248,2343,3347,3323,1430,9346,5098,6958,14048,47402,166258,747666,0,0,0
0,0,0,0,0,0,0,0,0,0,0,0,1963,930,4248,2664,5669,3792,2179,1947,92,0,0,0,436,262,384,1733,225,2206,3334,3029,1513,8610,5298,6851,13803,46470,167302,748667,0,0,0
0,0,0,0,0,0,0,0,0,0,0,0,2031,1013,4690,2982,6365,4194,2513,2304,78,0,0,0,463,244,391,1901,263,2271,3651,3226,1703,9644,5712,7672,14795,49689,168537,737275,0,0,0
0,0,0,0,0,0,0,0,0,0,0,0,2120,931,4164,2792,5394,3575,2034,1753,54,0,0,0,482,235,394,1795,264,2194,3419,3011,1411,8586,5353,6836,13306,45625,170295,747584,0,0,0
0,0,0,0,0,0,0,0,0,0,0,0,2187,969,4102,2709,5327,3468,1954,1684,51,0,0,0,461,258,401,1772,281,2072,3263,2845,1359,8099,5455,6606,12931,45095,168647,751611,0,0,0
0,0,0,0,0,0,0,0,0,0,0,0,2254,930,4372,2851,5508,3454,1996,1727,44,0,0,0,451,253,444,1973,257,2031,3407,2764,1410,8093,5671,6567,12763,44869,167935,751583,0,0,0
0,0,0,0,0,0,0,0,0,0,0,0,2237,1049,4689,3167,5998,3877,2187,2064,31,0,0,0,480,270,444,2014,282,2158,3612,2840,1532,8755,5948,7164,13365,47402,166266,745776,0,0,0
0,0,0,0,0,0,0,0,0,0,0,0,2172,1087,4507,3153,6039,3792,2015,1898,20,0,0,0,472,290,446,2219,307,2253,3553,2865,1514,8621,5718,7094,12797,47203,163586,749986,0,0,0
0,0,0,0,0,0,0,0,0,0,0,0,2211,1110,4455,3224,6049,3832,2084,1884,23,0,0,0,497,345,451,2330,310,2208,3572,2726,1491,8933,5901,7233,12325,47397,161586,751430,0,0,0
0,0,0,0,0,0,0,0,0,0,0,0,2199,1165,4146,3070,5605,3399,1808,1612,17,0,0,0,503,340,473,2248,341,2053,3279,2526,1361,8213,5560,6864,11434,45008,157146,763237,0,0,0
0,0,0,0,0,0,0,0,0,0,0,0,2281,1281,4646,3497,6564,4091,2073,2011,17,0,0,0,496,386,498,2421,367,2252,3639,2462,1575,9134,6200,7556,12147,48790,155972,740083,13168,0,0
0,0,0,0,0,0,0,0,0,0,0,0,2306,1233,4380,3413,6073,3687,1805,1567,13,0,0,0,512,389,553,2537,356,2314,3533,2311,1464,8610,5917,7245,11540,46903,156296,746073,12577,0,0
0,0,0,0,0,0,0,0,0,0,0,0,2293,1365,4202,3240,5856,3448,1724,1591,10,0,0,0,514,389,518,2563,348,2179,3413,2213,1415,8208,5912,7063,11210,45375,157771,748797,11990,0,0
0,0,0,0,0,0,0,0,0,0,0,0,2367,1356,4172,3260,5538,3259,1559,1413,7,0,0,0,551,391,534,2417,376,2124,3252,2101,1431,7802,5785,7019,10743,44339,159076,750574,12161,0,0
0,0,0,0,0,0,0,0,0,0,0,0,2457,1479,4894,3782,6800,4006,2005,1776,5,0,0,0,632,399,505,2761,396,2139,3877,2317,1680,9103,6676,8031,12301,49741,165251,728722,11872,0,0
0,0,0,0,0,0,0,0,0,0,0,0,2367,1541,4778,3756,6423,3590,1882,1554,7,0,0,0,595,435,536,2933,405,2259,3727,2195,1659,8808,6898,7736,11593,48092,169095,729535,11208,0,0
0,0,0,0,0,0,0,0,0,0,0,0,2462,1587,4974,3721,6650,3545,1907,1563,3,0,0,0,594,460,573,3118,450,2226,3904,2186,1779,8647,7149,7909,11583,48131,171845,725615,11026,0,0
0,0,0,0,0,0,0,0,0,0,0,0,2532,1751,5181,3939,6869,3755,1817,1643,3,0,0,0,621,471,596,3139,426,2317,3975,2233,1861,8767,7400,8325,11832,48895,173605,720994,10660,0,0
0,0,0,0,0,0,0,0,0,0,0,0,2594,1772,5091,3973,6972,3613,1800,1536,2,0,0,0,608,521,561,3353,438,2349,4193,2153,1935,8836,7493,8412,11406,48719,171705,723545,10027,0,0
0,0,0,0,0,0,0,0,0,0,0,0,2618,1839,4806,4057,6908,3641,1641,1429,4,0,0,0,658,503,638,3377,499,2346,4009,2178,1821,8574,7525,8244,10756,48407,168063,729468,9598,0,0
0,0,0,0,0,0,0,0,0,0,0,0,2642,1791,4352,3833,6231,3084,1324,1220,1,0,0,0,646,519,694,3314,458,2294,3572,2043,1576,7665,7040,7609,9604,45477,165567,741995,9056,0,0
0,0,0,0,0,0,0,0,0,0,0,0,2677,1962,4502,4188,6893,3395,1498,1301,3,0,0,0,710,502,646,3358,465,2187,3727,2019,1765,7925,7304,8028,9647,47096,165939,737009,8861,0,0
0,0,0,0,0,0,0,0,0,0,0,0,2800,1995,4329,4301,6738,3404,1360,1317,0,0,0,0,705,509,710,3527,465,2246,3673,2095,1797,8069,7190,8263,9503,47326,164066,738633,8586,0,0
0,0,0,0,0,0,0,0,0,0,0,0,2857,2090,4316,4203,6463,3147,1278,1183,1,0,0,0,695,546,725,3533,512,2100,3463,1942,1750,7619,7079,7781,8842,45798,165964,741633,8087,0,0
0,0,0,0,0,0,0,0,0,0,0,0,2832,2213,4496,4674,7081,3445,1300,1259,0,0,0,0,743,558,743,3616,516,2223,3592,1977,1901,8105,7325,8457,9084,47251,166037,736493,7686,0,0
0,0,0,0,0,0,0,0,0,0,0,0,2955,2274,4619,4622,7086,3368,1397,1180,0,0,0,0,754,615,758,3772,523,2165,3547,1989,1833,7976,7707,8524,8770,47478,166330,736314,7051,0,0
0,0,0,0,0,0,0,0,0,0,0,0,2927,2428,5064,5319,8040,3792,1522,1386,0,0,0,0,794,665,765,4129,579,2297,3852,2018,2022,9014,8187,9547,9606,50801,169111,723006,6736,0,0
0,0,0,0,0,0,0,0,0,0,0,0,2935,2412,4646,4901,7255,3222,1283,1105,0,0,0,0,792,684,913,4244,601,2322,3636,1950,1836,8246,7683,8983,8678,48532,166927,733334,6487,0,0
0,0,0,0,0,0,0,0,0,0,0,0,2991,2621,4793,5192,7411,3331,1263,1119,0,0,0,0,794,674,848,4356,637,2225,3613,1987,2036,8302,8118,8980,8611,49152,168017,730636,5900,0,0
0,0,0,0,0,0,0,0,0,0,0,0,2991,2818,5583,6138,8717,3973,1646,1373,0,0,0,0,913,722,923,4695,691,2279,4176,2166,2404,9335,9045,10088,9851,52715,171097,713794,5474,0,0
0,0,0,0,0,0,0,0,0,0,0,0,3104,2841,4981,5511,7756,3348,1275,1056,0,0,0,0,847,777,921,4788,674,2438,3864,2180,2081,8342,8621,9548,8644,50122,174272,720607,5009,0,0
0,0,0,0,0,0,0,0,0,0,0,0,3259,2990,5462,6066,8507,3835,1441,1175,0,0,0,0,920,781,933,4808,714,2412,4036,2277,2282,8810,9184,10084,9286,52134,175804,711782,4625,0,0
0,0,0,0,0,0,0,0,0,0,0,0,3273,2971,4816,5634,7329,2982,1042,833,0,0,0,0,911,851,1025,4917,690,2325,3720,2410,2029,7706,8771,9367,8416,48929,177759,720806,4095,0,0
0,0,0,0,0,0,0,0,0,0,0,0,3443,3159,5104,6038,8182,3452,1177,925,0,0,0,0,968,867,1053,4970,713,2208,3808,2328,2152,8352,9001,9524,8882,50230,176080,717338,3653,0,0
0,0,0,0,0,0,0,0,0,0,0,0,3429,3309,5099,6110,8217,3391,1137,924,0,0,0,0,971,847,1073,5089,769,2253,3808,2431,2198,8311,9006,9571,8812,50444,175295,717746,3367,0,0
0,0,0,0,0,0,0,0,0,0,0,0,3576,3393,5452,6589,8858,3783,1284,944,0,0,0,0,1016,957,1163,5327,796,2293,4134,2496,2450,8898,9437,10338,9134,52863,175532,710040,2854,0,0
0,0,0,0,0,0,0,0,0,0,0,0,3562,3438,4742,6047,7274,2854,884,648,0,0,0,0,1056,947,1193,5205,836,2157,3588,2558,2138,7459,8988,9554,7836,49292,177873,720873,2605,0,0
0,0,0,0,0,0,0,0,0,0,0,0,3781,3552,5024,6405,7677,3118,1012,682,0,0,0,0,1126,1013,1201,5253,856,2071,3558,2447,2328,7792,9282,9898,7937,51080,176882,717327,2305,0,0
0,0,0,0,0,0,0,0,0,0,0,0,3840,3635,5012,6517,7454,2962,859,632,0,0,0,0,1163,1071,1218,5160,945,2133,3428,2477,2276,7484,9492,9608,7821,51753,177245,717434,1988,0,0
0,0,0,0,0,0,0,0,0,0,0,0,3996,3866,5261,7005,8260,3309,948,663,0,0,0,0,1279,1154,1350,5489,946,2202,3646,2648,2667,8423,10052,10376,8447,54572,176479,708835,1734,0,0
0,0,0,0,0,0,0,0,0,0,0,0,4104,4108,5599,7444,8487,3548,996,650,0,0,0,0,1277,1143,1462,6036,1027,2258,3728,2861,2675,8685,10282,10744,8687,56960,176483,702900,1463,0,0
0,0,0,0,0,0,0,0,0,0,0,0,4085,4384,5909,7867,9312,3770,974,756,0,0,0,0,1376,1277,1468,6211,1003,2206,3831,2836,2756,9009,10599,11267,8931,59154,176804,696506,1316,0,0
0,0,0,0,0,0,0,0,0,0,0,0,4046,4519,5549,7762,8792,3518,912,617,0,0,0,0,1395,1301,1586,6482,972,2281,3791,2937,2713,8778,10354,11270,8319,59578,174983,700045,1107,0,0
0,0,0,0,0,0,0,0,0,0,0,0,4007,4609,5813,8082,8973,3462,949,598,0,0,0,0,1403,1294,1625,6541,1045,2310,3834,2839,2720,8776,10384,11549,7895,60248,174795,698866,990,0,0
0,0,0,0,0,0,0,0,0,0,0,0,4194,4778,5946,8498,9255,3561,876,572,0,0,0,0,1394,1490,1591,6644,1072,2245,3908,2836,2688,8889,10240,11781,8015,61228,171563,699543,800,0,0
0,0,0,0,0,0,0,0,0,0,0,0,4108,4628,5088,7768,7485,2533,623,406,0,0,0,0,1380,1397,1634,6306,1099,2173,3393,2720,2432,7550,9532,10568,6989,54420,174856,698787,15732,0,0
0,0,0,0,0,0,0,0,0,0,0,0,4200,4799,5227,8309,8006,2822,580,407,0,0,0,0,1497,1516,1647,6207,1041,2051,3183,2449,2591,7594,9654,10961,7190,55599,170261,701200,14616,0,0
0,0,0,0,0,0,0,0,0,0,0,0,4357,4952,5131,8442,7886,2616,581,373,0,0,0,0,1462,1597,1681,6136,1101,1950,3100,2570,2488,7349,9664,10926,7010,54727,169673,704470,13365,0,0
0,0,0,0,0,0,0,0,0,0,0,0,4340,5130,5032,8279,7367,2492,517,324,0,0,0,0,1567,1628,1827,6127,1158,1842,2975,2625,2535,7125,9553,10452,6813,53503,171436,706883,12077,0,0
0,0,0,0,0,0,0,0,0,0,0,0,4476,5307,5229,8590,7520,2436,496,288,0,0,0,0,1617,1654,1881,6084,1135,1840,3031,2622,2696,7323,9759,10571,6859,53895,173526,703974,10798,0,0
0,0,0,0,0,0,0,0,0,0,0,0,4712,5610,5455,9086,7801,2555,472,228,0,0,0,0,1625,1684,1969,6181,1195,1874,3208,2755,2778,7644,10355,10628,7284,55235,176852,697115,9306,0,0
0,0,0,0,0,0,0,0,0,0,0,0,4849,5776,5588,9526,8359,2802,505,265,0,0,0,0,1753,1877,2219,6321,1292,1877,3233,3079,2791,8152,11026,11272,7257,56620,182051,686838,8279,0,0
0,0,0,0,0,0,0,0,0,0,0,0,4642,5631,5423,9269,7227,2229,431,203,0,0,0,0,1806,1908,2199,6388,1273,1887,3095,3028,2629,7130,11126,10596,6684,55063,185760,690710,7270,0,0
0,0,0,0,0,0,0,0,0,0,0,0,4636,5891,5527,9756,7585,2243,438,205,0,0,0,0,1815,1940,2217,6307,1237,1818,3229,2894,2786,7147,11254,10543,7641,56650,186338,687099,6411,0,0
0,0,0,0,0,0,0,0,0,0,0,0,4783,5989,5429,9703,7228,2074,374,193,0,0,0,0,1830,2005,2307,6233,1210,1712,3091,2863,2733,7160,11000,10434,7349,56738,185671,689721,5777,0,0
0,0,0,0,0,0,0,0,0,0,0,0,4736,6038,5426,9900,7040,2004,338,171,0,0,0,0,1968,2141,2372,6260,1238,1707,2988,2621,2803,6834,10747,10131,7568,56995,184334,692360,4887,0,0
0,0,0,0,0,0,0,0,0,0,0,0,4887,6296,5501,10272,7131,1945,318,141,0,0,0,0,1924,2175,2409,6195,1239,1613,2819,2377,2792,6874,10477,10067,7397,57539,182798,694190,4231,0,0
0,0,0,0,0,0,0,0,0,0,0,0,5039,6320,5448,9996,6729,1695,265,127,0,0,0,0,2120,2199,2406,6166,1235,1561,2668,2383,2654,6809,10285,9939,6950,57849,185707,693517,3540,0,0
0,0,0,0,0,0,0,0,0,0,0,0,5197,6775,6211,11458,8187,2139,355,113,0,0,0,0,2144,2451,2758,6559,1268,1641,2974,2484,3108,8208,11296,10942,8154,61827,189437,674849,3072,0,0
0,0,0,0,0,0,0,0,0,0,0,0,5136,6728,6082,11291,7388,1817,284,114,0,0,0,0,2293,2498,2834,6741,1352,1560,2923,2611,3113,7505,11354,10934,7304,61382,192086,675619,2658,0,0
0,0,0,0,0,0,0,0,0,0,0,0,5303,6835,6358,11522,7552,1869,271,87,0,0,0,0,2320,2572,2940,6876,1321,1527,2914,2672,3101,7746,11661,11076,7396,61865,194448,671168,2207,0,0
0,0,0,0,0,0,0,0,0,0,0,0,5270,6769,5977,11373,6880,1472,254,72,0,0,0,0,2492,2574,3025,6531,1249,1463,2727,2641,3045,7158,11489,10529,6881,60845,195109,675888,1894,0,0
0,0,0,0,0,0,0,0,0,0,0,0,5518,7026,6409,12231,7491,1675,246,78,0,0,0,0,2614,2752,3206,6708,1266,1449,3049,2703,3151,7843,12160,11139,7727,64346,195291,665983,1546,0,0
0,0,0,0,0,0,0,0,0,0,0,0,5547,7113,6392,12328,7098,1512,195,75,0,0,0,0,2699,2750,3313,6902,1333,1454,2894,2669,3054,8053,12025,10716,7237,64754,193790,668349,1355,0,0
0,0,0,0,0,0,0,0,0,0,0,0,5732,7296,6178,12236,6719,1431,184,58,0,0,0,0,2763,2806,3509,6470,1390,1407,2605,2489,2977,7861,11283,10351,7073,65826,192898,670908,1157,0,0
0,0,0,0,0,0,0,0,0,0,0,0,5847,7667,6819,13104,7768,1654,194,56,0,0,0,0,2919,2921,3471,6806,1339,1386,2750,2556,3099,8819,12039,10828,7875,69216,191385,662156,933,0,0
0,0,0,0,0,0,0,0,0,0,0,0,5765,7605,6588,12787,6883,1253,142,40,0,0,0,0,2980,3051,3721,6616,1390,1344,2689,2547,3054,7985,11602,10546,7166,68324,190949,667798,782,0,0
0,0,0,0,0,0,0,0,0,0,0,0,5795,7807,6867,13226,7012,1254,150,46,0,0,0,0,3041,3061,3727,6636,1352,1273,2590,2520,3132,8390,11553,10420,7208,69895,191155,664840,657,0,0
0,0,0,0,0,0,0,0,0,0,0,0,5856,8079,6856,13514,6977,1179,139,33,0,0,0,0,3205,3116,3777,6533,1408,1249,2546,2483,3078,8170,11675,10397,7227,70578,192990,661978,564,0,0
0,0,0,0,0,0,0,0,0,0,0,0,5684,7993,6593,13220,5974,942,119,25,0,0,0,0,3195,3159,3819,6102,1318,1132,2346,2260,2994,7763,11024,9708,6805,69815,193559,667603,455,0,0
0,0,0,0,0,0,0,0,0,0,0,0,5960,8409,7079,14436,7170,1071,130,26,0,0,0,0,3357,3338,4082,6539,1351,1139,2572,2269,3209,8996,12116,10463,7715,74297,193185,654306,392,0,0
0,0,0,0,0,0,0,0,0,0,0,0,5933,8395,7078,14052,6682,914,108,26,0,0,0,0,3575,3393,4170,6582,1359,1093,2449,2220,3181,8675,11536,10312,7464,73702,192028,658371,309,0,0
0,0,0,0,0,0,0,0,0,0,0,0,5793,8485,6984,13793,6154,851,92,24,0,0,0,0,3703,3410,4210,6352,1307,981,2413,2039,3047,8366,11297,9738,6854,72834,191394,663251,235,0,0
0,0,0,0,0,0,0,0,0,0,0,0,5821,8370,7097,13895,5676,687,88,17,0,0,0,0,3572,3369,4045,5903,1331,989,2169,1970,2882,8166,10947,9124,6727,73415,192254,664923,170,0,0
0,0,0,0,0,0,0,0,0,0,0,0,6019,8649,7427,14506,6141,737,73,23,0,0,0,0,3735,3394,4494,5809,1342,918,2235,1952,3122,8928,11173,9412,7108,77214,193243,655831,122,0,0
0,0,0,0,0,0,0,0,0,0,0,0,6068,8645,7516,14195,5615,623,78,9,0,0,0,0,3904,3285,4378,5621,1347,884,2140,1985,3068,8754,11005,9180,6999,77210,194997,656019,82,0,0
0,0,0,0,0,0,0,0,0,0,0,0,6516,9700,8224,16104,7166,783,62,17,0,0,0,0,4193,3644,4888,6382,1366,1005,2614,2084,3690,10662,12589,11184,8303,84840,196495,631040,56,0,0
0,0,0,0,0,0,0,0,0,0,0,0,6488,9619,8001,15789,6427,605,73,12,0,0,0,0,4453,3791,4977,6240,1536,1029,2454,2226,3611,9914,12382,10842,7855,83501,199993,631755,34,0,0
0,0,0,0,0,0,0,0,0,0,0,0,6594,9808,8267,16133,6495,564,57,5,0,0,0,0,4599,3860,5197,6334,1632,1018,2599,2286,3900,10179,13008,11314,8074,84570,204731,622364,19,0,0
0,0,0,0,0,0,0,0,0,0,0,0,6695,9825,8106,15867,5857,470,54,6,0,0,0,0,4622,3930,5315,6256,1559,929,2567,2388,3919,9881,12868,10799,7809,85392,209756,618717,20,0,0
0,0,0,0,0,0,0,0,0,0,0,0,6894,9768,8471,16123,5952,453,48,4,0,0,0,0,4716,3899,5266,6178,1557,953,2412,2443,3994,10114,13001,10669,7951,87127,211223,614380,11,0,0
0,0,0,0,0,0,0,0,0,0,0,0,6704,9977,8467,16226,5491,408,48,3,0,0,0,0,4937,3837,5326,6039,1491,900,2282,2372,3923,10317,12948,10073,7666,88338,213307,612512,15,0,0
0,0,0,0,0,0,0,0,0,0,0,0,6832,10431,8894,16791,5881,384,46,3,0,0,0,0,5056,4017,5529,6024,1562,825,2340,2224,4344,10827,12976,10429,9056,90562,214894,603676,4,0,0
0,0,0,0,0,0,0,0,0,0,0,0,6697,10332,8620,16431,5283,326,33,5,0,0,0,0,5261,4067,5535,5728,1340,804,2327,2040,4039,10355,12500,9984,8604,91212,216927,605149,8,0,0
0,0,0,0,0,0,0,0,0,0,0,0,6788,10656,9024,16472,5243,284,35,5,0,0,0,0,5268,4111,5745,5692,1365,730,2211,1964,4174,10406,12536,9767,9330,92746,219541,599509,5,0,0
0,0,0,0,0,0,0,0,0,0,0,0,6756,10738,9047,16441,5068,246,31,1,0,0,0,0,5434,4252,5712,5587,1353,740,2185,2014,4129,10478,12381,9361,8978,94584,221900,596186,5,0,0
0,0,0,0,0,0,0,0,0,0,0,0,6850,10856,9363,16928,5169,264,29,2,0,0,0,0,5510,4332,5886,5667,1363,707,2079,1828,4002,10963,13087,9499,8607,98131,220617,591864,4,0,0
0,0,0,0,0,0,0,0,0,0,0,0,6844,10614,9443,16306,4630,215,26,1,0,0,0,0,5484,4218,5837,5352,1312,646,1808,1893,3760,10674,12274,8807,8186,99285,220610,595377,5,0,0
0,0,0,0,0,0,0,0,0,0,0,0,7066,10925,9983,17411,4927,195,22,1,0,0,0,0,5791,4238,5941,5383,1319,664,2028,1910,3926,11905,12507,9046,8304,104196,220067,585850,2,0,0
0,0,0,0,0,0,0,0,0,0,0,0,7073,11093,10183,17389,4829,174,13,0,0,0,0,0,5965,4327,6206,5373,1340,629,2043,1832,3938,11972,12184,9196,8092,106195,223151,580408,2,0,0
0,0,0,0,0,0,0,0,0,0,0,0,7163,11345,10566,17963,4967,168,12,1,0,0,0,0,6128,4369,6437,5432,1409,610,2067,1864,4131,12407,12585,9506,8378,109535,225392,571167,5,0,0
0,0,0,0,0,0,0,0,0,0,0,0,6894,11133,10406,17120,4247,125,11,0,0,0,0,0,6332,4266,6372,5098,1319,592,1797,1831,4008,11890,12114,8671,7952,111141,228108,572179,1,0,0
0,0,0,0,0,0,0,0,0,0,0,0,7023,11029,10670,17421,4265,122,13,0,0,0,0,0,6222,4248,6223,4711,1283,544,1727,1723,3919,11943,11768,8473,8045,114915,228837,568482,1,0,0
0,0,0,0,0,0,0,0,0,0,0,0,7162,11334,11009,18103,4234,98,6,1,0,0,0,0,6311,4313,6442,4882,1285,526,1851,1840,3834,12674,11887,8455,8164,118137,229816,561236,7,0,0
0,0,0,0,0,0,0,0,0,0,0,0,7231,11504,11412,18473,4283,104,5,1,0,0,0,0,6557,4575,6757,5040,1286,551,1962,1844,4055,13214,12408,8772,8289,122591,229622,553069,2,0,0
0,0,0,0,0,0,0,0,0,0,0,0,7135,11616,11372,18293,4033,91,4,1,0,0,0,0,6698,4436,6749,4847,1279,492,1735,1763,4022,12978,12044,8286,7970,123718,232218,551826,1,0,0
0,0,0,0,0,0,0,0,0,0,0,0,7073,11392,11168,17251,3521,56,5,1,0,0,0,0,6630,4357,6777,4441,1192,518,1592,1804,3742,12472,11260,7796,7587,125884,235865,551221,2,0,0
0,0,0,0,0,0,0,0,0,0,0,0,7314,11874,11690,17927,3841,67,3,1,0,0,0,0,6915,4396,6793,4565,1214,429,1780,1808,3968,13637,11365,7791,8038,130743,238643,538805,0,0,0
0,0,0,0,0,0,0,0,0,0,0,0,7451,12496,12406,18881,3959,74,3,0,0,0,0,0,7363,4632,7087,4691,1191,439,1870,1867,4195,14600,12159,8123,8419,135411,241442,524846,2,0,0
0,0,0,0,0,0,0,0,0,0,0,0,7497,12657,12966,18940,3904,62,2,0,0,0,0,0,7786,4697,7178,4741,1267,471,1911,1941,4458,14852,12322,8232,8680,138128,245234,515680,1,0,0
0,0,0,0,0,0,0,0,0,0,0,0,7821,12634,13287,19254,3746,49,3,0,0,0,0,0,7693,4885,7423,4827,1205,446,1896,1924,4566,15294,12503,8399,8740,141068,248495,507449,0,0,0
0,0,0,0,0,0,0,0,0,0,0,0,7716,12682,13606,19464,3621,42,2,0,0,0,0,0,7985,4829,7400,4698,1279,435,1835,1976,4545,15510,12531,8312,8879,144796,252377,499087,0,0,0
0,0,0,0,0,0,0,0,0,0,0,0,7718,12602,13858,19316,3547,36,3,0,0,0,0,0,8147,4975,7595,4546,1231,412,1929,1942,4603,15885,12564,8332,9114,148314,256834,490104,0,0,0
0,0,0,0,0,0,0,0,0,0,0,0,7704,12898,14337,19355,3528,24,1,0,0,0,0,0,8299,5157,7824,4522,1190,408,2006,2010,4758,16017,12527,8375,9152,152400,259849,481266,0,0,0
0,0,0,0,0,0,0,0,0,0,0,0,7811,12920,14273,19082,3439,31,1,0,0,0,0,0,8412,5020,7669,4369,1177,389,1908,1920,4659,16046,12747,7987,8898,154815,265572,474460,2,0,0
0,0,0,0,0,0,0,0,0,0,0,0,7689,12829,14214,18129,3304,16,2,0,0,0,0,0,8592,4897,7596,4045,1069,349,1820,2024,4781,15726,12013,7802,8615,158126,272690,467278,1,0,0
0,0,0,0,0,0,0,0,0,0,0,0,7943,13211,14462,18453,3289,21,1,0,0,0,0,0,8536,4932,7566,4082,1096,367,1980,2017,4974,16389,11870,7630,8615,163097,275952,457124,0,0,0
0,0,0,0,0,0,0,0,0,0,0,0,8229,13672,15010,18785,3148,11,0,0,0,0,0,0,8691,5120,7675,4102,1107,325,2088,2027,5221,16643,11856,8105,9253,167770,278054,446715,0,0,0
0,0,0,0,0,0,0,0,0,0,0,0,8101,13881,15241,18165,3119,14,1,0,0,0,0,0,8859,5025,7882,3938,1002,352,1991,2049,5235,16688,11715,7773,9073,171368,281964,440171,0,0,0
0,0,0,0,0,0,0,0,0,0,0,0,8331,14039,15570,18246,3087,7,1,0,0,0,0,0,8842,5120,7757,3709,986,306,2106,1987,5271,16932,11764,7516,8997,176119,284193,432720,1,0,0
0,0,0,0,0,0,0,0,0,0,0,0,8443,14207,16111,18548,3086,10,1,0,0,0,0,0,9409,5179,8014,3744,995,300,2173,1949,5516,17508,11514,7401,9525,181405,287471,421098,0,0,0
0,0,0,0,0,0,0,0,0,0,0,0,8465,14187,16413,18066,3140,12,1,0,0,0,0,0,9114,5284,8053,3628,889,285,2053,2149,5504,17703,11515,6964,9408,185025,292802,412947,0,0,0
0,0,0,0,0,0,0,0,0,0,0,0,8689,14626,16928,18846,3091,9,0,0,0,0,0,0,9874,5510,8142,3713,942,293,2248,2137,5657,18448,11827,7242,9560,191183,294642,400000,0,0,0
0,0,0,0,0,0,0,0,0,0,0,0,8514,14332,16918,17534,2931,8,0,0,0,0,0,0,9689,5467,8080,3438,853,287,2077,2152,5500,17834,11441,6822,9014,195239,301408,394069,0,0,0
0,0,1,0,0,0,0,0,0,0,0,0,8721,14876,17521,17951,2915,5,0,0,0,0,0,0,9841,5439,8023,3571,876,267,2250,2154,5747,18386,11272,6718,9611,200767,304394,382301,0,0,0
0,0,0,0,0,0,0,0,0,0,0,0,8561,14818,17615,17248,2851,5,1,0,0,0,0,0,9861,5451,8237,3424,853,278,2113,2211,5596,17950,10790,6384,9334,204771,309105,376150,0,0,0
0,0,0,0,0,0,0,0,0,0,0,0,8776,15113,17960,17490,2892,5,0,0,0,0,0,0,9961,5529,8202,3228,841,245,2195,2187,5825,18635,10615,6316,9616,210951,311572,365453,0,0,0
0,0,0,0,0,0,0,0,0,0,0,0,8725,14990,18060,17140,2852,5,0,0,0,0,0,0,10114,5304,8084,3112,761,282,2156,2016,5583,18074,10204,6069,9450,216821,316736,357069,0,0,0
0,0,0,0,0,0,0,0,0,0,0,0,9005,15788,18790,17593,2854,3,1,0,0,0,0,0,10169,5448,8148,3172,767,266,2275,1997,6094,19342,10457,6281,9884,223614,317795,343864,0,0,0
0,0,0,0,0,0,0,0,0,0,0,0,8888,15213,18566,16480,2936,2,0,0,0,0,0,0,10152,5297,8227,2986,753,245,2123,2071,5657,18642,9839,5706,9271,230105,325070,335378,0,0,0
0,0,0,0,0,0,0,0,0,0,0,0,9006,15716,19069,16421,2924,3,0,0,0,0,0,0,10203,5325,8188,2979,668,239,2238,2162,5753,18791,9276,5929,9232,237723,328175,323587,0,0,0
0,0,0,0,0,0,0,0,0,0,0,0,9407,15733,19453,16611,3024,2,0,0,0,0,0,0,10421,5493,8330,2906,670,282,2229,2448,6150,19577,9319,5923,9486,244164,332084,309895,0,0,0
0,0,0,0,0,0,0,0,0,0,0,0,9589,16085,20004,16752,2967,0,0,0,0,0,0,0,11048,5601,8589,3018,686,301,2374,2417,6382,20512,9686,6497,9986,251272,333188,296653,0,0,0
0,0,0,0,0,0,0,0,0,0,0,0,9914,16508,20926,17364,3006,1,0,0,0,0,0,0,11453,5943,8839,3160,721,289,2647,2523,6771,21781,10037,6781,10588,258487,332784,283084,0,0,0
0,0,0,0,0,0,0,0,0,0,0,0,9872,16338,20847,16618,3015,1,0,0,0,0,0,0,11387,5796,8811,2936,698,267,2325,2307,6833,21164,9412,6509,10328,265425,336755,275963,0,0,0
0,0,0,0,0,0,0,0,0,0,0,0,9896,16679,20984,16432,3013,1,0,0,0,0,0,0,11560,5665,8772,2938,602,237,2371,2101,6699,20878,8706,5834,9996,273658,339132,267453,0,0,0
0,0,0,0,0,0,0,0,0,0,0,0,9940,16590,21377,16221,2955,0,0,0,0,0,0,0,11579,5840,8599,2860,640,251,2516,2141,6655,20863,8605,5557,10038,280439,342683,257258,0,0,0
0,0,0,0,0,0,0,0,0,0,0,0,9684,16624,21500,15779,3048,1,0,0,0,0,0,0,11392,5665,8602,2764,613,246,2434,2230,6585,20708,7918,5296,9743,287766,348727,246282,0,0,0
0,0,0,0,0,0,0,0,0,0,0,0,9926,16615,21598,15544,3114,3,0,0,0,0,0,0,11254,5465,8354,2840,547,263,2313,2275,6478,20428,7316,5120,9622,296291,352811,235430,0,0,0
0,0,0,0,0,0,0,0,0,0,0,0,10512,17328,22978,16334,3181,0,0,0,0,0,0,0,11678,5800,8547,2863,571,282,2599,2215,6829,22365,7701,5292,10407,304500,350682,220943,0,0,0
0,0,0,0,0,0,0,0,0,0,0,0,10700,17516,23320,16389,3188,0,0,0,0,0,0,0,12426,6039,9225,2961,613,256,2701,2192,7035,23096,7867,5337,10850,313921,349782,208193,0,0,0
0,0,0,0,0,0,0,0,0,0,0,0,10540,17467,23756,16141,3220,1,0,0,0,0,0,0,12630,5827,9232,2847,539,286,2522,2207,7174,23157,7603,5304,10675,321604,352689,198186,0,0,0
0,0,0,0,0,0,0,0,0,0,0,0,10528,17613,23511,15706,3337,0,0,0,0,0,0,0,12553,5722,8755,2783,567,279,2381,2235,7067,22688,6927,4990,10194,330023,357454,188294,0,0,0
0,0,0,0,0,0,0,0,0,0,0,0,10723,17978,24292,16077,3334,0,0,0,0,0,0,0,12447,5793,9040,2867,547,269,2566,2165,7255,23402,6554,5153,10599,337703,357811,177032,0,0,0
0,0,0,0,0,0,0,0,0,0,0,0,16885,38982,46456,47334,7293,0,0,0,0,0,0,0,26563,16122,20241,7293,1899,647,11241,2888,27782,89347,30343,16788,32686,342868,182798,67151,0,0,0
